-- MySQL dump 10.13  Distrib 5.5.55, for debian-linux-gnu (x86_64)
--
-- Host: localhost    Database: 
-- ------------------------------------------------------
-- Server version	5.5.55-0ubuntu0.14.04.1

/*!40101 SET @OLD_CHARACTER_SET_CLIENT=@@CHARACTER_SET_CLIENT */;
/*!40101 SET @OLD_CHARACTER_SET_RESULTS=@@CHARACTER_SET_RESULTS */;
/*!40101 SET @OLD_COLLATION_CONNECTION=@@COLLATION_CONNECTION */;
/*!40101 SET NAMES utf8 */;
/*!40103 SET @OLD_TIME_ZONE=@@TIME_ZONE */;
/*!40103 SET TIME_ZONE='+00:00' */;
/*!40014 SET @OLD_UNIQUE_CHECKS=@@UNIQUE_CHECKS, UNIQUE_CHECKS=0 */;
/*!40014 SET @OLD_FOREIGN_KEY_CHECKS=@@FOREIGN_KEY_CHECKS, FOREIGN_KEY_CHECKS=0 */;
/*!40101 SET @OLD_SQL_MODE=@@SQL_MODE, SQL_MODE='NO_AUTO_VALUE_ON_ZERO' */;
/*!40111 SET @OLD_SQL_NOTES=@@SQL_NOTES, SQL_NOTES=0 */;

--
-- Current Database: `concon`
--

CREATE DATABASE /*!32312 IF NOT EXISTS*/ `concon` /*!40100 DEFAULT CHARACTER SET latin1 */;

USE `concon`;

--
-- Table structure for table `auth_group`
--

DROP TABLE IF EXISTS `auth_group`;
/*!40101 SET @saved_cs_client     = @@character_set_client */;
/*!40101 SET character_set_client = utf8 */;
CREATE TABLE `auth_group` (
  `id` int(11) NOT NULL AUTO_INCREMENT,
  `name` varchar(80) NOT NULL,
  PRIMARY KEY (`id`),
  UNIQUE KEY `name` (`name`)
) ENGINE=InnoDB DEFAULT CHARSET=latin1;
/*!40101 SET character_set_client = @saved_cs_client */;

--
-- Dumping data for table `auth_group`
--

LOCK TABLES `auth_group` WRITE;
/*!40000 ALTER TABLE `auth_group` DISABLE KEYS */;
/*!40000 ALTER TABLE `auth_group` ENABLE KEYS */;
UNLOCK TABLES;

--
-- Table structure for table `auth_group_permissions`
--

DROP TABLE IF EXISTS `auth_group_permissions`;
/*!40101 SET @saved_cs_client     = @@character_set_client */;
/*!40101 SET character_set_client = utf8 */;
CREATE TABLE `auth_group_permissions` (
  `id` int(11) NOT NULL AUTO_INCREMENT,
  `group_id` int(11) NOT NULL,
  `permission_id` int(11) NOT NULL,
  PRIMARY KEY (`id`),
  UNIQUE KEY `auth_group_permissions_group_id_permission_id_0cd325b0_uniq` (`group_id`,`permission_id`),
  KEY `auth_group_permissio_permission_id_84c5c92e_fk_auth_perm` (`permission_id`),
  CONSTRAINT `auth_group_permissions_group_id_b120cbf9_fk_auth_group_id` FOREIGN KEY (`group_id`) REFERENCES `auth_group` (`id`),
  CONSTRAINT `auth_group_permissio_permission_id_84c5c92e_fk_auth_perm` FOREIGN KEY (`permission_id`) REFERENCES `auth_permission` (`id`)
) ENGINE=InnoDB DEFAULT CHARSET=latin1;
/*!40101 SET character_set_client = @saved_cs_client */;

--
-- Dumping data for table `auth_group_permissions`
--

LOCK TABLES `auth_group_permissions` WRITE;
/*!40000 ALTER TABLE `auth_group_permissions` DISABLE KEYS */;
/*!40000 ALTER TABLE `auth_group_permissions` ENABLE KEYS */;
UNLOCK TABLES;

--
-- Table structure for table `auth_permission`
--

DROP TABLE IF EXISTS `auth_permission`;
/*!40101 SET @saved_cs_client     = @@character_set_client */;
/*!40101 SET character_set_client = utf8 */;
CREATE TABLE `auth_permission` (
  `id` int(11) NOT NULL AUTO_INCREMENT,
  `name` varchar(255) NOT NULL,
  `content_type_id` int(11) NOT NULL,
  `codename` varchar(100) NOT NULL,
  PRIMARY KEY (`id`),
  UNIQUE KEY `auth_permission_content_type_id_codename_01ab375a_uniq` (`content_type_id`,`codename`),
  CONSTRAINT `auth_permission_content_type_id_2f476e4b_fk_django_co` FOREIGN KEY (`content_type_id`) REFERENCES `django_content_type` (`id`)
) ENGINE=InnoDB AUTO_INCREMENT=67 DEFAULT CHARSET=latin1;
/*!40101 SET character_set_client = @saved_cs_client */;

--
-- Dumping data for table `auth_permission`
--

LOCK TABLES `auth_permission` WRITE;
/*!40000 ALTER TABLE `auth_permission` DISABLE KEYS */;
INSERT INTO `auth_permission` VALUES (1,'Can add log entry',1,'add_logentry'),(2,'Can change log entry',1,'change_logentry'),(3,'Can delete log entry',1,'delete_logentry'),(4,'Can add group',2,'add_group'),(5,'Can change group',2,'change_group'),(6,'Can delete group',2,'delete_group'),(7,'Can add permission',3,'add_permission'),(8,'Can change permission',3,'change_permission'),(9,'Can delete permission',3,'delete_permission'),(10,'Can add user',4,'add_user'),(11,'Can change user',4,'change_user'),(12,'Can delete user',4,'delete_user'),(13,'Can add content type',5,'add_contenttype'),(14,'Can change content type',5,'change_contenttype'),(15,'Can delete content type',5,'delete_contenttype'),(16,'Can add session',6,'add_session'),(17,'Can change session',6,'change_session'),(18,'Can delete session',6,'delete_session'),(19,'Can add auth group',7,'add_authgroup'),(20,'Can change auth group',7,'change_authgroup'),(21,'Can delete auth group',7,'delete_authgroup'),(22,'Can add auth group permissions',8,'add_authgrouppermissions'),(23,'Can change auth group permissions',8,'change_authgrouppermissions'),(24,'Can delete auth group permissions',8,'delete_authgrouppermissions'),(25,'Can add auth permission',9,'add_authpermission'),(26,'Can change auth permission',9,'change_authpermission'),(27,'Can delete auth permission',9,'delete_authpermission'),(28,'Can add auth user',10,'add_authuser'),(29,'Can change auth user',10,'change_authuser'),(30,'Can delete auth user',10,'delete_authuser'),(31,'Can add auth user groups',11,'add_authusergroups'),(32,'Can change auth user groups',11,'change_authusergroups'),(33,'Can delete auth user groups',11,'delete_authusergroups'),(34,'Can add auth user user permissions',12,'add_authuseruserpermissions'),(35,'Can change auth user user permissions',12,'change_authuseruserpermissions'),(36,'Can delete auth user user permissions',12,'delete_authuseruserpermissions'),(37,'Can add clauses',13,'add_clauses'),(38,'Can change clauses',13,'change_clauses'),(39,'Can delete clauses',13,'delete_clauses'),(40,'Can add conflicts',14,'add_conflicts'),(41,'Can change conflicts',14,'change_conflicts'),(42,'Can delete conflicts',14,'delete_conflicts'),(43,'Can add contracts',15,'add_contracts'),(44,'Can change contracts',15,'change_contracts'),(45,'Can delete contracts',15,'delete_contracts'),(46,'Can add django admin log',16,'add_djangoadminlog'),(47,'Can change django admin log',16,'change_djangoadminlog'),(48,'Can delete django admin log',16,'delete_djangoadminlog'),(49,'Can add django content type',17,'add_djangocontenttype'),(50,'Can change django content type',17,'change_djangocontenttype'),(51,'Can delete django content type',17,'delete_djangocontenttype'),(52,'Can add django migrations',18,'add_djangomigrations'),(53,'Can change django migrations',18,'change_djangomigrations'),(54,'Can delete django migrations',18,'delete_djangomigrations'),(55,'Can add django session',19,'add_djangosession'),(56,'Can change django session',19,'change_djangosession'),(57,'Can delete django session',19,'delete_djangosession'),(58,'Can add modal corrections',20,'add_modalcorrections'),(59,'Can change modal corrections',20,'change_modalcorrections'),(60,'Can delete modal corrections',20,'delete_modalcorrections'),(61,'Can add modality',21,'add_modality'),(62,'Can change modality',21,'change_modality'),(63,'Can delete modality',21,'delete_modality'),(64,'Can add site',22,'add_site'),(65,'Can change site',22,'change_site'),(66,'Can delete site',22,'delete_site');
/*!40000 ALTER TABLE `auth_permission` ENABLE KEYS */;
UNLOCK TABLES;

--
-- Table structure for table `auth_user`
--

DROP TABLE IF EXISTS `auth_user`;
/*!40101 SET @saved_cs_client     = @@character_set_client */;
/*!40101 SET character_set_client = utf8 */;
CREATE TABLE `auth_user` (
  `id` int(11) NOT NULL AUTO_INCREMENT,
  `password` varchar(128) NOT NULL,
  `last_login` datetime DEFAULT NULL,
  `is_superuser` tinyint(1) NOT NULL,
  `username` varchar(150) NOT NULL,
  `first_name` varchar(30) NOT NULL,
  `last_name` varchar(30) NOT NULL,
  `email` varchar(254) NOT NULL,
  `is_staff` tinyint(1) NOT NULL,
  `is_active` tinyint(1) NOT NULL,
  `date_joined` datetime NOT NULL,
  PRIMARY KEY (`id`),
  UNIQUE KEY `username` (`username`)
) ENGINE=InnoDB AUTO_INCREMENT=15 DEFAULT CHARSET=latin1;
/*!40101 SET character_set_client = @saved_cs_client */;

--
-- Dumping data for table `auth_user`
--

LOCK TABLES `auth_user` WRITE;
/*!40000 ALTER TABLE `auth_user` DISABLE KEYS */;
INSERT INTO `auth_user` VALUES (1,'pbkdf2_sha256$36000$836Gq6CDdwDT$FSB1SfXaWaEo+pUTq8zvJYL+8uExYsn68HL46zSEvac=','2017-05-04 18:48:49',1,'aires','','','jpaulo.aires@gmail.com',1,1,'2017-04-20 19:29:04'),(2,'pbkdf2_sha256$36000$KbM9FiVBOGGq$P8m0XLsjZff1VFoobMlxjidrMQc80Sz3mhVa1crv1DA=','2017-05-04 18:48:29',0,'joao','João','','joao.aires.001@acad.pucrs.br',0,1,'2017-04-24 21:50:07'),(3,'pbkdf2_sha256$36000$T5dcufYz5xqB$LSztZwDdaNeNBaZq1A2wJXsxtjdd6i4SHNztTcTxGSo=','2017-05-01 02:21:37',0,'meneguzzi','Felipe','','felipe.meneguzzi@gmail.com',0,1,'2017-04-29 03:40:49'),(4,'pbkdf2_sha256$36000$gJASZcZkFGZn$B9U4P7jJpK9N2ZKgNK2ExBjFuhNE/OXORwJhv/oOMxw=',NULL,0,'drmeneguzzi','Felipe','','felipe.meneguzzi@gmail.com',0,1,'2017-04-29 03:45:31'),(5,'pbkdf2_sha256$36000$jRVDLZhkJxE2$zjSizn7Zr/yIOS5AowxM/fKFa+Zaov+pu1waT0yeXco=','2017-04-29 03:56:47',0,'newUser','New User','','new_user@gmail.com',0,1,'2017-04-29 03:56:46'),(6,'pbkdf2_sha256$36000$saEUlnR3eHrg$eCpRERviTpTNRWe0Le7zLYViCe+VspwKYYJHk3FTkh4=','2017-04-29 20:18:41',0,'diegobengagiganteimortaledesejadoportodasasmulheres','Diego','','jose.diego@gmail.com',0,1,'2017-04-29 20:18:40'),(7,'pbkdf2_sha256$36000$fiNGzuFSyGn3$qkjGMUasHmAwrykD/1hJGOqLJvb8SHpVw/Gkh/8jO5Y=','2017-05-02 13:02:56',0,'guilhermekrz','Guilherme','','guilhermekrz@gmail.com',0,1,'2017-05-02 13:02:55'),(8,'pbkdf2_sha256$36000$rf8jutkWOmZk$zpUlmvuRn3bg52pkAEImhf/5DYHiPryT3dcTnEs3KF8=','2017-05-02 13:04:45',0,'rogergranada','Roger','','roger.leitzke@gmail.com',0,1,'2017-05-02 13:04:44'),(9,'pbkdf2_sha256$36000$RNZ3wVE0UDDk$VH6Wso/39HQod/rk8D5Ep4BvGMPGFmiWuumALjka1a0=','2017-05-02 13:05:53',0,'juarezmonteiro','Juarez','','jrzmonteiro@gmail.com',0,1,'2017-05-02 13:05:53'),(10,'pbkdf2_sha256$36000$zksRpWS5hspJ$ikn1HONq45/XJLQsPGMV6nVJEC1hBkZSP3BLHfbifMs=','2017-05-02 14:42:30',0,'lamado','Leonardo Rosa Amado','','leonardo.amado@acad.pucrs.br',0,1,'2017-05-02 14:35:22'),(11,'pbkdf2_sha256$36000$MiWgth8f4m2b$vAoWKpqGXCJgmSppjxpakl8N8sW7VLn87H0YCe4BmNc=','2017-05-03 18:25:08',0,'rcbarros','Rodrigo','','rcbarros@gmail.com',0,1,'2017-05-03 18:25:08'),(12,'pbkdf2_sha256$36000$zvZ8lgJ0EPMg$4O7o9bKqKma7zm7Z4w4OrqzflvaDXjQt210s/sEhJCQ=','2017-05-04 00:53:53',0,'dani','Daniele','','daniele.apin@gmail.com',0,1,'2017-05-04 00:53:53'),(13,'pbkdf2_sha256$36000$S0XQ819SdTnC$ch5nYBWEPLsRa2G2spCPrNyIQRDMArngL1nOnhpoxg4=','2017-05-05 17:42:03',0,'christian','christian','','christian.quevedo@pucrs.br',0,1,'2017-05-05 17:42:03'),(14,'pbkdf2_sha256$36000$iaIvdNpnESkB$JSx+F9Gqb6rwmxYn55CSrh8jK1nCYOFGfsexGf+/B50=','2017-05-05 17:48:40',0,'felipenunes10','Felipe','','felipe.boff@acad.pucrs.br',0,1,'2017-05-05 17:48:22');
/*!40000 ALTER TABLE `auth_user` ENABLE KEYS */;
UNLOCK TABLES;

--
-- Table structure for table `auth_user_groups`
--

DROP TABLE IF EXISTS `auth_user_groups`;
/*!40101 SET @saved_cs_client     = @@character_set_client */;
/*!40101 SET character_set_client = utf8 */;
CREATE TABLE `auth_user_groups` (
  `id` int(11) NOT NULL AUTO_INCREMENT,
  `user_id` int(11) NOT NULL,
  `group_id` int(11) NOT NULL,
  PRIMARY KEY (`id`),
  UNIQUE KEY `auth_user_groups_user_id_group_id_94350c0c_uniq` (`user_id`,`group_id`),
  KEY `auth_user_groups_group_id_97559544_fk_auth_group_id` (`group_id`),
  CONSTRAINT `auth_user_groups_group_id_97559544_fk_auth_group_id` FOREIGN KEY (`group_id`) REFERENCES `auth_group` (`id`),
  CONSTRAINT `auth_user_groups_user_id_6a12ed8b_fk_auth_user_id` FOREIGN KEY (`user_id`) REFERENCES `auth_user` (`id`)
) ENGINE=InnoDB DEFAULT CHARSET=latin1;
/*!40101 SET character_set_client = @saved_cs_client */;

--
-- Dumping data for table `auth_user_groups`
--

LOCK TABLES `auth_user_groups` WRITE;
/*!40000 ALTER TABLE `auth_user_groups` DISABLE KEYS */;
/*!40000 ALTER TABLE `auth_user_groups` ENABLE KEYS */;
UNLOCK TABLES;

--
-- Table structure for table `auth_user_user_permissions`
--

DROP TABLE IF EXISTS `auth_user_user_permissions`;
/*!40101 SET @saved_cs_client     = @@character_set_client */;
/*!40101 SET character_set_client = utf8 */;
CREATE TABLE `auth_user_user_permissions` (
  `id` int(11) NOT NULL AUTO_INCREMENT,
  `user_id` int(11) NOT NULL,
  `permission_id` int(11) NOT NULL,
  PRIMARY KEY (`id`),
  UNIQUE KEY `auth_user_user_permissions_user_id_permission_id_14a6b632_uniq` (`user_id`,`permission_id`),
  KEY `auth_user_user_permi_permission_id_1fbb5f2c_fk_auth_perm` (`permission_id`),
  CONSTRAINT `auth_user_user_permissions_user_id_a95ead1b_fk_auth_user_id` FOREIGN KEY (`user_id`) REFERENCES `auth_user` (`id`),
  CONSTRAINT `auth_user_user_permi_permission_id_1fbb5f2c_fk_auth_perm` FOREIGN KEY (`permission_id`) REFERENCES `auth_permission` (`id`)
) ENGINE=InnoDB DEFAULT CHARSET=latin1;
/*!40101 SET character_set_client = @saved_cs_client */;

--
-- Dumping data for table `auth_user_user_permissions`
--

LOCK TABLES `auth_user_user_permissions` WRITE;
/*!40000 ALTER TABLE `auth_user_user_permissions` DISABLE KEYS */;
/*!40000 ALTER TABLE `auth_user_user_permissions` ENABLE KEYS */;
UNLOCK TABLES;

--
-- Table structure for table `clauses`
--

DROP TABLE IF EXISTS `clauses`;
/*!40101 SET @saved_cs_client     = @@character_set_client */;
/*!40101 SET character_set_client = utf8 */;
CREATE TABLE `clauses` (
  `clause_id` int(6) NOT NULL AUTO_INCREMENT,
  `con_id` int(6) NOT NULL,
  `clause_range` varchar(90) DEFAULT NULL,
  `modal_id` smallint(3) DEFAULT NULL,
  `reg_date` timestamp NOT NULL DEFAULT CURRENT_TIMESTAMP,
  PRIMARY KEY (`clause_id`),
  KEY `con_id` (`con_id`),
  KEY `modal_id` (`modal_id`),
  CONSTRAINT `clauses_ibfk_1` FOREIGN KEY (`con_id`) REFERENCES `contracts` (`con_id`),
  CONSTRAINT `clauses_ibfk_2` FOREIGN KEY (`modal_id`) REFERENCES `modality` (`modal_id`)
) ENGINE=InnoDB AUTO_INCREMENT=16008 DEFAULT CHARSET=utf8;
/*!40101 SET character_set_client = @saved_cs_client */;

--
-- Dumping data for table `clauses`
--

LOCK TABLES `clauses` WRITE;
/*!40000 ALTER TABLE `clauses` DISABLE KEYS */;
INSERT INTO `clauses` VALUES (6974,59,'(0, 307)',NULL,'2017-04-29 06:54:30'),(6975,59,'(308, 377)',NULL,'2017-04-29 06:54:30'),(6976,59,'(378, 387)',NULL,'2017-04-29 06:54:30'),(6977,59,'(388, 771)',NULL,'2017-04-29 06:54:30'),(6978,59,'(772, 945)',NULL,'2017-04-29 06:54:30'),(6979,59,'(946, 1057)',NULL,'2017-04-29 06:54:30'),(6980,59,'(1058, 1238)',NULL,'2017-04-29 06:54:30'),(6981,59,'(1239, 1392)',NULL,'2017-04-29 06:54:30'),(6982,59,'(1393, 1447)',NULL,'2017-04-29 06:54:30'),(6983,59,'(1448, 1544)',NULL,'2017-04-29 06:54:30'),(6984,59,'(1437, 1447)',NULL,'2017-04-29 06:54:30'),(6985,59,'(1556, 1749)',NULL,'2017-04-29 06:54:30'),(6986,59,'(1750, 1832)',NULL,'2017-04-29 06:54:30'),(6987,59,'(1833, 1922)',NULL,'2017-04-29 06:54:30'),(6988,59,'(1923, 2027)',NULL,'2017-04-29 06:54:30'),(6989,59,'(2028, 2107)',NULL,'2017-04-29 06:54:30'),(6990,59,'(2108, 2360)',NULL,'2017-04-29 06:54:30'),(6991,59,'(2361, 2462)',NULL,'2017-04-29 06:54:30'),(6992,59,'(2463, 2574)',NULL,'2017-04-29 06:54:30'),(6993,59,'(2575, 2585)',NULL,'2017-04-29 06:54:30'),(6994,59,'(2586, 2613)',NULL,'2017-04-29 06:54:30'),(6995,59,'(2614, 3047)',NULL,'2017-04-29 06:54:30'),(6996,59,'(3048, 3066)',NULL,'2017-04-29 06:54:30'),(6997,59,'(3067, 3462)',NULL,'2017-04-29 06:54:30'),(6998,59,'(3463, 3706)',NULL,'2017-04-29 06:54:30'),(6999,59,'(3707, 3717)',NULL,'2017-04-29 06:54:30'),(7000,59,'(3718, 3749)',NULL,'2017-04-29 06:54:30'),(7001,59,'(3750, 4254)',NULL,'2017-04-29 06:54:30'),(7002,59,'(4255, 4265)',NULL,'2017-04-29 06:54:30'),(7003,59,'(4266, 4289)',NULL,'2017-04-29 06:54:30'),(7004,59,'(4290, 4428)',NULL,'2017-04-29 06:54:30'),(7005,59,'(4429, 4439)',NULL,'2017-04-29 06:54:30'),(7006,59,'(4440, 4733)',NULL,'2017-04-29 06:54:30'),(7007,59,'(4734, 4744)',NULL,'2017-04-29 06:54:30'),(7008,59,'(4745, 4761)',NULL,'2017-04-29 06:54:30'),(7009,59,'(4762, 5022)',NULL,'2017-04-29 06:54:30'),(7010,59,'(5023, 5265)',NULL,'2017-04-29 06:54:30'),(7011,59,'(5266, 5323)',NULL,'2017-04-29 06:54:30'),(7012,59,'(5324, 5460)',NULL,'2017-04-29 06:54:30'),(7013,59,'(5461, 5646)',NULL,'2017-04-29 06:54:30'),(7014,59,'(5570, 5584)',NULL,'2017-04-29 06:54:30'),(8154,73,'(0, 451)',NULL,'2017-04-30 18:09:56'),(8155,73,'(452, 1375)',NULL,'2017-04-30 18:09:56'),(8156,73,'(1376, 1505)',NULL,'2017-04-30 18:09:56'),(8157,73,'(1506, 1745)',NULL,'2017-04-30 18:09:56'),(8158,73,'(1746, 1944)',NULL,'2017-04-30 18:09:56'),(8159,73,'(1945, 2048)',NULL,'2017-04-30 18:09:56'),(8160,73,'(2049, 2402)',NULL,'2017-04-30 18:09:56'),(8161,73,'(2403, 2685)',NULL,'2017-04-30 18:09:56'),(8162,73,'(2686, 2985)',NULL,'2017-04-30 18:09:56'),(8163,73,'(2986, 3090)',NULL,'2017-04-30 18:09:56'),(8164,73,'(3091, 3269)',NULL,'2017-04-30 18:09:56'),(8165,73,'(3270, 3414)',NULL,'2017-04-30 18:09:56'),(8166,73,'(3415, 3643)',NULL,'2017-04-30 18:09:56'),(8167,73,'(3644, 3786)',NULL,'2017-04-30 18:09:56'),(8168,73,'(3787, 3930)',NULL,'2017-04-30 18:09:56'),(8169,73,'(3931, 4444)',NULL,'2017-04-30 18:09:56'),(8170,73,'(4445, 4679)',NULL,'2017-04-30 18:09:56'),(8171,73,'(4680, 4824)',NULL,'2017-04-30 18:09:56'),(8172,73,'(4825, 5026)',NULL,'2017-04-30 18:09:56'),(8173,73,'(5027, 5212)',NULL,'2017-04-30 18:09:56'),(8174,73,'(5213, 5371)',NULL,'2017-04-30 18:09:56'),(8175,73,'(5372, 5598)',NULL,'2017-04-30 18:09:56'),(8176,73,'(5599, 5818)',NULL,'2017-04-30 18:09:56'),(8177,73,'(5819, 6065)',NULL,'2017-04-30 18:09:56'),(8178,73,'(6066, 6241)',NULL,'2017-04-30 18:09:56'),(8179,73,'(6242, 6449)',NULL,'2017-04-30 18:09:56'),(8180,73,'(6450, 6710)',NULL,'2017-04-30 18:09:56'),(8181,73,'(6711, 6929)',NULL,'2017-04-30 18:09:56'),(8182,73,'(6930, 7007)',NULL,'2017-04-30 18:09:56'),(8183,73,'(7008, 7359)',NULL,'2017-04-30 18:09:56'),(8184,73,'(7360, 7546)',NULL,'2017-04-30 18:09:56'),(8185,73,'(7547, 7752)',NULL,'2017-04-30 18:09:56'),(8186,73,'(7753, 7755)',NULL,'2017-04-30 18:09:56'),(8187,73,'(7756, 7788)',NULL,'2017-04-30 18:09:56'),(8188,73,'(7789, 7985)',NULL,'2017-04-30 18:09:56'),(8189,73,'(7986, 8248)',NULL,'2017-04-30 18:09:56'),(8190,73,'(8249, 8622)',NULL,'2017-04-30 18:09:56'),(8191,73,'(8623, 8784)',NULL,'2017-04-30 18:09:56'),(8192,73,'(8785, 9011)',NULL,'2017-04-30 18:09:56'),(8193,73,'(9012, 9174)',NULL,'2017-04-30 18:09:56'),(8194,73,'(9175, 9406)',NULL,'2017-04-30 18:09:56'),(8195,73,'(9407, 9919)',NULL,'2017-04-30 18:09:56'),(8196,73,'(9920, 9948)',NULL,'2017-04-30 18:09:56'),(8197,73,'(9949, 10635)',NULL,'2017-04-30 18:09:56'),(8198,73,'(10636, 10752)',NULL,'2017-04-30 18:09:56'),(8199,73,'(10753, 10852)',NULL,'2017-04-30 18:09:56'),(8200,73,'(10853, 11024)',NULL,'2017-04-30 18:09:56'),(8201,73,'(11025, 11273)',NULL,'2017-04-30 18:09:56'),(8202,73,'(11274, 11448)',NULL,'2017-04-30 18:09:56'),(8203,73,'(7005, 7007)',NULL,'2017-04-30 18:09:56'),(8204,73,'(11452, 11986)',NULL,'2017-04-30 18:09:56'),(8205,73,'(11987, 12244)',NULL,'2017-04-30 18:09:56'),(8206,73,'(12245, 12725)',NULL,'2017-04-30 18:09:56'),(8207,73,'(12726, 12915)',NULL,'2017-04-30 18:09:56'),(8208,73,'(12916, 13078)',NULL,'2017-04-30 18:09:56'),(8209,73,'(13079, 13241)',NULL,'2017-04-30 18:09:56'),(8210,73,'(13242, 13622)',NULL,'2017-04-30 18:09:56'),(8211,73,'(13623, 14224)',NULL,'2017-04-30 18:09:56'),(8212,73,'(14225, 14366)',NULL,'2017-04-30 18:09:56'),(8213,73,'(10753, 10852)',NULL,'2017-04-30 18:09:56'),(8214,73,'(14467, 14627)',NULL,'2017-04-30 18:09:56'),(8215,73,'(14628, 14764)',NULL,'2017-04-30 18:09:56'),(8216,73,'(14765, 14843)',NULL,'2017-04-30 18:09:56'),(8217,73,'(14844, 15038)',NULL,'2017-04-30 18:09:56'),(8218,73,'(15039, 15114)',NULL,'2017-04-30 18:09:56'),(8219,73,'(15115, 15445)',NULL,'2017-04-30 18:09:56'),(8220,73,'(15446, 15716)',NULL,'2017-04-30 18:09:56'),(8221,73,'(15717, 15875)',NULL,'2017-04-30 18:09:56'),(8222,73,'(15876, 16352)',NULL,'2017-04-30 18:09:56'),(8223,73,'(16353, 16481)',NULL,'2017-04-30 18:09:56'),(8224,73,'(16482, 16770)',NULL,'2017-04-30 18:09:56'),(8225,73,'(16771, 17516)',NULL,'2017-04-30 18:09:56'),(8226,73,'(17517, 17844)',NULL,'2017-04-30 18:09:56'),(8227,73,'(17845, 18055)',NULL,'2017-04-30 18:09:56'),(8228,73,'(18056, 18291)',NULL,'2017-04-30 18:09:56'),(8229,73,'(18292, 18504)',NULL,'2017-04-30 18:09:56'),(8230,73,'(18505, 18673)',NULL,'2017-04-30 18:09:56'),(8231,73,'(18674, 18773)',NULL,'2017-04-30 18:09:56'),(8232,73,'(18774, 18792)',NULL,'2017-04-30 18:09:56'),(8233,73,'(7005, 7007)',NULL,'2017-04-30 18:09:56'),(8234,73,'(18796, 18809)',NULL,'2017-04-30 18:09:56'),(8235,73,'(18810, 18864)',NULL,'2017-04-30 18:09:56'),(8236,73,'(18865, 18919)',NULL,'2017-04-30 18:09:56'),(8237,73,'(18920, 18942)',NULL,'2017-04-30 18:09:56'),(8238,73,'(18943, 19073)',NULL,'2017-04-30 18:09:56'),(8239,73,'(19074, 19269)',NULL,'2017-04-30 18:09:56'),(8240,73,'(19270, 19493)',NULL,'2017-04-30 18:09:56'),(8241,73,'(19494, 19868)',NULL,'2017-04-30 18:09:56'),(8242,73,'(19869, 20151)',NULL,'2017-04-30 18:09:56'),(8243,73,'(20152, 20277)',NULL,'2017-04-30 18:09:56'),(8244,73,'(20278, 20466)',NULL,'2017-04-30 18:09:56'),(8245,73,'(20467, 20551)',NULL,'2017-04-30 18:09:56'),(8246,73,'(20552, 20768)',NULL,'2017-04-30 18:09:56'),(8247,73,'(20769, 21135)',NULL,'2017-04-30 18:09:56'),(8248,73,'(21136, 21423)',NULL,'2017-04-30 18:09:56'),(8249,73,'(21424, 21733)',NULL,'2017-04-30 18:09:56'),(8250,73,'(21734, 21881)',NULL,'2017-04-30 18:09:56'),(8251,73,'(21882, 22163)',NULL,'2017-04-30 18:09:56'),(8252,73,'(22164, 22467)',NULL,'2017-04-30 18:09:56'),(8253,73,'(22468, 22550)',NULL,'2017-04-30 18:09:56'),(8254,73,'(22551, 22883)',NULL,'2017-04-30 18:09:56'),(8255,73,'(22884, 23048)',NULL,'2017-04-30 18:09:56'),(8256,73,'(23049, 23210)',NULL,'2017-04-30 18:09:56'),(8257,73,'(23211, 23464)',NULL,'2017-04-30 18:09:56'),(8258,73,'(23465, 23515)',NULL,'2017-04-30 18:09:56'),(8259,73,'(23516, 23608)',NULL,'2017-04-30 18:09:56'),(8260,73,'(23609, 23681)',NULL,'2017-04-30 18:09:56'),(8261,73,'(23682, 23759)',NULL,'2017-04-30 18:09:56'),(8262,73,'(23760, 24095)',NULL,'2017-04-30 18:09:56'),(8263,73,'(24096, 24407)',NULL,'2017-04-30 18:09:56'),(8264,73,'(24408, 24642)',NULL,'2017-04-30 18:09:56'),(8265,73,'(24643, 24848)',NULL,'2017-04-30 18:09:56'),(8266,73,'(24849, 25121)',NULL,'2017-04-30 18:09:56'),(8267,73,'(25122, 25283)',NULL,'2017-04-30 18:09:56'),(8268,73,'(25284, 25594)',NULL,'2017-04-30 18:09:56'),(8269,73,'(25595, 25670)',NULL,'2017-04-30 18:09:56'),(8270,73,'(25671, 26045)',NULL,'2017-04-30 18:09:56'),(8271,73,'(26046, 26251)',NULL,'2017-04-30 18:09:56'),(8272,73,'(26252, 26427)',NULL,'2017-04-30 18:09:56'),(8273,73,'(26428, 26611)',NULL,'2017-04-30 18:09:56'),(8274,73,'(26612, 27025)',NULL,'2017-04-30 18:09:56'),(8275,73,'(27026, 27178)',NULL,'2017-04-30 18:09:56'),(8276,73,'(27179, 27496)',NULL,'2017-04-30 18:09:56'),(8277,73,'(27497, 27806)',NULL,'2017-04-30 18:09:56'),(8278,73,'(27807, 27969)',NULL,'2017-04-30 18:09:56'),(8279,73,'(27970, 28097)',NULL,'2017-04-30 18:09:56'),(8280,73,'(28098, 28244)',NULL,'2017-04-30 18:09:56'),(8281,73,'(20130, 20132)',NULL,'2017-04-30 18:09:56'),(8282,73,'(28248, 28442)',NULL,'2017-04-30 18:09:56'),(8283,73,'(28443, 28611)',NULL,'2017-04-30 18:09:56'),(8284,73,'(28612, 28802)',NULL,'2017-04-30 18:09:56'),(8285,73,'(28803, 28989)',NULL,'2017-04-30 18:09:56'),(8286,73,'(28990, 29519)',NULL,'2017-04-30 18:09:56'),(8287,73,'(29520, 29664)',NULL,'2017-04-30 18:09:56'),(8288,73,'(29665, 29832)',NULL,'2017-04-30 18:09:56'),(8289,73,'(29833, 30106)',NULL,'2017-04-30 18:09:56'),(8290,73,'(30107, 30265)',NULL,'2017-04-30 18:09:57'),(8291,73,'(30266, 30458)',NULL,'2017-04-30 18:09:57'),(8292,73,'(30459, 30564)',NULL,'2017-04-30 18:09:57'),(8293,73,'(30565, 30623)',NULL,'2017-04-30 18:09:57'),(8294,73,'(30624, 30953)',NULL,'2017-04-30 18:09:57'),(8295,73,'(30954, 31027)',NULL,'2017-04-30 18:09:57'),(8296,73,'(31028, 31402)',NULL,'2017-04-30 18:09:57'),(8297,73,'(31403, 31590)',NULL,'2017-04-30 18:09:57'),(8298,73,'(31591, 31868)',NULL,'2017-04-30 18:09:57'),(8299,73,'(31869, 32343)',NULL,'2017-04-30 18:09:57'),(8300,73,'(32344, 32600)',NULL,'2017-04-30 18:09:57'),(8301,73,'(32601, 33022)',NULL,'2017-04-30 18:09:57'),(8302,73,'(33023, 33192)',NULL,'2017-04-30 18:09:57'),(8303,73,'(33193, 33315)',NULL,'2017-04-30 18:09:57'),(8304,73,'(33316, 33427)',NULL,'2017-04-30 18:09:57'),(8305,73,'(33428, 33908)',NULL,'2017-04-30 18:09:57'),(8306,73,'(33909, 34946)',NULL,'2017-04-30 18:09:57'),(8307,73,'(34947, 34949)',NULL,'2017-04-30 18:09:57'),(8308,73,'(34950, 35265)',NULL,'2017-04-30 18:09:57'),(8309,73,'(35266, 35446)',NULL,'2017-04-30 18:09:57'),(8310,73,'(35447, 35609)',NULL,'2017-04-30 18:09:57'),(8311,73,'(35610, 35976)',NULL,'2017-04-30 18:09:57'),(8312,73,'(35977, 36273)',NULL,'2017-04-30 18:09:57'),(8313,73,'(36274, 37027)',NULL,'2017-04-30 18:09:57'),(8314,73,'(37028, 37506)',NULL,'2017-04-30 18:09:57'),(8315,73,'(37507, 37757)',NULL,'2017-04-30 18:09:57'),(8316,73,'(37758, 38014)',NULL,'2017-04-30 18:09:57'),(8317,73,'(38015, 38393)',NULL,'2017-04-30 18:09:57'),(8318,73,'(38394, 38700)',NULL,'2017-04-30 18:09:57'),(8319,73,'(38701, 38898)',NULL,'2017-04-30 18:09:57'),(8320,73,'(38899, 38954)',NULL,'2017-04-30 18:09:57'),(8321,73,'(38955, 39299)',NULL,'2017-04-30 18:09:57'),(8322,73,'(39300, 39668)',NULL,'2017-04-30 18:09:57'),(8323,73,'(39669, 40006)',NULL,'2017-04-30 18:09:57'),(8324,73,'(40007, 40336)',NULL,'2017-04-30 18:09:57'),(8325,73,'(40337, 41273)',NULL,'2017-04-30 18:09:57'),(8326,73,'(41274, 41276)',NULL,'2017-04-30 18:09:57'),(8327,73,'(41277, 41402)',NULL,'2017-04-30 18:09:57'),(8328,73,'(41403, 41715)',NULL,'2017-04-30 18:09:57'),(8329,73,'(41716, 42226)',NULL,'2017-04-30 18:09:57'),(8330,73,'(42227, 42350)',NULL,'2017-04-30 18:09:57'),(8331,73,'(42351, 42987)',NULL,'2017-04-30 18:09:57'),(8332,73,'(42988, 43321)',NULL,'2017-04-30 18:09:57'),(8333,73,'(43322, 43613)',NULL,'2017-04-30 18:09:57'),(8334,73,'(43614, 43972)',NULL,'2017-04-30 18:09:57'),(8335,73,'(43973, 44093)',NULL,'2017-04-30 18:09:57'),(8336,73,'(44094, 44237)',NULL,'2017-04-30 18:09:57'),(8337,73,'(44238, 44576)',NULL,'2017-04-30 18:09:57'),(8338,73,'(44577, 44579)',NULL,'2017-04-30 18:09:57'),(8339,73,'(44580, 44710)',NULL,'2017-04-30 18:09:57'),(8340,73,'(44711, 44733)',NULL,'2017-04-30 18:09:57'),(8341,73,'(44734, 44915)',NULL,'2017-04-30 18:09:57'),(8342,73,'(44916, 45045)',NULL,'2017-04-30 18:09:57'),(8343,73,'(45046, 45451)',NULL,'2017-04-30 18:09:57'),(8344,73,'(45452, 45939)',NULL,'2017-04-30 18:09:57'),(8345,73,'(45940, 46424)',NULL,'2017-04-30 18:09:57'),(8346,73,'(46425, 47095)',NULL,'2017-04-30 18:09:57'),(8347,73,'(47096, 47451)',NULL,'2017-04-30 18:09:57'),(8348,73,'(47452, 47593)',NULL,'2017-04-30 18:09:57'),(8349,73,'(47594, 47841)',NULL,'2017-04-30 18:09:57'),(8350,73,'(47842, 47910)',NULL,'2017-04-30 18:09:57'),(8351,73,'(47911, 48408)',NULL,'2017-04-30 18:09:57'),(8352,73,'(48409, 49022)',NULL,'2017-04-30 18:09:57'),(8353,73,'(49023, 49425)',NULL,'2017-04-30 18:09:57'),(8354,73,'(8359, 8361)',NULL,'2017-04-30 18:09:57'),(8355,73,'(49429, 49749)',NULL,'2017-04-30 18:09:57'),(8356,73,'(49750, 49865)',NULL,'2017-04-30 18:09:57'),(8357,73,'(49866, 49979)',NULL,'2017-04-30 18:09:57'),(8358,73,'(49980, 50156)',NULL,'2017-04-30 18:09:57'),(8359,73,'(50157, 50289)',NULL,'2017-04-30 18:09:57'),(8360,73,'(50290, 50740)',NULL,'2017-04-30 18:09:57'),(8361,73,'(50741, 50957)',NULL,'2017-04-30 18:09:57'),(8362,73,'(50958, 51259)',NULL,'2017-04-30 18:09:57'),(8363,73,'(51260, 51422)',NULL,'2017-04-30 18:09:57'),(8364,73,'(51423, 51534)',NULL,'2017-04-30 18:09:57'),(8365,73,'(51535, 51760)',NULL,'2017-04-30 18:09:57'),(8366,73,'(51761, 51907)',NULL,'2017-04-30 18:09:57'),(8367,73,'(51908, 52270)',NULL,'2017-04-30 18:09:57'),(8368,73,'(52271, 52576)',NULL,'2017-04-30 18:09:57'),(8369,73,'(52577, 52734)',NULL,'2017-04-30 18:09:57'),(8370,73,'(52735, 52835)',NULL,'2017-04-30 18:09:57'),(8371,73,'(52836, 53257)',NULL,'2017-04-30 18:09:57'),(8372,73,'(53258, 53324)',NULL,'2017-04-30 18:09:57'),(8373,73,'(53325, 53462)',NULL,'2017-04-30 18:09:57'),(8374,73,'(53463, 54559)',NULL,'2017-04-30 18:09:57'),(8375,73,'(54560, 54980)',NULL,'2017-04-30 18:09:57'),(8376,73,'(54981, 55480)',NULL,'2017-04-30 18:09:57'),(8377,73,'(55481, 55548)',NULL,'2017-04-30 18:09:57'),(8378,73,'(55549, 55872)',NULL,'2017-04-30 18:09:57'),(8379,73,'(55873, 55997)',NULL,'2017-04-30 18:09:57'),(8380,73,'(55998, 56484)',NULL,'2017-04-30 18:09:57'),(8381,73,'(56485, 57851)',NULL,'2017-04-30 18:09:57'),(8382,73,'(57852, 58190)',NULL,'2017-04-30 18:09:57'),(8383,73,'(58191, 58708)',NULL,'2017-04-30 18:09:57'),(8384,73,'(58709, 58920)',NULL,'2017-04-30 18:09:57'),(8385,73,'(58921, 59180)',NULL,'2017-04-30 18:09:57'),(8386,73,'(59181, 59414)',NULL,'2017-04-30 18:09:57'),(8387,73,'(59415, 59584)',NULL,'2017-04-30 18:09:57'),(8388,73,'(59585, 59950)',NULL,'2017-04-30 18:09:57'),(8389,73,'(59951, 60106)',NULL,'2017-04-30 18:09:57'),(8390,73,'(60107, 60189)',NULL,'2017-04-30 18:09:57'),(8391,73,'(60190, 60714)',NULL,'2017-04-30 18:09:57'),(8392,73,'(60715, 60855)',NULL,'2017-04-30 18:09:57'),(8393,73,'(60856, 60905)',NULL,'2017-04-30 18:09:57'),(8394,73,'(60906, 61100)',NULL,'2017-04-30 18:09:57'),(8395,73,'(61101, 61232)',NULL,'2017-04-30 18:09:57'),(8642,75,'(0, 451)',NULL,'2017-04-30 18:22:08'),(8643,75,'(452, 1375)',NULL,'2017-04-30 18:22:08'),(8644,75,'(1376, 1505)',NULL,'2017-04-30 18:22:08'),(8645,75,'(1506, 1745)',NULL,'2017-04-30 18:22:08'),(8646,75,'(1746, 1944)',NULL,'2017-04-30 18:22:08'),(8647,75,'(1945, 2048)',NULL,'2017-04-30 18:22:09'),(8648,75,'(2049, 2402)',NULL,'2017-04-30 18:22:09'),(8649,75,'(2403, 2685)',NULL,'2017-04-30 18:22:09'),(8650,75,'(2686, 2985)',NULL,'2017-04-30 18:22:09'),(8651,75,'(2986, 3090)',NULL,'2017-04-30 18:22:09'),(8652,75,'(3091, 3269)',NULL,'2017-04-30 18:22:10'),(8653,75,'(3270, 3414)',NULL,'2017-04-30 18:22:10'),(8654,75,'(3415, 3643)',NULL,'2017-04-30 18:22:10'),(8655,75,'(3644, 3786)',NULL,'2017-04-30 18:22:11'),(8656,75,'(3787, 3930)',NULL,'2017-04-30 18:22:11'),(8657,75,'(3931, 4444)',NULL,'2017-04-30 18:22:11'),(8658,75,'(4445, 4679)',NULL,'2017-04-30 18:22:11'),(8659,75,'(4680, 4824)',NULL,'2017-04-30 18:22:11'),(8660,75,'(4825, 5026)',NULL,'2017-04-30 18:22:12'),(8661,75,'(5027, 5212)',NULL,'2017-04-30 18:22:12'),(8662,75,'(5213, 5371)',NULL,'2017-04-30 18:22:12'),(8663,75,'(5372, 5598)',NULL,'2017-04-30 18:22:13'),(8664,75,'(5599, 5818)',NULL,'2017-04-30 18:22:13'),(8665,75,'(5819, 6065)',NULL,'2017-04-30 18:22:13'),(8666,75,'(6066, 6241)',NULL,'2017-04-30 18:22:13'),(8667,75,'(6242, 6449)',NULL,'2017-04-30 18:22:13'),(8668,75,'(6450, 6710)',NULL,'2017-04-30 18:22:14'),(8669,75,'(6711, 6929)',NULL,'2017-04-30 18:22:14'),(8670,75,'(6930, 7007)',NULL,'2017-04-30 18:22:14'),(8671,75,'(7008, 7359)',NULL,'2017-04-30 18:22:14'),(8672,75,'(7360, 7546)',NULL,'2017-04-30 18:22:14'),(8673,75,'(7547, 7752)',NULL,'2017-04-30 18:22:14'),(8674,75,'(7753, 7755)',NULL,'2017-04-30 18:22:14'),(8675,75,'(7756, 7788)',NULL,'2017-04-30 18:22:15'),(8676,75,'(7789, 7985)',NULL,'2017-04-30 18:22:15'),(8677,75,'(7986, 8248)',NULL,'2017-04-30 18:22:15'),(8678,75,'(8249, 8622)',NULL,'2017-04-30 18:22:15'),(8679,75,'(8623, 8784)',NULL,'2017-04-30 18:22:16'),(8680,75,'(8785, 9011)',NULL,'2017-04-30 18:22:16'),(8681,75,'(9012, 9174)',NULL,'2017-04-30 18:22:16'),(8682,75,'(9175, 9406)',NULL,'2017-04-30 18:22:17'),(8683,75,'(9407, 9919)',NULL,'2017-04-30 18:22:17'),(8684,75,'(9920, 9948)',NULL,'2017-04-30 18:22:17'),(8685,75,'(9949, 10635)',NULL,'2017-04-30 18:22:18'),(8686,75,'(10636, 10752)',NULL,'2017-04-30 18:22:18'),(8687,75,'(10753, 10852)',NULL,'2017-04-30 18:22:18'),(8688,75,'(10853, 11024)',NULL,'2017-04-30 18:22:18'),(8689,75,'(11025, 11273)',NULL,'2017-04-30 18:22:18'),(8690,75,'(11274, 11448)',NULL,'2017-04-30 18:22:18'),(8691,75,'(7005, 7007)',NULL,'2017-04-30 18:22:19'),(8692,75,'(11452, 11986)',NULL,'2017-04-30 18:22:19'),(8693,75,'(11987, 12244)',NULL,'2017-04-30 18:22:19'),(8694,75,'(12245, 12725)',NULL,'2017-04-30 18:22:19'),(8695,75,'(12726, 12915)',NULL,'2017-04-30 18:22:20'),(8696,75,'(12916, 13078)',NULL,'2017-04-30 18:22:20'),(8697,75,'(13079, 13241)',NULL,'2017-04-30 18:22:20'),(8698,75,'(13242, 13622)',NULL,'2017-04-30 18:22:20'),(8699,75,'(13623, 14224)',NULL,'2017-04-30 18:22:20'),(8700,75,'(14225, 14366)',NULL,'2017-04-30 18:22:21'),(8701,75,'(10753, 10852)',NULL,'2017-04-30 18:22:21'),(8702,75,'(14467, 14627)',NULL,'2017-04-30 18:22:21'),(8703,75,'(14628, 14764)',NULL,'2017-04-30 18:22:21'),(8704,75,'(14765, 14843)',NULL,'2017-04-30 18:22:21'),(8705,75,'(14844, 15038)',NULL,'2017-04-30 18:22:21'),(8706,75,'(15039, 15114)',NULL,'2017-04-30 18:22:22'),(8707,75,'(15115, 15445)',NULL,'2017-04-30 18:22:22'),(8708,75,'(15446, 15716)',NULL,'2017-04-30 18:22:22'),(8709,75,'(15717, 15875)',NULL,'2017-04-30 18:22:22'),(8710,75,'(15876, 16352)',NULL,'2017-04-30 18:22:23'),(8711,75,'(16353, 16481)',NULL,'2017-04-30 18:22:23'),(8712,75,'(16482, 16770)',NULL,'2017-04-30 18:22:23'),(8713,75,'(16771, 17516)',NULL,'2017-04-30 18:22:23'),(8714,75,'(17517, 17844)',NULL,'2017-04-30 18:22:24'),(8715,75,'(17845, 18055)',NULL,'2017-04-30 18:22:24'),(8716,75,'(18056, 18291)',NULL,'2017-04-30 18:22:24'),(8717,75,'(18292, 18504)',NULL,'2017-04-30 18:22:24'),(8718,75,'(18505, 18673)',NULL,'2017-04-30 18:22:24'),(8719,75,'(18674, 18773)',NULL,'2017-04-30 18:22:25'),(8720,75,'(18774, 18792)',NULL,'2017-04-30 18:22:25'),(8721,75,'(7005, 7007)',NULL,'2017-04-30 18:22:26'),(8722,75,'(18796, 18809)',NULL,'2017-04-30 18:22:26'),(8723,75,'(18810, 18864)',NULL,'2017-04-30 18:22:26'),(8724,75,'(18865, 18919)',NULL,'2017-04-30 18:22:26'),(8725,75,'(18920, 18942)',NULL,'2017-04-30 18:22:26'),(8726,75,'(18943, 19073)',NULL,'2017-04-30 18:22:26'),(8727,75,'(19074, 19269)',NULL,'2017-04-30 18:22:26'),(8728,75,'(19270, 19493)',NULL,'2017-04-30 18:22:27'),(8729,75,'(19494, 19868)',NULL,'2017-04-30 18:22:27'),(8730,75,'(19869, 20151)',NULL,'2017-04-30 18:22:27'),(8731,75,'(20152, 20277)',NULL,'2017-04-30 18:22:28'),(8732,75,'(20278, 20466)',NULL,'2017-04-30 18:22:28'),(8733,75,'(20467, 20551)',NULL,'2017-04-30 18:22:28'),(8734,75,'(20552, 20768)',NULL,'2017-04-30 18:22:29'),(8735,75,'(20769, 21135)',NULL,'2017-04-30 18:22:29'),(8736,75,'(21136, 21423)',NULL,'2017-04-30 18:22:29'),(8737,75,'(21424, 21733)',NULL,'2017-04-30 18:22:29'),(8738,75,'(21734, 21881)',NULL,'2017-04-30 18:22:29'),(8739,75,'(21882, 22163)',NULL,'2017-04-30 18:22:29'),(8740,75,'(22164, 22467)',NULL,'2017-04-30 18:22:30'),(8741,75,'(22468, 22550)',NULL,'2017-04-30 18:22:30'),(8742,75,'(22551, 22883)',NULL,'2017-04-30 18:22:30'),(8743,75,'(22884, 23048)',NULL,'2017-04-30 18:22:30'),(8744,75,'(23049, 23210)',NULL,'2017-04-30 18:22:30'),(8745,75,'(23211, 23464)',NULL,'2017-04-30 18:22:31'),(8746,75,'(23465, 23515)',NULL,'2017-04-30 18:22:31'),(8747,75,'(23516, 23608)',NULL,'2017-04-30 18:22:31'),(8748,75,'(23609, 23681)',NULL,'2017-04-30 18:22:31'),(8749,75,'(23682, 23759)',NULL,'2017-04-30 18:22:32'),(8750,75,'(23760, 24095)',NULL,'2017-04-30 18:22:32'),(8751,75,'(24096, 24407)',NULL,'2017-04-30 18:22:32'),(8752,75,'(24408, 24642)',NULL,'2017-04-30 18:22:32'),(8753,75,'(24643, 24848)',NULL,'2017-04-30 18:22:33'),(8754,75,'(24849, 25121)',NULL,'2017-04-30 18:22:33'),(8755,75,'(25122, 25283)',NULL,'2017-04-30 18:22:33'),(8756,75,'(25284, 25594)',NULL,'2017-04-30 18:22:33'),(8757,75,'(25595, 25670)',NULL,'2017-04-30 18:22:33'),(8758,75,'(25671, 26045)',NULL,'2017-04-30 18:22:34'),(8759,75,'(26046, 26251)',NULL,'2017-04-30 18:22:34'),(8760,75,'(26252, 26427)',NULL,'2017-04-30 18:22:34'),(8761,75,'(26428, 26611)',NULL,'2017-04-30 18:22:34'),(8762,75,'(26612, 27025)',NULL,'2017-04-30 18:22:34'),(8763,75,'(27026, 27178)',NULL,'2017-04-30 18:22:34'),(8764,75,'(27179, 27496)',NULL,'2017-04-30 18:22:34'),(8765,75,'(27497, 27806)',NULL,'2017-04-30 18:22:35'),(8766,75,'(27807, 27969)',NULL,'2017-04-30 18:22:35'),(8767,75,'(27970, 28097)',NULL,'2017-04-30 18:22:35'),(8768,75,'(28098, 28244)',NULL,'2017-04-30 18:22:35'),(8769,75,'(20130, 20132)',NULL,'2017-04-30 18:22:35'),(8770,75,'(28248, 28442)',NULL,'2017-04-30 18:22:36'),(8771,75,'(28443, 28611)',NULL,'2017-04-30 18:22:36'),(8772,75,'(28612, 28802)',NULL,'2017-04-30 18:22:36'),(8773,75,'(28803, 28989)',NULL,'2017-04-30 18:22:36'),(8774,75,'(28990, 29519)',NULL,'2017-04-30 18:22:36'),(8775,75,'(29520, 29664)',NULL,'2017-04-30 18:22:36'),(8776,75,'(29665, 29832)',NULL,'2017-04-30 18:22:37'),(8777,75,'(29833, 30106)',NULL,'2017-04-30 18:22:37'),(8778,75,'(30107, 30265)',NULL,'2017-04-30 18:22:37'),(8779,75,'(30266, 30458)',NULL,'2017-04-30 18:22:37'),(8780,75,'(30459, 30564)',NULL,'2017-04-30 18:22:37'),(8781,75,'(30565, 30623)',NULL,'2017-04-30 18:22:38'),(8782,75,'(30624, 30953)',NULL,'2017-04-30 18:22:38'),(8783,75,'(30954, 31027)',NULL,'2017-04-30 18:22:38'),(8784,75,'(31028, 31402)',NULL,'2017-04-30 18:22:38'),(8785,75,'(31403, 31590)',NULL,'2017-04-30 18:22:38'),(8786,75,'(31591, 31868)',NULL,'2017-04-30 18:22:38'),(8787,75,'(31869, 32343)',NULL,'2017-04-30 18:22:38'),(8788,75,'(32344, 32600)',NULL,'2017-04-30 18:22:39'),(8789,75,'(32601, 33022)',NULL,'2017-04-30 18:22:39'),(8790,75,'(33023, 33192)',NULL,'2017-04-30 18:22:39'),(8791,75,'(33193, 33315)',NULL,'2017-04-30 18:22:39'),(8792,75,'(33316, 33427)',NULL,'2017-04-30 18:22:39'),(8793,75,'(33428, 33908)',NULL,'2017-04-30 18:22:39'),(8794,75,'(33909, 34946)',NULL,'2017-04-30 18:22:39'),(8795,75,'(34947, 34949)',NULL,'2017-04-30 18:22:40'),(8796,75,'(34950, 35265)',NULL,'2017-04-30 18:22:40'),(8797,75,'(35266, 35446)',NULL,'2017-04-30 18:22:40'),(8798,75,'(35447, 35609)',NULL,'2017-04-30 18:22:41'),(8799,75,'(35610, 35976)',NULL,'2017-04-30 18:22:41'),(8800,75,'(35977, 36273)',NULL,'2017-04-30 18:22:41'),(8801,75,'(36274, 37027)',NULL,'2017-04-30 18:22:42'),(8802,75,'(37028, 37506)',NULL,'2017-04-30 18:22:42'),(8803,75,'(37507, 37757)',NULL,'2017-04-30 18:22:42'),(8804,75,'(37758, 38014)',NULL,'2017-04-30 18:22:42'),(8805,75,'(38015, 38393)',NULL,'2017-04-30 18:22:42'),(8806,75,'(38394, 38700)',NULL,'2017-04-30 18:22:42'),(8807,75,'(38701, 38898)',NULL,'2017-04-30 18:22:43'),(8808,75,'(38899, 38954)',NULL,'2017-04-30 18:22:43'),(8809,75,'(38955, 39299)',NULL,'2017-04-30 18:22:44'),(8810,75,'(39300, 39668)',NULL,'2017-04-30 18:22:44'),(8811,75,'(39669, 40006)',NULL,'2017-04-30 18:22:44'),(8812,75,'(40007, 40336)',NULL,'2017-04-30 18:22:44'),(8813,75,'(40337, 41273)',NULL,'2017-04-30 18:22:44'),(8814,75,'(41274, 41276)',NULL,'2017-04-30 18:22:45'),(8815,75,'(41277, 41402)',NULL,'2017-04-30 18:22:45'),(8816,75,'(41403, 41715)',NULL,'2017-04-30 18:22:45'),(8817,75,'(41716, 42226)',NULL,'2017-04-30 18:22:46'),(8818,75,'(42227, 42350)',NULL,'2017-04-30 18:22:46'),(8819,75,'(42351, 42987)',NULL,'2017-04-30 18:22:46'),(8820,75,'(42988, 43321)',NULL,'2017-04-30 18:22:46'),(8821,75,'(43322, 43613)',NULL,'2017-04-30 18:22:46'),(8822,75,'(43614, 43972)',NULL,'2017-04-30 18:22:46'),(8823,75,'(43973, 44093)',NULL,'2017-04-30 18:22:46'),(8824,75,'(44094, 44237)',NULL,'2017-04-30 18:22:47'),(8825,75,'(44238, 44576)',NULL,'2017-04-30 18:22:47'),(8826,75,'(44577, 44579)',NULL,'2017-04-30 18:22:47'),(8827,75,'(44580, 44710)',NULL,'2017-04-30 18:22:47'),(8828,75,'(44711, 44733)',NULL,'2017-04-30 18:22:48'),(8829,75,'(44734, 44915)',NULL,'2017-04-30 18:22:48'),(8830,75,'(44916, 45045)',NULL,'2017-04-30 18:22:48'),(8831,75,'(45046, 45451)',NULL,'2017-04-30 18:22:48'),(8832,75,'(45452, 45939)',NULL,'2017-04-30 18:22:49'),(8833,75,'(45940, 46424)',NULL,'2017-04-30 18:22:49'),(8834,75,'(46425, 47095)',NULL,'2017-04-30 18:22:49'),(8835,75,'(47096, 47451)',NULL,'2017-04-30 18:22:49'),(8836,75,'(47452, 47593)',NULL,'2017-04-30 18:22:50'),(8837,75,'(47594, 47841)',NULL,'2017-04-30 18:22:50'),(8838,75,'(47842, 47910)',NULL,'2017-04-30 18:22:51'),(8839,75,'(47911, 48408)',NULL,'2017-04-30 18:22:51'),(8840,75,'(48409, 49022)',NULL,'2017-04-30 18:22:51'),(8841,75,'(49023, 49425)',NULL,'2017-04-30 18:22:51'),(8842,75,'(8359, 8361)',NULL,'2017-04-30 18:22:52'),(8843,75,'(49429, 49749)',NULL,'2017-04-30 18:22:52'),(8844,75,'(49750, 49865)',NULL,'2017-04-30 18:22:52'),(8845,75,'(49866, 49979)',NULL,'2017-04-30 18:22:52'),(8846,75,'(49980, 50156)',NULL,'2017-04-30 18:22:52'),(8847,75,'(50157, 50289)',NULL,'2017-04-30 18:22:52'),(8848,75,'(50290, 50740)',NULL,'2017-04-30 18:22:53'),(8849,75,'(50741, 50957)',NULL,'2017-04-30 18:22:53'),(8850,75,'(50958, 51259)',NULL,'2017-04-30 18:22:53'),(8851,75,'(51260, 51422)',NULL,'2017-04-30 18:22:53'),(8852,75,'(51423, 51534)',NULL,'2017-04-30 18:22:54'),(8853,75,'(51535, 51760)',NULL,'2017-04-30 18:22:54'),(8854,75,'(51761, 51907)',NULL,'2017-04-30 18:22:54'),(8855,75,'(51908, 52270)',NULL,'2017-04-30 18:22:54'),(8856,75,'(52271, 52576)',NULL,'2017-04-30 18:22:54'),(8857,75,'(52577, 52734)',NULL,'2017-04-30 18:22:55'),(8858,75,'(52735, 52835)',NULL,'2017-04-30 18:22:55'),(8859,75,'(52836, 53257)',NULL,'2017-04-30 18:22:55'),(8860,75,'(53258, 53324)',NULL,'2017-04-30 18:22:55'),(8861,75,'(53325, 53462)',NULL,'2017-04-30 18:22:55'),(8862,75,'(53463, 54559)',NULL,'2017-04-30 18:22:55'),(8863,75,'(54560, 54980)',NULL,'2017-04-30 18:22:56'),(8864,75,'(54981, 55480)',NULL,'2017-04-30 18:22:56'),(8865,75,'(55481, 55548)',NULL,'2017-04-30 18:22:56'),(8866,75,'(55549, 55872)',NULL,'2017-04-30 18:22:57'),(8867,75,'(55873, 55997)',NULL,'2017-04-30 18:22:57'),(8868,75,'(55998, 56484)',NULL,'2017-04-30 18:22:57'),(8869,75,'(56485, 57851)',NULL,'2017-04-30 18:22:57'),(8870,75,'(57852, 58190)',NULL,'2017-04-30 18:22:57'),(8871,75,'(58191, 58708)',NULL,'2017-04-30 18:22:57'),(8872,75,'(58709, 58920)',NULL,'2017-04-30 18:22:57'),(8873,75,'(58921, 59180)',NULL,'2017-04-30 18:22:58'),(8874,75,'(59181, 59414)',NULL,'2017-04-30 18:22:59'),(8875,75,'(59415, 59584)',NULL,'2017-04-30 18:22:59'),(8876,75,'(59585, 59950)',NULL,'2017-04-30 18:22:59'),(8877,75,'(59951, 60106)',NULL,'2017-04-30 18:22:59'),(8878,75,'(60107, 60189)',NULL,'2017-04-30 18:22:59'),(8879,75,'(60190, 60714)',NULL,'2017-04-30 18:23:00'),(8880,75,'(60715, 60855)',NULL,'2017-04-30 18:23:00'),(8881,75,'(60856, 60905)',NULL,'2017-04-30 18:23:00'),(8882,75,'(60906, 61100)',NULL,'2017-04-30 18:23:00'),(8883,75,'(61101, 61232)',NULL,'2017-04-30 18:23:00'),(8884,75,'(60715, 60855)',NULL,'2017-04-30 18:23:01'),(8885,75,'(60856, 60905)',NULL,'2017-04-30 18:23:01'),(8886,75,'(60906, 61100)',NULL,'2017-04-30 18:23:01'),(8887,75,'(61101, 61232)',NULL,'2017-04-30 18:23:01'),(9538,86,'(0, 451)',NULL,'2017-05-01 02:24:25'),(9539,86,'(452, 1375)',NULL,'2017-05-01 02:24:25'),(9540,86,'(1376, 1505)',NULL,'2017-05-01 02:24:25'),(9541,86,'(1506, 1745)',NULL,'2017-05-01 02:24:26'),(9542,86,'(1746, 1944)',NULL,'2017-05-01 02:24:26'),(9543,86,'(1945, 2048)',NULL,'2017-05-01 02:24:26'),(9544,86,'(2049, 2402)',NULL,'2017-05-01 02:24:26'),(9545,86,'(2403, 2685)',NULL,'2017-05-01 02:24:26'),(9546,86,'(2686, 2985)',NULL,'2017-05-01 02:24:26'),(9547,86,'(2986, 3090)',NULL,'2017-05-01 02:24:27'),(9548,86,'(3091, 3269)',NULL,'2017-05-01 02:24:27'),(9549,86,'(3270, 3414)',NULL,'2017-05-01 02:24:27'),(9550,86,'(3415, 3643)',NULL,'2017-05-01 02:24:27'),(9551,86,'(3644, 3786)',NULL,'2017-05-01 02:24:27'),(9552,86,'(3787, 3930)',NULL,'2017-05-01 02:24:27'),(9553,86,'(3931, 4444)',NULL,'2017-05-01 02:24:27'),(9554,86,'(4445, 4679)',NULL,'2017-05-01 02:24:27'),(9555,86,'(4680, 4824)',NULL,'2017-05-01 02:24:28'),(9556,86,'(4825, 5026)',NULL,'2017-05-01 02:24:28'),(9557,86,'(5027, 5212)',NULL,'2017-05-01 02:24:28'),(9558,86,'(5213, 5371)',NULL,'2017-05-01 02:24:28'),(9559,86,'(5372, 5598)',NULL,'2017-05-01 02:24:28'),(9560,86,'(5599, 5818)',NULL,'2017-05-01 02:24:28'),(9561,86,'(5819, 6065)',NULL,'2017-05-01 02:24:28'),(9562,86,'(6066, 6241)',NULL,'2017-05-01 02:24:29'),(9563,86,'(6242, 6449)',NULL,'2017-05-01 02:24:29'),(9564,86,'(6450, 6710)',NULL,'2017-05-01 02:24:29'),(9565,86,'(6711, 6929)',NULL,'2017-05-01 02:24:29'),(9566,86,'(6930, 7007)',NULL,'2017-05-01 02:24:29'),(9567,86,'(7008, 7359)',NULL,'2017-05-01 02:24:29'),(9568,86,'(7360, 7546)',NULL,'2017-05-01 02:24:30'),(9569,86,'(7547, 7752)',NULL,'2017-05-01 02:24:30'),(9570,86,'(7753, 7755)',NULL,'2017-05-01 02:24:30'),(9571,86,'(7756, 7788)',NULL,'2017-05-01 02:24:30'),(9572,86,'(7789, 7985)',NULL,'2017-05-01 02:24:30'),(9573,86,'(7986, 8248)',NULL,'2017-05-01 02:24:30'),(9574,86,'(8249, 8622)',NULL,'2017-05-01 02:24:30'),(9575,86,'(8623, 8784)',NULL,'2017-05-01 02:24:30'),(9576,86,'(8785, 9011)',NULL,'2017-05-01 02:24:31'),(9577,86,'(9012, 9174)',NULL,'2017-05-01 02:24:31'),(9578,86,'(9175, 9406)',NULL,'2017-05-01 02:24:31'),(9579,86,'(9407, 9919)',NULL,'2017-05-01 02:24:31'),(9580,86,'(9920, 9948)',NULL,'2017-05-01 02:24:31'),(9581,86,'(9949, 10635)',NULL,'2017-05-01 02:24:31'),(9582,86,'(10636, 10752)',NULL,'2017-05-01 02:24:31'),(9583,86,'(10753, 10852)',NULL,'2017-05-01 02:24:31'),(9584,86,'(10853, 11024)',NULL,'2017-05-01 02:24:32'),(9585,86,'(11025, 11273)',NULL,'2017-05-01 02:24:32'),(9586,86,'(11274, 11448)',NULL,'2017-05-01 02:24:32'),(9587,86,'(7005, 7007)',NULL,'2017-05-01 02:24:32'),(9588,86,'(11452, 11986)',NULL,'2017-05-01 02:24:32'),(9589,86,'(11987, 12244)',NULL,'2017-05-01 02:24:32'),(9590,86,'(12245, 12725)',NULL,'2017-05-01 02:24:32'),(9591,86,'(12726, 12915)',NULL,'2017-05-01 02:24:33'),(9592,86,'(12916, 13078)',NULL,'2017-05-01 02:24:33'),(9593,86,'(13079, 13241)',NULL,'2017-05-01 02:24:33'),(9594,86,'(13242, 13622)',NULL,'2017-05-01 02:24:33'),(9595,86,'(13623, 14224)',NULL,'2017-05-01 02:24:33'),(9596,86,'(14225, 14366)',NULL,'2017-05-01 02:24:33'),(9597,86,'(10753, 10852)',NULL,'2017-05-01 02:24:33'),(9598,86,'(14467, 14627)',NULL,'2017-05-01 02:24:34'),(9599,86,'(14628, 14764)',NULL,'2017-05-01 02:24:34'),(9600,86,'(14765, 14843)',NULL,'2017-05-01 02:24:34'),(9601,86,'(14844, 15038)',NULL,'2017-05-01 02:24:34'),(9602,86,'(15039, 15114)',NULL,'2017-05-01 02:24:34'),(9603,86,'(15115, 15445)',NULL,'2017-05-01 02:24:34'),(9604,86,'(15446, 15716)',NULL,'2017-05-01 02:24:35'),(9605,86,'(15717, 15875)',NULL,'2017-05-01 02:24:35'),(9606,86,'(15876, 16352)',NULL,'2017-05-01 02:24:35'),(9607,86,'(16353, 16481)',NULL,'2017-05-01 02:24:35'),(9608,86,'(16482, 16770)',NULL,'2017-05-01 02:24:35'),(9609,86,'(16771, 17516)',NULL,'2017-05-01 02:24:35'),(9610,86,'(17517, 17844)',NULL,'2017-05-01 02:24:35'),(9611,86,'(17845, 18055)',NULL,'2017-05-01 02:24:36'),(9612,86,'(18056, 18291)',NULL,'2017-05-01 02:24:36'),(9613,86,'(18292, 18504)',NULL,'2017-05-01 02:24:36'),(9614,86,'(18505, 18673)',NULL,'2017-05-01 02:24:36'),(9615,86,'(18674, 18773)',NULL,'2017-05-01 02:24:36'),(9616,86,'(18774, 18792)',NULL,'2017-05-01 02:24:36'),(9617,86,'(7005, 7007)',NULL,'2017-05-01 02:24:36'),(9618,86,'(18796, 18809)',NULL,'2017-05-01 02:24:37'),(9619,86,'(18810, 18864)',NULL,'2017-05-01 02:24:37'),(9620,86,'(18865, 18919)',NULL,'2017-05-01 02:24:37'),(9621,86,'(18920, 18942)',NULL,'2017-05-01 02:24:37'),(9622,86,'(18943, 19073)',NULL,'2017-05-01 02:24:37'),(9623,86,'(19074, 19269)',NULL,'2017-05-01 02:24:37'),(9624,86,'(19270, 19493)',NULL,'2017-05-01 02:24:38'),(9625,86,'(19494, 19868)',NULL,'2017-05-01 02:24:38'),(9626,86,'(19869, 20151)',NULL,'2017-05-01 02:24:38'),(9627,86,'(20152, 20277)',NULL,'2017-05-01 02:24:38'),(9628,86,'(20278, 20466)',NULL,'2017-05-01 02:24:38'),(9629,86,'(20467, 20551)',NULL,'2017-05-01 02:24:38'),(9630,86,'(20552, 20768)',NULL,'2017-05-01 02:24:38'),(9631,86,'(20769, 21135)',NULL,'2017-05-01 02:24:38'),(9632,86,'(21136, 21423)',NULL,'2017-05-01 02:24:38'),(9633,86,'(21424, 21733)',NULL,'2017-05-01 02:24:38'),(9634,86,'(21734, 21881)',NULL,'2017-05-01 02:24:39'),(9635,86,'(21882, 22163)',NULL,'2017-05-01 02:24:39'),(9636,86,'(22164, 22467)',NULL,'2017-05-01 02:24:39'),(9637,86,'(22468, 22550)',NULL,'2017-05-01 02:24:39'),(9638,86,'(22551, 22883)',NULL,'2017-05-01 02:24:39'),(9639,86,'(22884, 23048)',NULL,'2017-05-01 02:24:39'),(9640,86,'(23049, 23210)',NULL,'2017-05-01 02:24:39'),(9641,86,'(23211, 23464)',NULL,'2017-05-01 02:24:40'),(9642,86,'(23465, 23515)',NULL,'2017-05-01 02:24:40'),(9643,86,'(23516, 23608)',NULL,'2017-05-01 02:24:40'),(9644,86,'(23609, 23681)',NULL,'2017-05-01 02:24:40'),(9645,86,'(23682, 23759)',NULL,'2017-05-01 02:24:40'),(9646,86,'(23760, 24095)',NULL,'2017-05-01 02:24:40'),(9647,86,'(24096, 24407)',NULL,'2017-05-01 02:24:41'),(9648,86,'(24408, 24642)',NULL,'2017-05-01 02:24:41'),(9649,86,'(24643, 24848)',NULL,'2017-05-01 02:24:41'),(9650,86,'(24849, 25121)',NULL,'2017-05-01 02:24:41'),(9651,86,'(25122, 25283)',NULL,'2017-05-01 02:24:41'),(9652,86,'(25284, 25594)',NULL,'2017-05-01 02:24:41'),(9653,86,'(25595, 25670)',NULL,'2017-05-01 02:24:41'),(9654,86,'(25671, 26045)',NULL,'2017-05-01 02:24:42'),(9655,86,'(26046, 26251)',NULL,'2017-05-01 02:24:42'),(9656,86,'(26252, 26427)',NULL,'2017-05-01 02:24:42'),(9657,86,'(26428, 26611)',NULL,'2017-05-01 02:24:42'),(9658,86,'(26612, 27025)',NULL,'2017-05-01 02:24:42'),(9659,86,'(27026, 27178)',NULL,'2017-05-01 02:24:42'),(9660,86,'(27179, 27496)',NULL,'2017-05-01 02:24:42'),(9661,86,'(27497, 27806)',NULL,'2017-05-01 02:24:43'),(9662,86,'(27807, 27969)',NULL,'2017-05-01 02:24:43'),(9663,86,'(27970, 28097)',NULL,'2017-05-01 02:24:43'),(9664,86,'(28098, 28244)',NULL,'2017-05-01 02:24:43'),(9665,86,'(20130, 20132)',NULL,'2017-05-01 02:24:43'),(9666,86,'(28248, 28442)',NULL,'2017-05-01 02:24:43'),(9667,86,'(28443, 28611)',NULL,'2017-05-01 02:24:43'),(9668,86,'(28612, 28802)',NULL,'2017-05-01 02:24:43'),(9669,86,'(28803, 28989)',NULL,'2017-05-01 02:24:44'),(9670,86,'(28990, 29519)',NULL,'2017-05-01 02:24:44'),(9671,86,'(29520, 29664)',NULL,'2017-05-01 02:24:44'),(9672,86,'(29665, 29832)',NULL,'2017-05-01 02:24:44'),(9673,86,'(29833, 30106)',NULL,'2017-05-01 02:24:44'),(9674,86,'(30107, 30265)',NULL,'2017-05-01 02:24:44'),(9675,86,'(30266, 30458)',NULL,'2017-05-01 02:24:44'),(9676,86,'(30459, 30564)',NULL,'2017-05-01 02:24:45'),(9677,86,'(30565, 30623)',NULL,'2017-05-01 02:24:45'),(9678,86,'(30624, 30953)',NULL,'2017-05-01 02:24:45'),(9679,86,'(30954, 31027)',NULL,'2017-05-01 02:24:45'),(9680,86,'(31028, 31402)',NULL,'2017-05-01 02:24:45'),(9681,86,'(31403, 31590)',NULL,'2017-05-01 02:24:45'),(9682,86,'(31591, 31868)',NULL,'2017-05-01 02:24:45'),(9683,86,'(31869, 32343)',NULL,'2017-05-01 02:24:45'),(9684,86,'(32344, 32600)',NULL,'2017-05-01 02:24:46'),(9685,86,'(32601, 33022)',NULL,'2017-05-01 02:24:46'),(9686,86,'(33023, 33192)',NULL,'2017-05-01 02:24:46'),(9687,86,'(33193, 33315)',NULL,'2017-05-01 02:24:46'),(9688,86,'(33316, 33427)',NULL,'2017-05-01 02:24:46'),(9689,86,'(33428, 33908)',NULL,'2017-05-01 02:24:46'),(9690,86,'(33909, 34946)',NULL,'2017-05-01 02:24:47'),(9691,86,'(34947, 34949)',NULL,'2017-05-01 02:24:47'),(9692,86,'(34950, 35265)',NULL,'2017-05-01 02:24:47'),(9693,86,'(35266, 35446)',NULL,'2017-05-01 02:24:47'),(9694,86,'(35447, 35609)',NULL,'2017-05-01 02:24:47'),(9695,86,'(35610, 35976)',NULL,'2017-05-01 02:24:47'),(9696,86,'(35977, 36273)',NULL,'2017-05-01 02:24:47'),(9697,86,'(36274, 37027)',NULL,'2017-05-01 02:24:48'),(9698,86,'(37028, 37506)',NULL,'2017-05-01 02:24:48'),(9699,86,'(37507, 37757)',NULL,'2017-05-01 02:24:48'),(9700,86,'(37758, 38014)',NULL,'2017-05-01 02:24:48'),(9701,86,'(38015, 38393)',NULL,'2017-05-01 02:24:48'),(9702,86,'(38394, 38700)',NULL,'2017-05-01 02:24:48'),(9703,86,'(38701, 38898)',NULL,'2017-05-01 02:24:49'),(9704,86,'(38899, 38954)',NULL,'2017-05-01 02:24:49'),(9705,86,'(38955, 39299)',NULL,'2017-05-01 02:24:49'),(9706,86,'(39300, 39668)',NULL,'2017-05-01 02:24:49'),(9707,86,'(39669, 40006)',NULL,'2017-05-01 02:24:49'),(9708,86,'(40007, 40336)',NULL,'2017-05-01 02:24:49'),(9709,86,'(40337, 41273)',NULL,'2017-05-01 02:24:49'),(9710,86,'(41274, 41276)',NULL,'2017-05-01 02:24:49'),(9711,86,'(41277, 41402)',NULL,'2017-05-01 02:24:50'),(9712,86,'(41403, 41715)',NULL,'2017-05-01 02:24:50'),(9713,86,'(41716, 42226)',NULL,'2017-05-01 02:24:50'),(9714,86,'(42227, 42350)',NULL,'2017-05-01 02:24:50'),(9715,86,'(42351, 42987)',NULL,'2017-05-01 02:24:50'),(9716,86,'(42988, 43321)',NULL,'2017-05-01 02:24:50'),(9717,86,'(43322, 43613)',NULL,'2017-05-01 02:24:50'),(9718,86,'(43614, 43972)',NULL,'2017-05-01 02:24:51'),(9719,86,'(43973, 44093)',NULL,'2017-05-01 02:24:51'),(9720,86,'(44094, 44237)',NULL,'2017-05-01 02:24:51'),(9721,86,'(44238, 44576)',NULL,'2017-05-01 02:24:51'),(9722,86,'(44577, 44579)',NULL,'2017-05-01 02:24:51'),(9723,86,'(44580, 44710)',NULL,'2017-05-01 02:24:51'),(9724,86,'(44711, 44733)',NULL,'2017-05-01 02:24:51'),(9725,86,'(44734, 44915)',NULL,'2017-05-01 02:24:51'),(9726,86,'(44916, 45045)',NULL,'2017-05-01 02:24:52'),(9727,86,'(45046, 45451)',NULL,'2017-05-01 02:24:52'),(9728,86,'(45452, 45939)',NULL,'2017-05-01 02:24:52'),(9729,86,'(45940, 46424)',NULL,'2017-05-01 02:24:52'),(9730,86,'(46425, 47095)',NULL,'2017-05-01 02:24:52'),(9731,86,'(47096, 47451)',NULL,'2017-05-01 02:24:52'),(9732,86,'(47452, 47593)',NULL,'2017-05-01 02:24:52'),(9733,86,'(47594, 47841)',NULL,'2017-05-01 02:24:53'),(9734,86,'(47842, 47910)',NULL,'2017-05-01 02:24:53'),(9735,86,'(47911, 48408)',NULL,'2017-05-01 02:24:53'),(9736,86,'(48409, 49022)',NULL,'2017-05-01 02:24:53'),(9737,86,'(49023, 49425)',NULL,'2017-05-01 02:24:53'),(9738,86,'(8359, 8361)',NULL,'2017-05-01 02:24:53'),(9739,86,'(49429, 49749)',NULL,'2017-05-01 02:24:54'),(9740,86,'(49750, 49865)',NULL,'2017-05-01 02:24:54'),(9741,86,'(49866, 49979)',NULL,'2017-05-01 02:24:54'),(9742,86,'(49980, 50156)',NULL,'2017-05-01 02:24:54'),(9743,86,'(50157, 50289)',NULL,'2017-05-01 02:24:54'),(9744,86,'(50290, 50740)',NULL,'2017-05-01 02:24:54'),(9745,86,'(50741, 50957)',NULL,'2017-05-01 02:24:54'),(9746,86,'(50958, 51259)',NULL,'2017-05-01 02:24:55'),(9747,86,'(51260, 51422)',NULL,'2017-05-01 02:24:55'),(9748,86,'(51423, 51534)',NULL,'2017-05-01 02:24:55'),(9749,86,'(51535, 51760)',NULL,'2017-05-01 02:24:55'),(9750,86,'(51761, 51907)',NULL,'2017-05-01 02:24:55'),(9751,86,'(51908, 52270)',NULL,'2017-05-01 02:24:55'),(9752,86,'(52271, 52576)',NULL,'2017-05-01 02:24:55'),(9753,86,'(52577, 52734)',NULL,'2017-05-01 02:24:56'),(9754,86,'(52735, 52835)',NULL,'2017-05-01 02:24:56'),(9755,86,'(52836, 53257)',NULL,'2017-05-01 02:24:56'),(9756,86,'(53258, 53324)',NULL,'2017-05-01 02:24:56'),(9757,86,'(53325, 53462)',NULL,'2017-05-01 02:24:56'),(9758,86,'(53463, 54559)',NULL,'2017-05-01 02:24:56'),(9759,86,'(54560, 54980)',NULL,'2017-05-01 02:24:57'),(9760,86,'(54981, 55480)',NULL,'2017-05-01 02:24:57'),(9761,86,'(55481, 55548)',NULL,'2017-05-01 02:24:57'),(9762,86,'(55549, 55872)',NULL,'2017-05-01 02:24:57'),(9763,86,'(55873, 55997)',NULL,'2017-05-01 02:24:57'),(9764,86,'(55998, 56484)',NULL,'2017-05-01 02:24:57'),(9765,86,'(56485, 57851)',NULL,'2017-05-01 02:24:57'),(9766,86,'(57852, 58190)',NULL,'2017-05-01 02:24:58'),(9767,86,'(58191, 58708)',NULL,'2017-05-01 02:24:58'),(9768,86,'(58709, 58920)',NULL,'2017-05-01 02:24:58'),(9769,86,'(58921, 59180)',NULL,'2017-05-01 02:24:58'),(9770,86,'(59181, 59414)',NULL,'2017-05-01 02:24:58'),(9771,86,'(59415, 59584)',NULL,'2017-05-01 02:24:58'),(9772,86,'(59585, 59950)',NULL,'2017-05-01 02:24:58'),(9773,86,'(59951, 60106)',NULL,'2017-05-01 02:24:59'),(9774,86,'(60107, 60189)',NULL,'2017-05-01 02:24:59'),(9775,86,'(60190, 60714)',NULL,'2017-05-01 02:24:59'),(9776,86,'(60715, 60855)',NULL,'2017-05-01 02:24:59'),(9777,86,'(60856, 60905)',NULL,'2017-05-01 02:24:59'),(9778,86,'(60906, 61100)',NULL,'2017-05-01 02:24:59'),(9779,86,'(61101, 61232)',NULL,'2017-05-01 02:25:00'),(9780,86,'(60715, 60855)',NULL,'2017-05-01 02:25:00'),(9781,86,'(60856, 60905)',NULL,'2017-05-01 02:25:00'),(9782,86,'(60906, 61100)',NULL,'2017-05-01 02:25:00'),(9783,86,'(61101, 61232)',NULL,'2017-05-01 02:25:00'),(11447,110,'(0, 341)',NULL,'2017-05-04 00:55:05'),(11448,110,'(342, 419)',NULL,'2017-05-04 00:55:05'),(11449,110,'(420, 437)',NULL,'2017-05-04 00:55:05'),(11450,110,'(438, 448)',NULL,'2017-05-04 00:55:05'),(11451,110,'(449, 569)',NULL,'2017-05-04 00:55:05'),(11452,110,'(570, 687)',NULL,'2017-05-04 00:55:05'),(11453,110,'(688, 853)',NULL,'2017-05-04 00:55:05'),(11454,110,'(854, 894)',NULL,'2017-05-04 00:55:05'),(11455,110,'(895, 979)',NULL,'2017-05-04 00:55:05'),(11456,110,'(980, 1145)',NULL,'2017-05-04 00:55:05'),(11457,110,'(1146, 1252)',NULL,'2017-05-04 00:55:05'),(11458,110,'(1253, 1277)',NULL,'2017-05-04 00:55:05'),(11459,110,'(1278, 1292)',NULL,'2017-05-04 00:55:05'),(11460,110,'(1293, 1519)',NULL,'2017-05-04 00:55:05'),(11461,110,'(1520, 1601)',NULL,'2017-05-04 00:55:05'),(11462,110,'(1602, 1755)',NULL,'2017-05-04 00:55:05'),(11463,110,'(1756, 1773)',NULL,'2017-05-04 00:55:05'),(11464,110,'(1774, 2204)',NULL,'2017-05-04 00:55:05'),(11465,110,'(2206, 2340)',NULL,'2017-05-04 00:55:05'),(11466,110,'(417, 419)',NULL,'2017-05-04 00:55:05'),(11467,110,'(2348, 2444)',NULL,'2017-05-04 00:55:05'),(11468,110,'(2445, 2536)',NULL,'2017-05-04 00:55:05'),(11469,110,'(2540, 2653)',NULL,'2017-05-04 00:55:05'),(11470,110,'(2654, 2678)',NULL,'2017-05-04 00:55:05'),(11471,110,'(339, 341)',NULL,'2017-05-04 00:55:05'),(11472,110,'(2683, 2802)',NULL,'2017-05-04 00:55:05'),(11473,110,'(2804, 3000)',NULL,'2017-05-04 00:55:05'),(11474,110,'(3002, 3055)',NULL,'2017-05-04 00:55:05'),(11475,110,'(3057, 3265)',NULL,'2017-05-04 00:55:05'),(11476,110,'(3267, 3397)',NULL,'2017-05-04 00:55:05'),(11477,110,'(3399, 3506)',NULL,'2017-05-04 00:55:05'),(11478,110,'(3508, 3586)',NULL,'2017-05-04 00:55:05'),(11479,110,'(3588, 3651)',NULL,'2017-05-04 00:55:05'),(11480,110,'(3653, 3768)',NULL,'2017-05-04 00:55:05'),(11481,110,'(3770, 3821)',NULL,'2017-05-04 00:55:05'),(11482,110,'(3823, 3874)',NULL,'2017-05-04 00:55:05'),(11483,110,'(3876, 3980)',NULL,'2017-05-04 00:55:05'),(11484,110,'(3982, 4649)',NULL,'2017-05-04 00:55:05'),(11485,110,'(4651, 4692)',NULL,'2017-05-04 00:55:05'),(11486,110,'(4694, 4803)',NULL,'2017-05-04 00:55:05'),(11487,110,'(4805, 4899)',NULL,'2017-05-04 00:55:05'),(11488,110,'(4901, 4955)',NULL,'2017-05-04 00:55:05'),(11489,110,'(4957, 5220)',NULL,'2017-05-04 00:55:05'),(11490,110,'(5222, 5371)',NULL,'2017-05-04 00:55:05'),(11491,110,'(5373, 5426)',NULL,'2017-05-04 00:55:05'),(11492,110,'(5428, 5480)',NULL,'2017-05-04 00:55:05'),(11493,110,'(5482, 5531)',NULL,'2017-05-04 00:55:05'),(11494,110,'(5533, 5870)',NULL,'2017-05-04 00:55:05'),(11495,110,'(5874, 5961)',NULL,'2017-05-04 00:55:05'),(11496,110,'(5963, 6027)',NULL,'2017-05-04 00:55:05'),(11497,110,'(6029, 6097)',NULL,'2017-05-04 00:55:05'),(11498,110,'(6099, 6133)',NULL,'2017-05-04 00:55:05'),(11499,110,'(6135, 6228)',NULL,'2017-05-04 00:55:05'),(11500,110,'(6230, 6391)',NULL,'2017-05-04 00:55:05'),(11501,110,'(6393, 6517)',NULL,'2017-05-04 00:55:05'),(11502,110,'(6519, 6770)',NULL,'2017-05-04 00:55:05'),(11503,110,'(6772, 6917)',NULL,'2017-05-04 00:55:05'),(11504,110,'(6919, 7142)',NULL,'2017-05-04 00:55:05'),(11505,110,'(7144, 7203)',NULL,'2017-05-04 00:55:05'),(11506,110,'(7205, 7272)',NULL,'2017-05-04 00:55:05'),(11507,110,'(7274, 7405)',NULL,'2017-05-04 00:55:05'),(11508,110,'(417, 419)',NULL,'2017-05-04 00:55:05'),(11509,110,'(7410, 7535)',NULL,'2017-05-04 00:55:05'),(11510,110,'(435, 437)',NULL,'2017-05-04 00:55:05'),(11511,110,'(7540, 7789)',NULL,'2017-05-04 00:55:05'),(11512,110,'(446, 448)',NULL,'2017-05-04 00:55:05'),(11513,110,'(7794, 8030)',NULL,'2017-05-04 00:55:05'),(11514,110,'(8032, 8239)',NULL,'2017-05-04 00:55:05'),(11515,110,'(8241, 8324)',NULL,'2017-05-04 00:55:05'),(11516,110,'(8326, 8548)',NULL,'2017-05-04 00:55:05'),(11517,110,'(8550, 8719)',NULL,'2017-05-04 00:55:05'),(11518,110,'(8721, 8792)',NULL,'2017-05-04 00:55:05'),(11519,110,'(8794, 9000)',NULL,'2017-05-04 00:55:05'),(11520,110,'(9002, 9193)',NULL,'2017-05-04 00:55:05'),(11521,110,'(567, 569)',NULL,'2017-05-04 00:55:05'),(11522,110,'(9198, 9508)',NULL,'2017-05-04 00:55:05'),(11523,110,'(9510, 10120)',NULL,'2017-05-04 00:55:05'),(11524,110,'(10123, 10418)',NULL,'2017-05-04 00:55:05'),(11525,110,'(10420, 10747)',NULL,'2017-05-04 00:55:05'),(11526,110,'(10748, 11103)',NULL,'2017-05-04 00:55:05'),(11527,110,'(11105, 11326)',NULL,'2017-05-04 00:55:05'),(11528,110,'(11328, 11538)',NULL,'2017-05-04 00:55:05'),(11529,110,'(685, 687)',NULL,'2017-05-04 00:55:05'),(11530,110,'(11543, 11840)',NULL,'2017-05-04 00:55:05'),(11531,110,'(11842, 12041)',NULL,'2017-05-04 00:55:05'),(11532,110,'(12043, 12336)',NULL,'2017-05-04 00:55:05'),(11533,110,'(12338, 12584)',NULL,'2017-05-04 00:55:05'),(11534,110,'(12586, 12741)',NULL,'2017-05-04 00:55:05'),(11535,110,'(12743, 12989)',NULL,'2017-05-04 00:55:05'),(11536,110,'(12991, 13119)',NULL,'2017-05-04 00:55:05'),(11537,110,'(13121, 13236)',NULL,'2017-05-04 00:55:05'),(11538,110,'(13238, 13483)',NULL,'2017-05-04 00:55:05'),(11539,110,'(13485, 13621)',NULL,'2017-05-04 00:55:05'),(11540,110,'(13623, 14107)',NULL,'2017-05-04 00:55:05'),(11541,110,'(14109, 14254)',NULL,'2017-05-04 00:55:05'),(11542,110,'(14256, 14363)',NULL,'2017-05-04 00:55:05'),(11543,110,'(14365, 14547)',NULL,'2017-05-04 00:55:05'),(11544,110,'(14551, 14889)',NULL,'2017-05-04 00:55:05'),(11545,110,'(14891, 14955)',NULL,'2017-05-04 00:55:05'),(11546,110,'(14957, 15164)',NULL,'2017-05-04 00:55:05'),(11547,110,'(11842, 12041)',NULL,'2017-05-04 00:55:05'),(11548,110,'(15367, 15644)',NULL,'2017-05-04 00:55:05'),(11549,110,'(15646, 15883)',NULL,'2017-05-04 00:55:05'),(11550,110,'(15885, 16027)',NULL,'2017-05-04 00:55:05'),(11551,110,'(851, 853)',NULL,'2017-05-04 00:55:05'),(11552,110,'(16032, 16651)',NULL,'2017-05-04 00:55:05'),(11553,110,'(892, 894)',NULL,'2017-05-04 00:55:05'),(11554,110,'(16656, 16983)',NULL,'2017-05-04 00:55:05'),(11555,110,'(16986, 17474)',NULL,'2017-05-04 00:55:05'),(11556,110,'(17476, 17631)',NULL,'2017-05-04 00:55:05'),(11557,110,'(17633, 17873)',NULL,'2017-05-04 00:55:05'),(11558,110,'(17875, 18044)',NULL,'2017-05-04 00:55:05'),(11559,110,'(977, 979)',NULL,'2017-05-04 00:55:05'),(11560,110,'(18049, 18317)',NULL,'2017-05-04 00:55:05'),(11561,110,'(18319, 18447)',NULL,'2017-05-04 00:55:05'),(11562,110,'(18449, 18767)',NULL,'2017-05-04 00:55:05'),(11563,110,'(18769, 19092)',NULL,'2017-05-04 00:55:05'),(11564,110,'(19094, 19223)',NULL,'2017-05-04 00:55:05'),(11565,110,'(1142, 1145)',NULL,'2017-05-04 00:55:05'),(11566,110,'(19229, 19534)',NULL,'2017-05-04 00:55:05'),(11567,110,'(19536, 20388)',NULL,'2017-05-04 00:55:05'),(11568,110,'(20390, 20474)',NULL,'2017-05-04 00:55:05'),(11569,110,'(1249, 1252)',NULL,'2017-05-04 00:55:05'),(11570,110,'(20480, 20746)',NULL,'2017-05-04 00:55:05'),(11571,110,'(20748, 20843)',NULL,'2017-05-04 00:55:05'),(11572,110,'(20845, 20964)',NULL,'2017-05-04 00:55:05'),(11573,110,'(20966, 21311)',NULL,'2017-05-04 00:55:05'),(11574,110,'(1274, 1277)',NULL,'2017-05-04 00:55:05'),(11575,110,'(21317, 22294)',NULL,'2017-05-04 00:55:05'),(11576,110,'(22296, 22572)',NULL,'2017-05-04 00:55:05'),(11577,110,'(1289, 1292)',NULL,'2017-05-04 00:55:05'),(11578,110,'(22578, 22872)',NULL,'2017-05-04 00:55:05'),(11579,110,'(22874, 23272)',NULL,'2017-05-04 00:55:05'),(11580,110,'(23274, 23444)',NULL,'2017-05-04 00:55:05'),(11581,110,'(23446, 23728)',NULL,'2017-05-04 00:55:05'),(11582,110,'(23730, 24021)',NULL,'2017-05-04 00:55:05'),(11583,110,'(24023, 24172)',NULL,'2017-05-04 00:55:05'),(11584,110,'(24174, 24555)',NULL,'2017-05-04 00:55:05'),(11585,110,'(1516, 1519)',NULL,'2017-05-04 00:55:05'),(11586,110,'(24561, 26344)',NULL,'2017-05-04 00:55:05'),(11587,110,'(26346, 26439)',NULL,'2017-05-04 00:55:05'),(11588,110,'(26441, 26537)',NULL,'2017-05-04 00:55:05'),(11589,110,'(1598, 1601)',NULL,'2017-05-04 00:55:05'),(11590,110,'(26543, 26941)',NULL,'2017-05-04 00:55:05'),(11591,110,'(26943, 27233)',NULL,'2017-05-04 00:55:05'),(11592,110,'(27235, 27387)',NULL,'2017-05-04 00:55:05'),(11593,110,'(27389, 27550)',NULL,'2017-05-04 00:55:05'),(11594,110,'(27552, 27735)',NULL,'2017-05-04 00:55:05'),(11595,110,'(27737, 27961)',NULL,'2017-05-04 00:55:05'),(11596,110,'(27963, 28094)',NULL,'2017-05-04 00:55:05'),(11597,110,'(1752, 1755)',NULL,'2017-05-04 00:55:05'),(11598,110,'(28100, 28306)',NULL,'2017-05-04 00:55:05'),(11599,110,'(1770, 1773)',NULL,'2017-05-04 00:55:05'),(11600,110,'(28312, 28459)',NULL,'2017-05-04 00:55:05'),(11601,110,'(28461, 28684)',NULL,'2017-05-04 00:55:05'),(11602,110,'(28686, 28847)',NULL,'2017-05-04 00:55:05'),(11603,110,'(28849, 29003)',NULL,'2017-05-04 00:55:05'),(11604,110,'(29005, 29276)',NULL,'2017-05-04 00:55:05'),(11605,110,'(29278, 29333)',NULL,'2017-05-04 00:55:05'),(11606,110,'(29335, 29548)',NULL,'2017-05-04 00:55:05'),(11607,110,'(29550, 29704)',NULL,'2017-05-04 00:55:05'),(11608,110,'(29706, 29829)',NULL,'2017-05-04 00:55:05'),(11609,110,'(29831, 30018)',NULL,'2017-05-04 00:55:05'),(11610,110,'(30020, 30100)',NULL,'2017-05-04 00:55:05'),(11611,110,'(30102, 30171)',NULL,'2017-05-04 00:55:05'),(11612,110,'(30179, 30659)',NULL,'2017-05-04 00:55:05'),(11613,110,'(30660, 30828)',NULL,'2017-05-04 00:55:05'),(11614,110,'(417, 419)',NULL,'2017-05-04 00:55:05'),(11615,110,'(30833, 31357)',NULL,'2017-05-04 00:55:05'),(11616,110,'(31359, 31649)',NULL,'2017-05-04 00:55:05'),(11617,110,'(31651, 31801)',NULL,'2017-05-04 00:55:05'),(11618,110,'(435, 437)',NULL,'2017-05-04 00:55:05'),(11619,110,'(31806, 31890)',NULL,'2017-05-04 00:55:05'),(11620,110,'(31892, 32203)',NULL,'2017-05-04 00:55:05'),(11621,110,'(446, 448)',NULL,'2017-05-04 00:55:05'),(11622,110,'(32208, 32397)',NULL,'2017-05-04 00:55:05'),(11623,110,'(32399, 32732)',NULL,'2017-05-04 00:55:05'),(11624,110,'(567, 569)',NULL,'2017-05-04 00:55:05'),(11625,110,'(32737, 33318)',NULL,'2017-05-04 00:55:05'),(11626,110,'(685, 687)',NULL,'2017-05-04 00:55:05'),(11627,110,'(33323, 33774)',NULL,'2017-05-04 00:55:05'),(11628,110,'(33781, 37070)',NULL,'2017-05-04 00:55:05'),(11629,110,'(37076, 37939)',NULL,'2017-05-04 00:55:05'),(11630,110,'(37945, 38089)',NULL,'2017-05-04 00:55:05'),(11631,111,'(0, 301)',NULL,'2017-05-04 00:55:42'),(11632,111,'(305, 307)',NULL,'2017-05-04 00:55:42'),(11633,111,'(308, 469)',NULL,'2017-05-04 00:55:42'),(11634,111,'(477, 479)',NULL,'2017-05-04 00:55:42'),(11635,111,'(482, 710)',NULL,'2017-05-04 00:55:42'),(11636,111,'(711, 906)',NULL,'2017-05-04 00:55:42'),(11637,111,'(911, 956)',NULL,'2017-05-04 00:55:42'),(11638,111,'(962, 964)',NULL,'2017-05-04 00:55:42'),(11639,111,'(965, 1138)',NULL,'2017-05-04 00:55:42'),(11640,111,'(1142, 1350)',NULL,'2017-05-04 00:55:42'),(11641,111,'(1355, 1610)',NULL,'2017-05-04 00:55:42'),(11642,111,'(1615, 1617)',NULL,'2017-05-04 00:55:42'),(11643,111,'(1618, 2169)',NULL,'2017-05-04 00:55:42'),(11644,111,'(1136, 1138)',NULL,'2017-05-04 00:55:42'),(11645,111,'(2176, 2380)',NULL,'2017-05-04 00:55:42'),(11646,111,'(2382, 2534)',NULL,'2017-05-04 00:55:42'),(11647,111,'(2538, 2738)',NULL,'2017-05-04 00:55:42'),(11648,111,'(2742, 2744)',NULL,'2017-05-04 00:55:42'),(11649,111,'(2747, 2849)',NULL,'2017-05-04 00:55:42'),(11650,111,'(2851, 2855)',NULL,'2017-05-04 00:55:42'),(11651,111,'(2856, 3059)',NULL,'2017-05-04 00:55:42'),(11652,111,'(3063, 3308)',NULL,'2017-05-04 00:55:42'),(11653,111,'(3309, 3486)',NULL,'2017-05-04 00:55:42'),(11654,111,'(3490, 3492)',NULL,'2017-05-04 00:55:42'),(11655,111,'(3495, 3798)',NULL,'2017-05-04 00:55:42'),(11656,111,'(3801, 3803)',NULL,'2017-05-04 00:55:42'),(11657,111,'(3806, 3917)',NULL,'2017-05-04 00:55:42'),(11658,111,'(3923, 4083)',NULL,'2017-05-04 00:55:43'),(11659,111,'(4087, 4089)',NULL,'2017-05-04 00:55:43'),(11660,111,'(4092, 4329)',NULL,'2017-05-04 00:55:43'),(11661,111,'(4335, 4454)',NULL,'2017-05-04 00:55:43'),(11662,111,'(4459, 4622)',NULL,'2017-05-04 00:55:43'),(11663,111,'(4630, 4632)',NULL,'2017-05-04 00:55:43'),(11664,111,'(4633, 4838)',NULL,'2017-05-04 00:55:43'),(11665,111,'(4843, 5043)',NULL,'2017-05-04 00:55:43'),(11666,111,'(5047, 5249)',NULL,'2017-05-04 00:55:43'),(11667,111,'(5255, 5258)',NULL,'2017-05-04 00:55:43'),(11668,111,'(5259, 5648)',NULL,'2017-05-04 00:55:43'),(11669,111,'(5650, 5907)',NULL,'2017-05-04 00:55:43'),(11670,111,'(5911, 5914)',NULL,'2017-05-04 00:55:43'),(11671,111,'(5915, 6039)',NULL,'2017-05-04 00:55:43'),(11672,111,'(6041, 6346)',NULL,'2017-05-04 00:55:43'),(11673,111,'(6348, 6468)',NULL,'2017-05-04 00:55:43'),(11674,111,'(6473, 6943)',NULL,'2017-05-04 00:55:43'),(11675,111,'(6945, 7089)',NULL,'2017-05-04 00:55:43'),(11676,111,'(7093, 7096)',NULL,'2017-05-04 00:55:43'),(11677,111,'(7097, 7652)',NULL,'2017-05-04 00:55:43'),(11678,111,'(7656, 7751)',NULL,'2017-05-04 00:55:43'),(11679,111,'(7755, 8149)',NULL,'2017-05-04 00:55:43'),(11680,111,'(8153, 8323)',NULL,'2017-05-04 00:55:43'),(11681,111,'(8327, 8581)',NULL,'2017-05-04 00:55:43'),(11682,111,'(8583, 8815)',NULL,'2017-05-04 00:55:43'),(11683,111,'(8825, 9366)',NULL,'2017-05-04 00:55:43'),(11684,111,'(9367, 9542)',NULL,'2017-05-04 00:55:43'),(11685,111,'(9547, 9659)',NULL,'2017-05-04 00:55:43'),(11686,111,'(9661, 9811)',NULL,'2017-05-04 00:55:43'),(11687,111,'(9816, 9960)',NULL,'2017-05-04 00:55:43'),(11688,111,'(9961, 10008)',NULL,'2017-05-04 00:55:43'),(11689,111,'(10009, 10136)',NULL,'2017-05-04 00:55:43'),(11690,111,'(962, 964)',NULL,'2017-05-04 00:55:43'),(11691,111,'(10143, 10386)',NULL,'2017-05-04 00:55:43'),(11692,111,'(10391, 10493)',NULL,'2017-05-04 00:55:43'),(11693,111,'(1615, 1617)',NULL,'2017-05-04 00:55:43'),(11694,111,'(10500, 10755)',NULL,'2017-05-04 00:55:43'),(11695,111,'(1136, 1138)',NULL,'2017-05-04 00:55:43'),(11696,111,'(10762, 10856)',NULL,'2017-05-04 00:55:43'),(11697,111,'(10860, 10940)',NULL,'2017-05-04 00:55:43'),(11698,111,'(10948, 11033)',NULL,'2017-05-04 00:55:43'),(11699,111,'(2742, 2744)',NULL,'2017-05-04 00:55:43'),(11700,111,'(11042, 11192)',NULL,'2017-05-04 00:55:43'),(11701,111,'(11194, 11271)',NULL,'2017-05-04 00:55:43'),(11702,111,'(3490, 3492)',NULL,'2017-05-04 00:55:43'),(11703,111,'(11278, 11623)',NULL,'2017-05-04 00:55:43'),(11704,111,'(11628, 11857)',NULL,'2017-05-04 00:55:43'),(11705,111,'(11859, 11973)',NULL,'2017-05-04 00:55:43'),(11706,111,'(11975, 12138)',NULL,'2017-05-04 00:55:43'),(11707,111,'(12142, 12334)',NULL,'2017-05-04 00:55:43'),(11708,111,'(12336, 12502)',NULL,'2017-05-04 00:55:43'),(11709,111,'(12507, 12609)',NULL,'2017-05-04 00:55:43'),(11710,111,'(12614, 12905)',NULL,'2017-05-04 00:55:43'),(11711,111,'(12907, 13031)',NULL,'2017-05-04 00:55:43'),(11712,111,'(4087, 4089)',NULL,'2017-05-04 00:55:43'),(11713,111,'(13038, 13124)',NULL,'2017-05-04 00:55:43'),(11714,111,'(13133, 13170)',NULL,'2017-05-04 00:55:43'),(11715,111,'(13172, 13346)',NULL,'2017-05-04 00:55:43'),(11716,111,'(13350, 13502)',NULL,'2017-05-04 00:55:43'),(11717,111,'(13504, 13682)',NULL,'2017-05-04 00:55:43'),(11718,111,'(962, 964)',NULL,'2017-05-04 00:55:43'),(11719,111,'(13690, 14621)',NULL,'2017-05-04 00:55:43'),(11720,111,'(14623, 14773)',NULL,'2017-05-04 00:55:43'),(11721,111,'(14774, 15076)',NULL,'2017-05-04 00:55:43'),(14679,134,'(0, 282)',NULL,'2017-05-04 18:49:19'),(14680,134,'(283, 685)',NULL,'2017-05-04 18:49:19'),(14681,134,'(686, 894)',NULL,'2017-05-04 18:49:19'),(14682,134,'(895, 1083)',NULL,'2017-05-04 18:49:19'),(14683,134,'(1084, 1190)',NULL,'2017-05-04 18:49:19'),(14684,134,'(1191, 1474)',NULL,'2017-05-04 18:49:19'),(14685,134,'(1475, 1477)',NULL,'2017-05-04 18:49:19'),(14686,134,'(1478, 1715)',NULL,'2017-05-04 18:49:19'),(14687,134,'(1716, 1718)',NULL,'2017-05-04 18:49:19'),(14688,134,'(1719, 2034)',NULL,'2017-05-04 18:49:19'),(14689,134,'(2035, 2294)',NULL,'2017-05-04 18:49:19'),(14690,134,'(2295, 2297)',NULL,'2017-05-04 18:49:19'),(14691,134,'(2298, 2532)',NULL,'2017-05-04 18:49:19'),(14692,134,'(2533, 2535)',NULL,'2017-05-04 18:49:19'),(14693,134,'(2536, 2825)',NULL,'2017-05-04 18:49:19'),(14694,134,'(2826, 2828)',NULL,'2017-05-04 18:49:19'),(14695,134,'(2829, 3017)',NULL,'2017-05-04 18:49:19'),(14696,134,'(3018, 3020)',NULL,'2017-05-04 18:49:19'),(14697,134,'(3021, 3328)',NULL,'2017-05-04 18:49:19'),(14698,134,'(3329, 3331)',NULL,'2017-05-04 18:49:19'),(14699,134,'(3332, 3545)',NULL,'2017-05-04 18:49:19'),(14700,134,'(3546, 3548)',NULL,'2017-05-04 18:49:19'),(14701,134,'(3549, 3818)',NULL,'2017-05-04 18:49:19'),(14702,134,'(3819, 4025)',NULL,'2017-05-04 18:49:19'),(14703,134,'(4026, 4234)',NULL,'2017-05-04 18:49:19'),(14704,134,'(4235, 4342)',NULL,'2017-05-04 18:49:19'),(14705,134,'(4343, 4346)',NULL,'2017-05-04 18:49:19'),(14706,134,'(4347, 4749)',NULL,'2017-05-04 18:49:19'),(14707,134,'(4750, 5029)',NULL,'2017-05-04 18:49:19'),(14708,134,'(5030, 5215)',NULL,'2017-05-04 18:49:19'),(14709,134,'(5216, 5219)',NULL,'2017-05-04 18:49:19'),(14710,134,'(5220, 5517)',NULL,'2017-05-04 18:49:19'),(14711,134,'(5518, 5521)',NULL,'2017-05-04 18:49:19'),(14712,134,'(5522, 6032)',NULL,'2017-05-04 18:49:19'),(14713,134,'(6033, 6471)',NULL,'2017-05-04 18:49:19'),(14714,134,'(6472, 6632)',NULL,'2017-05-04 18:49:19'),(14715,134,'(6633, 6636)',NULL,'2017-05-04 18:49:19'),(14716,134,'(6637, 6838)',NULL,'2017-05-04 18:49:19'),(14717,134,'(6839, 7248)',NULL,'2017-05-04 18:49:19'),(14718,134,'(7249, 7389)',NULL,'2017-05-04 18:49:19'),(14719,134,'(7390, 7393)',NULL,'2017-05-04 18:49:19'),(14720,134,'(7394, 7728)',NULL,'2017-05-04 18:49:19'),(14721,134,'(7729, 7902)',NULL,'2017-05-04 18:49:19'),(14722,134,'(7903, 8199)',NULL,'2017-05-04 18:49:19'),(14723,134,'(8200, 8203)',NULL,'2017-05-04 18:49:19'),(14724,134,'(8204, 8647)',NULL,'2017-05-04 18:49:19'),(14725,134,'(8648, 8976)',NULL,'2017-05-04 18:49:19'),(14726,134,'(8977, 9073)',NULL,'2017-05-04 18:49:19'),(14727,134,'(9074, 9175)',NULL,'2017-05-04 18:49:19'),(14728,134,'(9176, 9179)',NULL,'2017-05-04 18:49:19'),(14729,134,'(9180, 9400)',NULL,'2017-05-04 18:49:19'),(14730,134,'(9401, 9607)',NULL,'2017-05-04 18:49:19'),(14731,134,'(9608, 9611)',NULL,'2017-05-04 18:49:19'),(14732,134,'(9612, 9959)',NULL,'2017-05-04 18:49:19'),(14733,134,'(9960, 9963)',NULL,'2017-05-04 18:49:19'),(14734,134,'(9964, 10154)',NULL,'2017-05-04 18:49:19'),(14735,134,'(10155, 10158)',NULL,'2017-05-04 18:49:19'),(14736,134,'(10159, 10403)',NULL,'2017-05-04 18:49:19'),(14737,134,'(10404, 10407)',NULL,'2017-05-04 18:49:19'),(14738,134,'(10408, 10589)',NULL,'2017-05-04 18:49:19'),(14739,134,'(10590, 10720)',NULL,'2017-05-04 18:49:19'),(14740,134,'(10721, 10816)',NULL,'2017-05-04 18:49:19'),(14741,134,'(10817, 10837)',NULL,'2017-05-04 18:49:19'),(14742,134,'(10838, 10929)',NULL,'2017-05-04 18:49:19'),(14743,134,'(10930, 11084)',NULL,'2017-05-04 18:49:19'),(14744,134,'(11085, 11189)',NULL,'2017-05-04 18:49:19'),(14745,134,'(11190, 11317)',NULL,'2017-05-04 18:49:19'),(14746,134,'(1475, 1477)',NULL,'2017-05-04 18:49:19'),(14747,134,'(11321, 11510)',NULL,'2017-05-04 18:49:19'),(14748,134,'(1716, 1718)',NULL,'2017-05-04 18:49:19'),(14749,134,'(11514, 11686)',NULL,'2017-05-04 18:49:19'),(14750,134,'(11687, 11914)',NULL,'2017-05-04 18:49:19'),(14751,134,'(11915, 12010)',NULL,'2017-05-04 18:49:19'),(14752,134,'(12011, 12053)',NULL,'2017-05-04 18:49:19'),(14753,134,'(12054, 12111)',NULL,'2017-05-04 18:49:19'),(14754,134,'(12112, 12189)',NULL,'2017-05-04 18:49:19'),(14755,134,'(12190, 12273)',NULL,'2017-05-04 18:49:19'),(14756,134,'(12274, 12322)',NULL,'2017-05-04 18:49:19'),(14757,134,'(10814, 10816)',NULL,'2017-05-04 18:49:19'),(14758,134,'(12326, 12377)',NULL,'2017-05-04 18:49:19'),(14759,134,'(892, 894)',NULL,'2017-05-04 18:49:19'),(14760,134,'(12381, 12425)',NULL,'2017-05-04 18:49:19'),(14761,134,'(12426, 12501)',NULL,'2017-05-04 18:49:19'),(14762,134,'(12502, 12581)',NULL,'2017-05-04 18:49:19'),(14763,134,'(12582, 12907)',NULL,'2017-05-04 18:49:19'),(14764,134,'(12908, 12940)',NULL,'2017-05-04 18:49:19'),(14765,134,'(12941, 12955)',NULL,'2017-05-04 18:49:19'),(14766,134,'(12956, 12969)',NULL,'2017-05-04 18:49:19'),(14767,134,'(12970, 12984)',NULL,'2017-05-04 18:49:19'),(14768,134,'(12985, 13023)',NULL,'2017-05-04 18:49:19'),(14769,134,'(13024, 13078)',NULL,'2017-05-04 18:49:19'),(14770,134,'(13079, 13111)',NULL,'2017-05-04 18:49:19'),(14771,134,'(13112, 13142)',NULL,'2017-05-04 18:49:19'),(14772,134,'(13143, 13396)',NULL,'2017-05-04 18:49:19'),(14773,134,'(13397, 13552)',NULL,'2017-05-04 18:49:19'),(14774,134,'(13553, 13650)',NULL,'2017-05-04 18:49:19'),(14775,134,'(13651, 13697)',NULL,'2017-05-04 18:49:19'),(14776,134,'(13698, 13725)',NULL,'2017-05-04 18:49:19'),(14777,134,'(13726, 13751)',NULL,'2017-05-04 18:49:19'),(14778,134,'(13752, 13812)',NULL,'2017-05-04 18:49:19'),(14779,134,'(13813, 13846)',NULL,'2017-05-04 18:49:19'),(14780,134,'(13847, 13993)',NULL,'2017-05-04 18:49:19'),(14781,134,'(13994, 14007)',NULL,'2017-05-04 18:49:19'),(14782,134,'(14008, 14026)',NULL,'2017-05-04 18:49:19'),(14783,134,'(14027, 14055)',NULL,'2017-05-04 18:49:19'),(14784,134,'(14056, 14225)',NULL,'2017-05-04 18:49:19'),(14785,134,'(14226, 14368)',NULL,'2017-05-04 18:49:19'),(14786,134,'(14369, 14598)',NULL,'2017-05-04 18:49:19'),(14787,134,'(14599, 14602)',NULL,'2017-05-04 18:49:19'),(14788,134,'(14603, 14797)',NULL,'2017-05-04 18:49:19'),(14789,134,'(14798, 14910)',NULL,'2017-05-04 18:49:19'),(14790,134,'(3816, 3818)',NULL,'2017-05-04 18:49:19'),(14791,134,'(14914, 14932)',NULL,'2017-05-04 18:49:19'),(14792,134,'(14933, 14939)',NULL,'2017-05-04 18:49:19'),(14793,134,'(14940, 14970)',NULL,'2017-05-04 18:49:19'),(14794,134,'(14971, 15003)',NULL,'2017-05-04 18:49:19'),(14795,134,'(15004, 15025)',NULL,'2017-05-04 18:49:19'),(14796,134,'(15026, 15219)',NULL,'2017-05-04 18:49:19'),(14797,134,'(15220, 15364)',NULL,'2017-05-04 18:49:19'),(14798,134,'(15365, 15399)',NULL,'2017-05-04 18:49:19'),(14799,134,'(15400, 15448)',NULL,'2017-05-04 18:49:19'),(14800,134,'(15449, 15571)',NULL,'2017-05-04 18:49:19'),(14801,134,'(15572, 15655)',NULL,'2017-05-04 18:49:19'),(14802,134,'(15656, 15804)',NULL,'2017-05-04 18:49:19'),(14803,134,'(15805, 15977)',NULL,'2017-05-04 18:49:19'),(14804,134,'(15978, 16168)',NULL,'2017-05-04 18:49:19'),(14805,134,'(16169, 16256)',NULL,'2017-05-04 18:49:19'),(14806,134,'(16257, 16296)',NULL,'2017-05-04 18:49:19'),(14807,134,'(16297, 16420)',NULL,'2017-05-04 18:49:19'),(14808,134,'(16421, 16561)',NULL,'2017-05-04 18:49:19'),(14809,134,'(1475, 1477)',NULL,'2017-05-04 18:49:19'),(14810,134,'(16565, 16689)',NULL,'2017-05-04 18:49:19'),(14811,134,'(4023, 4025)',NULL,'2017-05-04 18:49:19'),(14812,134,'(16693, 16978)',NULL,'2017-05-04 18:49:19'),(14813,134,'(16979, 17246)',NULL,'2017-05-04 18:49:19'),(14814,134,'(17247, 17297)',NULL,'2017-05-04 18:49:19'),(14815,134,'(17298, 17672)',NULL,'2017-05-04 18:49:19'),(14816,134,'(17673, 17739)',NULL,'2017-05-04 18:49:19'),(14817,134,'(17740, 17926)',NULL,'2017-05-04 18:49:19'),(14818,134,'(17927, 18018)',NULL,'2017-05-04 18:49:19'),(14819,134,'(18019, 18160)',NULL,'2017-05-04 18:49:19'),(14820,134,'(18161, 18291)',NULL,'2017-05-04 18:49:19'),(14821,134,'(18292, 18462)',NULL,'2017-05-04 18:49:19'),(14822,134,'(18463, 18541)',NULL,'2017-05-04 18:49:19'),(14823,135,'(0, 282)',NULL,'2017-05-04 18:53:29'),(14824,135,'(283, 685)',NULL,'2017-05-04 18:53:29'),(14825,135,'(686, 894)',NULL,'2017-05-04 18:53:29'),(14826,135,'(895, 1083)',NULL,'2017-05-04 18:53:29'),(14827,135,'(1084, 1190)',NULL,'2017-05-04 18:53:29'),(14828,135,'(1191, 1474)',NULL,'2017-05-04 18:53:29'),(14829,135,'(1475, 1477)',NULL,'2017-05-04 18:53:29'),(14830,135,'(1478, 1715)',NULL,'2017-05-04 18:53:29'),(14831,135,'(1716, 1718)',NULL,'2017-05-04 18:53:29'),(14832,135,'(1719, 2034)',NULL,'2017-05-04 18:53:29'),(14833,135,'(2035, 2294)',NULL,'2017-05-04 18:53:29'),(14834,135,'(2295, 2297)',NULL,'2017-05-04 18:53:29'),(14835,135,'(2298, 2532)',NULL,'2017-05-04 18:53:29'),(14836,135,'(2533, 2535)',NULL,'2017-05-04 18:53:29'),(14837,135,'(2536, 2825)',NULL,'2017-05-04 18:53:29'),(14838,135,'(2826, 2828)',NULL,'2017-05-04 18:53:29'),(14839,135,'(2829, 3017)',NULL,'2017-05-04 18:53:29'),(14840,135,'(3018, 3020)',NULL,'2017-05-04 18:53:29'),(14841,135,'(3021, 3328)',NULL,'2017-05-04 18:53:29'),(14842,135,'(3329, 3331)',NULL,'2017-05-04 18:53:29'),(14843,135,'(3332, 3545)',NULL,'2017-05-04 18:53:29'),(14844,135,'(3546, 3548)',NULL,'2017-05-04 18:53:29'),(14845,135,'(3549, 3818)',NULL,'2017-05-04 18:53:29'),(14846,135,'(3819, 4025)',NULL,'2017-05-04 18:53:29'),(14847,135,'(4026, 4234)',NULL,'2017-05-04 18:53:29'),(14848,135,'(4235, 4342)',NULL,'2017-05-04 18:53:29'),(14849,135,'(4343, 4346)',NULL,'2017-05-04 18:53:29'),(14850,135,'(4347, 4749)',NULL,'2017-05-04 18:53:29'),(14851,135,'(4750, 5029)',NULL,'2017-05-04 18:53:29'),(14852,135,'(5030, 5215)',NULL,'2017-05-04 18:53:29'),(14853,135,'(5216, 5219)',NULL,'2017-05-04 18:53:29'),(14854,135,'(5220, 5517)',NULL,'2017-05-04 18:53:29'),(14855,135,'(5518, 5521)',NULL,'2017-05-04 18:53:29'),(14856,135,'(5522, 6032)',NULL,'2017-05-04 18:53:29'),(14857,135,'(6033, 6471)',NULL,'2017-05-04 18:53:29'),(14858,135,'(6472, 6632)',NULL,'2017-05-04 18:53:29'),(14859,135,'(6633, 6636)',NULL,'2017-05-04 18:53:29'),(14860,135,'(6637, 6838)',NULL,'2017-05-04 18:53:29'),(14861,135,'(6839, 7248)',NULL,'2017-05-04 18:53:29'),(14862,135,'(7249, 7389)',NULL,'2017-05-04 18:53:29'),(14863,135,'(7390, 7393)',NULL,'2017-05-04 18:53:29'),(14864,135,'(7394, 7728)',NULL,'2017-05-04 18:53:29'),(14865,135,'(7729, 7902)',NULL,'2017-05-04 18:53:29'),(14866,135,'(7903, 8199)',NULL,'2017-05-04 18:53:29'),(14867,135,'(8200, 8203)',NULL,'2017-05-04 18:53:29'),(14868,135,'(8204, 8647)',NULL,'2017-05-04 18:53:29'),(14869,135,'(8648, 8976)',NULL,'2017-05-04 18:53:29'),(14870,135,'(8977, 9073)',NULL,'2017-05-04 18:53:29'),(14871,135,'(9074, 9175)',NULL,'2017-05-04 18:53:29'),(14872,135,'(9176, 9179)',NULL,'2017-05-04 18:53:29'),(14873,135,'(9180, 9400)',NULL,'2017-05-04 18:53:29'),(14874,135,'(9401, 9607)',NULL,'2017-05-04 18:53:29'),(14875,135,'(9608, 9611)',NULL,'2017-05-04 18:53:29'),(14876,135,'(9612, 9959)',NULL,'2017-05-04 18:53:29'),(14877,135,'(9960, 9963)',NULL,'2017-05-04 18:53:29'),(14878,135,'(9964, 10154)',NULL,'2017-05-04 18:53:29'),(14879,135,'(10155, 10158)',NULL,'2017-05-04 18:53:29'),(14880,135,'(10159, 10403)',NULL,'2017-05-04 18:53:29'),(14881,135,'(10404, 10407)',NULL,'2017-05-04 18:53:29'),(14882,135,'(10408, 10589)',NULL,'2017-05-04 18:53:29'),(14883,135,'(10590, 10720)',NULL,'2017-05-04 18:53:29'),(14884,135,'(10721, 10816)',NULL,'2017-05-04 18:53:29'),(14885,135,'(10817, 10837)',NULL,'2017-05-04 18:53:29'),(14886,135,'(10838, 10929)',NULL,'2017-05-04 18:53:29'),(14887,135,'(10930, 11084)',NULL,'2017-05-04 18:53:29'),(14888,135,'(11085, 11189)',NULL,'2017-05-04 18:53:29'),(14889,135,'(11190, 11317)',NULL,'2017-05-04 18:53:29'),(14890,135,'(1475, 1477)',NULL,'2017-05-04 18:53:29'),(14891,135,'(11321, 11510)',NULL,'2017-05-04 18:53:29'),(14892,135,'(1716, 1718)',NULL,'2017-05-04 18:53:29'),(14893,135,'(11514, 11686)',NULL,'2017-05-04 18:53:29'),(14894,135,'(11687, 11914)',NULL,'2017-05-04 18:53:29'),(14895,135,'(11915, 12010)',NULL,'2017-05-04 18:53:29'),(14896,135,'(12011, 12053)',NULL,'2017-05-04 18:53:29'),(14897,135,'(12054, 12111)',NULL,'2017-05-04 18:53:29'),(14898,135,'(12112, 12189)',NULL,'2017-05-04 18:53:29'),(14899,135,'(12190, 12273)',NULL,'2017-05-04 18:53:29'),(14900,135,'(12274, 12322)',NULL,'2017-05-04 18:53:29'),(14901,135,'(10814, 10816)',NULL,'2017-05-04 18:53:29'),(14902,135,'(12326, 12377)',NULL,'2017-05-04 18:53:29'),(14903,135,'(892, 894)',NULL,'2017-05-04 18:53:29'),(14904,135,'(12381, 12425)',NULL,'2017-05-04 18:53:29'),(14905,135,'(12426, 12501)',NULL,'2017-05-04 18:53:29'),(14906,135,'(12502, 12581)',NULL,'2017-05-04 18:53:29'),(14907,135,'(12582, 12907)',NULL,'2017-05-04 18:53:29'),(14908,135,'(12908, 12940)',NULL,'2017-05-04 18:53:29'),(14909,135,'(12941, 12955)',NULL,'2017-05-04 18:53:29'),(14910,135,'(12956, 12969)',NULL,'2017-05-04 18:53:29'),(14911,135,'(12970, 12984)',NULL,'2017-05-04 18:53:29'),(14912,135,'(12985, 13023)',NULL,'2017-05-04 18:53:29'),(14913,135,'(13024, 13078)',NULL,'2017-05-04 18:53:29'),(14914,135,'(13079, 13111)',NULL,'2017-05-04 18:53:29'),(14915,135,'(13112, 13142)',NULL,'2017-05-04 18:53:29'),(14916,135,'(13143, 13396)',NULL,'2017-05-04 18:53:29'),(14917,135,'(13397, 13552)',NULL,'2017-05-04 18:53:29'),(14918,135,'(13553, 13650)',NULL,'2017-05-04 18:53:29'),(14919,135,'(13651, 13697)',NULL,'2017-05-04 18:53:29'),(14920,135,'(13698, 13725)',NULL,'2017-05-04 18:53:29'),(14921,135,'(13726, 13751)',NULL,'2017-05-04 18:53:29'),(14922,135,'(13752, 13812)',NULL,'2017-05-04 18:53:29'),(14923,135,'(13813, 13846)',NULL,'2017-05-04 18:53:29'),(14924,135,'(13847, 13993)',NULL,'2017-05-04 18:53:29'),(14925,135,'(13994, 14007)',NULL,'2017-05-04 18:53:29'),(14926,135,'(14008, 14026)',NULL,'2017-05-04 18:53:29'),(14927,135,'(14027, 14055)',NULL,'2017-05-04 18:53:29'),(14928,135,'(14056, 14225)',NULL,'2017-05-04 18:53:29'),(14929,135,'(14226, 14368)',NULL,'2017-05-04 18:53:29'),(14930,135,'(14369, 14598)',NULL,'2017-05-04 18:53:29'),(14931,135,'(14599, 14602)',NULL,'2017-05-04 18:53:29'),(14932,135,'(14603, 14797)',NULL,'2017-05-04 18:53:29'),(14933,135,'(14798, 14910)',NULL,'2017-05-04 18:53:29'),(14934,135,'(3816, 3818)',NULL,'2017-05-04 18:53:29'),(14935,135,'(14914, 14932)',NULL,'2017-05-04 18:53:29'),(14936,135,'(14933, 14939)',NULL,'2017-05-04 18:53:29'),(14937,135,'(14940, 14970)',NULL,'2017-05-04 18:53:29'),(14938,135,'(14971, 15003)',NULL,'2017-05-04 18:53:29'),(14939,135,'(15004, 15025)',NULL,'2017-05-04 18:53:29'),(14940,135,'(15026, 15219)',NULL,'2017-05-04 18:53:29'),(14941,135,'(15220, 15364)',NULL,'2017-05-04 18:53:29'),(14942,135,'(15365, 15399)',NULL,'2017-05-04 18:53:29'),(14943,135,'(15400, 15448)',NULL,'2017-05-04 18:53:29'),(14944,135,'(15449, 15571)',NULL,'2017-05-04 18:53:29'),(14945,135,'(15572, 15655)',NULL,'2017-05-04 18:53:29'),(14946,135,'(15656, 15804)',NULL,'2017-05-04 18:53:29'),(14947,135,'(15805, 15977)',NULL,'2017-05-04 18:53:29'),(14948,135,'(15978, 16168)',NULL,'2017-05-04 18:53:29'),(14949,135,'(16169, 16256)',NULL,'2017-05-04 18:53:29'),(14950,135,'(16257, 16296)',NULL,'2017-05-04 18:53:29'),(14951,135,'(16297, 16420)',NULL,'2017-05-04 18:53:29'),(14952,135,'(16421, 16561)',NULL,'2017-05-04 18:53:29'),(14953,135,'(1475, 1477)',NULL,'2017-05-04 18:53:29'),(14954,135,'(16565, 16689)',NULL,'2017-05-04 18:53:29'),(14955,135,'(4023, 4025)',NULL,'2017-05-04 18:53:29'),(14956,135,'(16693, 16978)',NULL,'2017-05-04 18:53:29'),(14957,135,'(16979, 17246)',NULL,'2017-05-04 18:53:29'),(14958,135,'(17247, 17297)',NULL,'2017-05-04 18:53:29'),(14959,135,'(17298, 17672)',NULL,'2017-05-04 18:53:29'),(14960,135,'(17673, 17739)',NULL,'2017-05-04 18:53:29'),(14961,135,'(17740, 17926)',NULL,'2017-05-04 18:53:29'),(14962,135,'(17927, 18018)',NULL,'2017-05-04 18:53:29'),(14963,135,'(18019, 18160)',NULL,'2017-05-04 18:53:29'),(14964,135,'(18161, 18291)',NULL,'2017-05-04 18:53:29'),(14965,135,'(18292, 18462)',NULL,'2017-05-04 18:53:29'),(14966,135,'(18463, 18541)',NULL,'2017-05-04 18:53:29'),(15111,137,'(0, 282)',NULL,'2017-05-04 18:54:27'),(15112,137,'(283, 685)',NULL,'2017-05-04 18:54:27'),(15113,137,'(686, 894)',NULL,'2017-05-04 18:54:27'),(15114,137,'(895, 1083)',NULL,'2017-05-04 18:54:27'),(15115,137,'(1084, 1190)',NULL,'2017-05-04 18:54:27'),(15116,137,'(1191, 1474)',NULL,'2017-05-04 18:54:27'),(15117,137,'(1475, 1477)',NULL,'2017-05-04 18:54:27'),(15118,137,'(1478, 1715)',NULL,'2017-05-04 18:54:27'),(15119,137,'(1716, 1718)',NULL,'2017-05-04 18:54:27'),(15120,137,'(1719, 2034)',NULL,'2017-05-04 18:54:27'),(15121,137,'(2035, 2294)',NULL,'2017-05-04 18:54:27'),(15122,137,'(2295, 2297)',NULL,'2017-05-04 18:54:27'),(15123,137,'(2298, 2532)',NULL,'2017-05-04 18:54:27'),(15124,137,'(2533, 2535)',NULL,'2017-05-04 18:54:27'),(15125,137,'(2536, 2825)',NULL,'2017-05-04 18:54:27'),(15126,137,'(2826, 2828)',NULL,'2017-05-04 18:54:27'),(15127,137,'(2829, 3017)',NULL,'2017-05-04 18:54:27'),(15128,137,'(3018, 3020)',NULL,'2017-05-04 18:54:27'),(15129,137,'(3021, 3328)',NULL,'2017-05-04 18:54:27'),(15130,137,'(3329, 3331)',NULL,'2017-05-04 18:54:27'),(15131,137,'(3332, 3545)',NULL,'2017-05-04 18:54:27'),(15132,137,'(3546, 3548)',NULL,'2017-05-04 18:54:27'),(15133,137,'(3549, 3818)',NULL,'2017-05-04 18:54:27'),(15134,137,'(3819, 4025)',NULL,'2017-05-04 18:54:27'),(15135,137,'(4026, 4234)',NULL,'2017-05-04 18:54:27'),(15136,137,'(4235, 4342)',NULL,'2017-05-04 18:54:28'),(15137,137,'(4343, 4346)',NULL,'2017-05-04 18:54:28'),(15138,137,'(4347, 4749)',NULL,'2017-05-04 18:54:28'),(15139,137,'(4750, 5029)',NULL,'2017-05-04 18:54:28'),(15140,137,'(5030, 5215)',NULL,'2017-05-04 18:54:28'),(15141,137,'(5216, 5219)',NULL,'2017-05-04 18:54:28'),(15142,137,'(5220, 5517)',NULL,'2017-05-04 18:54:28'),(15143,137,'(5518, 5521)',NULL,'2017-05-04 18:54:28'),(15144,137,'(5522, 6032)',NULL,'2017-05-04 18:54:28'),(15145,137,'(6033, 6471)',NULL,'2017-05-04 18:54:28'),(15146,137,'(6472, 6632)',NULL,'2017-05-04 18:54:28'),(15147,137,'(6633, 6636)',NULL,'2017-05-04 18:54:28'),(15148,137,'(6637, 6838)',NULL,'2017-05-04 18:54:28'),(15149,137,'(6839, 7248)',NULL,'2017-05-04 18:54:28'),(15150,137,'(7249, 7389)',NULL,'2017-05-04 18:54:28'),(15151,137,'(7390, 7393)',NULL,'2017-05-04 18:54:28'),(15152,137,'(7394, 7728)',NULL,'2017-05-04 18:54:28'),(15153,137,'(7729, 7902)',NULL,'2017-05-04 18:54:28'),(15154,137,'(7903, 8199)',NULL,'2017-05-04 18:54:28'),(15155,137,'(8200, 8203)',NULL,'2017-05-04 18:54:28'),(15156,137,'(8204, 8647)',NULL,'2017-05-04 18:54:28'),(15157,137,'(8648, 8976)',NULL,'2017-05-04 18:54:28'),(15158,137,'(8977, 9073)',NULL,'2017-05-04 18:54:28'),(15159,137,'(9074, 9175)',NULL,'2017-05-04 18:54:28'),(15160,137,'(9176, 9179)',NULL,'2017-05-04 18:54:28'),(15161,137,'(9180, 9400)',NULL,'2017-05-04 18:54:28'),(15162,137,'(9401, 9607)',NULL,'2017-05-04 18:54:28'),(15163,137,'(9608, 9611)',NULL,'2017-05-04 18:54:28'),(15164,137,'(9612, 9959)',NULL,'2017-05-04 18:54:28'),(15165,137,'(9960, 9963)',NULL,'2017-05-04 18:54:28'),(15166,137,'(9964, 10154)',NULL,'2017-05-04 18:54:28'),(15167,137,'(10155, 10158)',NULL,'2017-05-04 18:54:28'),(15168,137,'(10159, 10403)',NULL,'2017-05-04 18:54:28'),(15169,137,'(10404, 10407)',NULL,'2017-05-04 18:54:28'),(15170,137,'(10408, 10589)',NULL,'2017-05-04 18:54:28'),(15171,137,'(10590, 10720)',NULL,'2017-05-04 18:54:28'),(15172,137,'(10721, 10816)',NULL,'2017-05-04 18:54:28'),(15173,137,'(10817, 10837)',NULL,'2017-05-04 18:54:28'),(15174,137,'(10838, 10929)',NULL,'2017-05-04 18:54:28'),(15175,137,'(10930, 11084)',NULL,'2017-05-04 18:54:28'),(15176,137,'(11085, 11189)',NULL,'2017-05-04 18:54:28'),(15177,137,'(11190, 11317)',NULL,'2017-05-04 18:54:28'),(15178,137,'(1475, 1477)',NULL,'2017-05-04 18:54:28'),(15179,137,'(11321, 11510)',NULL,'2017-05-04 18:54:28'),(15180,137,'(1716, 1718)',NULL,'2017-05-04 18:54:28'),(15181,137,'(11514, 11686)',NULL,'2017-05-04 18:54:28'),(15182,137,'(11687, 11914)',NULL,'2017-05-04 18:54:28'),(15183,137,'(11915, 12010)',NULL,'2017-05-04 18:54:28'),(15184,137,'(12011, 12053)',NULL,'2017-05-04 18:54:28'),(15185,137,'(12054, 12111)',NULL,'2017-05-04 18:54:28'),(15186,137,'(12112, 12189)',NULL,'2017-05-04 18:54:28'),(15187,137,'(12190, 12273)',NULL,'2017-05-04 18:54:28'),(15188,137,'(12274, 12322)',NULL,'2017-05-04 18:54:28'),(15189,137,'(10814, 10816)',NULL,'2017-05-04 18:54:28'),(15190,137,'(12326, 12377)',NULL,'2017-05-04 18:54:28'),(15191,137,'(892, 894)',NULL,'2017-05-04 18:54:28'),(15192,137,'(12381, 12425)',NULL,'2017-05-04 18:54:28'),(15193,137,'(12426, 12501)',NULL,'2017-05-04 18:54:28'),(15194,137,'(12502, 12581)',NULL,'2017-05-04 18:54:28'),(15195,137,'(12582, 12907)',NULL,'2017-05-04 18:54:28'),(15196,137,'(12908, 12940)',NULL,'2017-05-04 18:54:28'),(15197,137,'(12941, 12955)',NULL,'2017-05-04 18:54:28'),(15198,137,'(12956, 12969)',NULL,'2017-05-04 18:54:28'),(15199,137,'(12970, 12984)',NULL,'2017-05-04 18:54:28'),(15200,137,'(12985, 13023)',NULL,'2017-05-04 18:54:28'),(15201,137,'(13024, 13078)',NULL,'2017-05-04 18:54:28'),(15202,137,'(13079, 13111)',NULL,'2017-05-04 18:54:28'),(15203,137,'(13112, 13142)',NULL,'2017-05-04 18:54:28'),(15204,137,'(13143, 13396)',NULL,'2017-05-04 18:54:28'),(15205,137,'(13397, 13552)',NULL,'2017-05-04 18:54:28'),(15206,137,'(13553, 13650)',NULL,'2017-05-04 18:54:28'),(15207,137,'(13651, 13697)',NULL,'2017-05-04 18:54:28'),(15208,137,'(13698, 13725)',NULL,'2017-05-04 18:54:28'),(15209,137,'(13726, 13751)',NULL,'2017-05-04 18:54:28'),(15210,137,'(13752, 13812)',NULL,'2017-05-04 18:54:28'),(15211,137,'(13813, 13846)',NULL,'2017-05-04 18:54:28'),(15212,137,'(13847, 13993)',NULL,'2017-05-04 18:54:28'),(15213,137,'(13994, 14007)',NULL,'2017-05-04 18:54:28'),(15214,137,'(14008, 14026)',NULL,'2017-05-04 18:54:28'),(15215,137,'(14027, 14055)',NULL,'2017-05-04 18:54:28'),(15216,137,'(14056, 14225)',NULL,'2017-05-04 18:54:28'),(15217,137,'(14226, 14368)',NULL,'2017-05-04 18:54:28'),(15218,137,'(14369, 14598)',NULL,'2017-05-04 18:54:28'),(15219,137,'(14599, 14602)',NULL,'2017-05-04 18:54:28'),(15220,137,'(14603, 14797)',NULL,'2017-05-04 18:54:28'),(15221,137,'(14798, 14910)',NULL,'2017-05-04 18:54:28'),(15222,137,'(3816, 3818)',NULL,'2017-05-04 18:54:28'),(15223,137,'(14914, 14932)',NULL,'2017-05-04 18:54:28'),(15224,137,'(14933, 14939)',NULL,'2017-05-04 18:54:28'),(15225,137,'(14940, 14970)',NULL,'2017-05-04 18:54:28'),(15226,137,'(14971, 15003)',NULL,'2017-05-04 18:54:28'),(15227,137,'(15004, 15025)',NULL,'2017-05-04 18:54:28'),(15228,137,'(15026, 15219)',NULL,'2017-05-04 18:54:28'),(15229,137,'(15220, 15364)',NULL,'2017-05-04 18:54:28'),(15230,137,'(15365, 15399)',NULL,'2017-05-04 18:54:28'),(15231,137,'(15400, 15448)',NULL,'2017-05-04 18:54:28'),(15232,137,'(15449, 15571)',NULL,'2017-05-04 18:54:28'),(15233,137,'(15572, 15655)',NULL,'2017-05-04 18:54:28'),(15234,137,'(15656, 15804)',NULL,'2017-05-04 18:54:28'),(15235,137,'(15805, 15977)',NULL,'2017-05-04 18:54:28'),(15236,137,'(15978, 16168)',NULL,'2017-05-04 18:54:28'),(15237,137,'(16169, 16256)',NULL,'2017-05-04 18:54:28'),(15238,137,'(16257, 16296)',NULL,'2017-05-04 18:54:28'),(15239,137,'(16297, 16420)',NULL,'2017-05-04 18:54:28'),(15240,137,'(16421, 16561)',NULL,'2017-05-04 18:54:28'),(15241,137,'(1475, 1477)',NULL,'2017-05-04 18:54:28'),(15242,137,'(16565, 16689)',NULL,'2017-05-04 18:54:28'),(15243,137,'(4023, 4025)',NULL,'2017-05-04 18:54:28'),(15244,137,'(16693, 16978)',NULL,'2017-05-04 18:54:28'),(15245,137,'(16979, 17246)',NULL,'2017-05-04 18:54:28'),(15246,137,'(17247, 17297)',NULL,'2017-05-04 18:54:28'),(15247,137,'(17298, 17672)',NULL,'2017-05-04 18:54:28'),(15248,137,'(17673, 17739)',NULL,'2017-05-04 18:54:28'),(15249,137,'(17740, 17926)',NULL,'2017-05-04 18:54:28'),(15250,137,'(17927, 18018)',NULL,'2017-05-04 18:54:28'),(15251,137,'(18019, 18160)',NULL,'2017-05-04 18:54:28'),(15252,137,'(18161, 18291)',NULL,'2017-05-04 18:54:28'),(15253,137,'(18292, 18462)',NULL,'2017-05-04 18:54:28'),(15254,137,'(18463, 18541)',NULL,'2017-05-04 18:54:28'),(15255,138,'(0, 505)',NULL,'2017-05-04 19:00:44'),(15256,138,'(506, 984)',NULL,'2017-05-04 19:00:44'),(15257,138,'(985, 1113)',NULL,'2017-05-04 19:00:44'),(15258,138,'(1114, 1351)',NULL,'2017-05-04 19:00:44'),(15259,138,'(1352, 1421)',NULL,'2017-05-04 19:00:44'),(15260,138,'(1422, 1577)',NULL,'2017-05-04 19:00:44'),(15261,138,'(1578, 1648)',NULL,'2017-05-04 19:00:44'),(15262,138,'(1649, 1830)',NULL,'2017-05-04 19:00:44'),(15263,138,'(1831, 1964)',NULL,'2017-05-04 19:00:44'),(15264,138,'(1965, 2051)',NULL,'2017-05-04 19:00:44'),(15265,138,'(2052, 2168)',NULL,'2017-05-04 19:00:44'),(15266,138,'(2169, 2584)',NULL,'2017-05-04 19:00:44'),(15267,138,'(2585, 2783)',NULL,'2017-05-04 19:00:44'),(15268,138,'(2784, 2854)',NULL,'2017-05-04 19:00:44'),(15269,138,'(2855, 2963)',NULL,'2017-05-04 19:00:44'),(15270,138,'(2964, 3040)',NULL,'2017-05-04 19:00:44'),(15271,138,'(3041, 3298)',NULL,'2017-05-04 19:00:44'),(15272,138,'(3299, 3422)',NULL,'2017-05-04 19:00:44'),(15273,138,'(3423, 3519)',NULL,'2017-05-04 19:00:44'),(15274,138,'(3520, 3636)',NULL,'2017-05-04 19:00:44'),(15275,138,'(3637, 3773)',NULL,'2017-05-04 19:00:44'),(15276,138,'(3774, 3991)',NULL,'2017-05-04 19:00:44'),(15277,138,'(3992, 4267)',NULL,'2017-05-04 19:00:44'),(15278,138,'(4268, 4454)',NULL,'2017-05-04 19:00:44'),(15279,138,'(4455, 4734)',NULL,'2017-05-04 19:00:44'),(15280,138,'(4735, 4786)',NULL,'2017-05-04 19:00:44'),(15281,138,'(4787, 5237)',NULL,'2017-05-04 19:00:44'),(15282,138,'(5238, 5266)',NULL,'2017-05-04 19:00:44'),(15283,138,'(5267, 5402)',NULL,'2017-05-04 19:00:44'),(15284,138,'(5403, 5658)',NULL,'2017-05-04 19:00:44'),(15285,138,'(5659, 5978)',NULL,'2017-05-04 19:00:44'),(15286,138,'(5979, 6036)',NULL,'2017-05-04 19:00:44'),(15287,138,'(6037, 6099)',NULL,'2017-05-04 19:00:44'),(15288,138,'(6100, 6220)',NULL,'2017-05-04 19:00:44'),(15289,138,'(6221, 6301)',NULL,'2017-05-04 19:00:44'),(15290,138,'(6302, 6347)',NULL,'2017-05-04 19:00:44'),(15291,138,'(6348, 6459)',NULL,'2017-05-04 19:00:44'),(15292,138,'(6460, 6582)',NULL,'2017-05-04 19:00:44'),(15293,138,'(6583, 6714)',NULL,'2017-05-04 19:00:44'),(15294,138,'(6715, 6855)',NULL,'2017-05-04 19:00:44'),(15295,138,'(6856, 6986)',NULL,'2017-05-04 19:00:44'),(15296,138,'(6987, 7027)',NULL,'2017-05-04 19:00:44'),(15297,138,'(7028, 7111)',NULL,'2017-05-04 19:00:44'),(15298,138,'(7112, 7156)',NULL,'2017-05-04 19:00:44'),(15299,138,'(7157, 7353)',NULL,'2017-05-04 19:00:44'),(15300,138,'(7354, 7497)',NULL,'2017-05-04 19:00:44'),(15301,138,'(7498, 7644)',NULL,'2017-05-04 19:00:44'),(15302,138,'(7645, 7721)',NULL,'2017-05-04 19:00:44'),(15303,138,'(7722, 7821)',NULL,'2017-05-04 19:00:44'),(15304,138,'(7822, 7963)',NULL,'2017-05-04 19:00:44'),(15305,138,'(7964, 8130)',NULL,'2017-05-04 19:00:44'),(15306,138,'(8131, 8320)',NULL,'2017-05-04 19:00:44'),(15307,138,'(8321, 8394)',NULL,'2017-05-04 19:00:44'),(15308,138,'(8395, 8522)',NULL,'2017-05-04 19:00:44'),(15309,138,'(8523, 8581)',NULL,'2017-05-04 19:00:44'),(15310,138,'(8582, 8657)',NULL,'2017-05-04 19:00:44'),(15311,138,'(8658, 8774)',NULL,'2017-05-04 19:00:44'),(15312,138,'(8775, 9080)',NULL,'2017-05-04 19:00:44'),(15313,138,'(9081, 9124)',NULL,'2017-05-04 19:00:44'),(15314,138,'(9125, 9135)',NULL,'2017-05-04 19:00:44'),(15315,138,'(9136, 9333)',NULL,'2017-05-04 19:00:44'),(15316,138,'(9334, 9356)',NULL,'2017-05-04 19:00:44'),(15317,138,'(9357, 9366)',NULL,'2017-05-04 19:00:44'),(15318,138,'(9367, 9539)',NULL,'2017-05-04 19:00:44'),(15319,138,'(9540, 9803)',NULL,'2017-05-04 19:00:44'),(15320,138,'(9804, 9826)',NULL,'2017-05-04 19:00:44'),(15321,138,'(9827, 10033)',NULL,'2017-05-04 19:00:44'),(15322,138,'(10034, 10154)',NULL,'2017-05-04 19:00:44'),(15323,138,'(10155, 10284)',NULL,'2017-05-04 19:00:44'),(15324,138,'(10285, 10314)',NULL,'2017-05-04 19:00:44'),(15325,138,'(10315, 10464)',NULL,'2017-05-04 19:00:44'),(15326,138,'(10465, 10699)',NULL,'2017-05-04 19:00:44'),(15327,138,'(10700, 10808)',NULL,'2017-05-04 19:00:44'),(15328,138,'(10809, 10952)',NULL,'2017-05-04 19:00:44'),(15329,138,'(10953, 11069)',NULL,'2017-05-04 19:00:44'),(15330,138,'(11070, 11290)',NULL,'2017-05-04 19:00:44'),(15331,138,'(11291, 11352)',NULL,'2017-05-04 19:00:44'),(15332,138,'(11353, 11501)',NULL,'2017-05-04 19:00:44'),(15333,138,'(11502, 11522)',NULL,'2017-05-04 19:00:44'),(15334,138,'(11523, 11549)',NULL,'2017-05-04 19:00:44'),(15335,138,'(11550, 11647)',NULL,'2017-05-04 19:00:44'),(15336,138,'(11648, 11833)',NULL,'2017-05-04 19:00:44'),(15337,138,'(11834, 12021)',NULL,'2017-05-04 19:00:44'),(15338,138,'(12022, 12136)',NULL,'2017-05-04 19:00:44'),(15339,138,'(12137, 12265)',NULL,'2017-05-04 19:00:44'),(15340,138,'(12266, 12482)',NULL,'2017-05-04 19:00:44'),(15341,138,'(12483, 12514)',NULL,'2017-05-04 19:00:44'),(15342,138,'(12515, 12858)',NULL,'2017-05-04 19:00:44'),(15343,138,'(12859, 12887)',NULL,'2017-05-04 19:00:44'),(15344,138,'(12888, 13070)',NULL,'2017-05-04 19:00:44'),(15345,138,'(13071, 13091)',NULL,'2017-05-04 19:00:44'),(15346,138,'(13092, 13193)',NULL,'2017-05-04 19:00:44'),(15347,138,'(13194, 13361)',NULL,'2017-05-04 19:00:44'),(15348,138,'(13362, 13557)',NULL,'2017-05-04 19:00:44'),(15349,138,'(13558, 13744)',NULL,'2017-05-04 19:00:44'),(15350,138,'(13745, 13789)',NULL,'2017-05-04 19:00:44'),(15351,138,'(13790, 13965)',NULL,'2017-05-04 19:00:44'),(15352,138,'(13966, 14127)',NULL,'2017-05-04 19:00:44'),(15353,138,'(14128, 14557)',NULL,'2017-05-04 19:00:44'),(15354,138,'(14558, 14594)',NULL,'2017-05-04 19:00:44'),(15355,138,'(14595, 14791)',NULL,'2017-05-04 19:00:44'),(15356,138,'(14792, 14849)',NULL,'2017-05-04 19:00:44'),(15357,138,'(14850, 15058)',NULL,'2017-05-04 19:00:44'),(15358,138,'(15059, 15071)',NULL,'2017-05-04 19:00:44'),(15359,138,'(15072, 15084)',NULL,'2017-05-04 19:00:44'),(15360,138,'(15085, 15267)',NULL,'2017-05-04 19:00:44'),(15361,138,'(15268, 15286)',NULL,'2017-05-04 19:00:44'),(15362,138,'(15287, 15357)',NULL,'2017-05-04 19:00:44'),(15363,138,'(15358, 15584)',NULL,'2017-05-04 19:00:44'),(15364,138,'(15585, 15609)',NULL,'2017-05-04 19:00:44'),(15365,138,'(15610, 15700)',NULL,'2017-05-04 19:00:44'),(15366,138,'(15701, 15713)',NULL,'2017-05-04 19:00:44'),(15367,138,'(15714, 15771)',NULL,'2017-05-04 19:00:44'),(15368,138,'(15772, 15786)',NULL,'2017-05-04 19:00:44'),(15369,138,'(15787, 15884)',NULL,'2017-05-04 19:00:44'),(15370,138,'(15885, 15916)',NULL,'2017-05-04 19:00:44'),(15371,138,'(15917, 16151)',NULL,'2017-05-04 19:00:44'),(15372,138,'(16152, 16169)',NULL,'2017-05-04 19:00:44'),(15373,138,'(16170, 16312)',NULL,'2017-05-04 19:00:44'),(15374,138,'(16313, 16557)',NULL,'2017-05-04 19:00:44'),(15375,138,'(16558, 16854)',NULL,'2017-05-04 19:00:44'),(15376,138,'(16855, 17077)',NULL,'2017-05-04 19:00:45'),(15377,138,'(17078, 17236)',NULL,'2017-05-04 19:00:45'),(15378,138,'(17237, 17254)',NULL,'2017-05-04 19:00:45'),(15379,138,'(17255, 17476)',NULL,'2017-05-04 19:00:45'),(15380,138,'(17477, 17615)',NULL,'2017-05-04 19:00:45'),(15381,138,'(17616, 17885)',NULL,'2017-05-04 19:00:45'),(15382,138,'(17886, 18041)',NULL,'2017-05-04 19:00:45'),(15383,138,'(18042, 18229)',NULL,'2017-05-04 19:00:45'),(15384,138,'(7112, 7156)',NULL,'2017-05-04 19:00:45'),(15385,138,'(18275, 18294)',NULL,'2017-05-04 19:00:45'),(15386,138,'(18295, 18304)',NULL,'2017-05-04 19:00:45'),(15387,138,'(18305, 18333)',NULL,'2017-05-04 19:00:45'),(15388,138,'(18334, 18439)',NULL,'2017-05-04 19:00:45'),(15389,138,'(18440, 18563)',NULL,'2017-05-04 19:00:45'),(15390,138,'(18564, 18608)',NULL,'2017-05-04 19:00:45'),(15391,138,'(18609, 18802)',NULL,'2017-05-04 19:00:45'),(15392,138,'(18803, 19025)',NULL,'2017-05-04 19:00:45'),(15393,138,'(19026, 19216)',NULL,'2017-05-04 19:00:45'),(15394,138,'(19217, 19398)',NULL,'2017-05-04 19:00:45'),(15395,138,'(19399, 19418)',NULL,'2017-05-04 19:00:45'),(15396,138,'(19419, 19596)',NULL,'2017-05-04 19:00:45'),(15397,138,'(19597, 19700)',NULL,'2017-05-04 19:00:45'),(15398,138,'(19701, 19721)',NULL,'2017-05-04 19:00:45'),(15399,138,'(19722, 19904)',NULL,'2017-05-04 19:00:45'),(15400,138,'(19905, 20009)',NULL,'2017-05-04 19:00:45'),(15401,138,'(20010, 20026)',NULL,'2017-05-04 19:00:45'),(15402,138,'(20027, 20202)',NULL,'2017-05-04 19:00:45'),(15403,138,'(20203, 20399)',NULL,'2017-05-04 19:00:45'),(15404,138,'(20400, 20447)',NULL,'2017-05-04 19:00:45'),(15405,138,'(20448, 20494)',NULL,'2017-05-04 19:00:45'),(15406,138,'(20495, 20517)',NULL,'2017-05-04 19:00:45'),(15407,138,'(20518, 20616)',NULL,'2017-05-04 19:00:45'),(15408,138,'(20617, 20768)',NULL,'2017-05-04 19:00:45'),(15409,138,'(20769, 20868)',NULL,'2017-05-04 19:00:45'),(15410,138,'(20869, 20987)',NULL,'2017-05-04 19:00:45'),(15411,138,'(20988, 21161)',NULL,'2017-05-04 19:00:45'),(15412,138,'(21162, 21192)',NULL,'2017-05-04 19:00:45'),(15413,138,'(21193, 21434)',NULL,'2017-05-04 19:00:45'),(15414,138,'(21435, 21574)',NULL,'2017-05-04 19:00:45'),(15415,138,'(21575, 21644)',NULL,'2017-05-04 19:00:45'),(15416,138,'(21645, 21756)',NULL,'2017-05-04 19:00:45'),(15417,138,'(21757, 21774)',NULL,'2017-05-04 19:00:45'),(15418,138,'(21775, 22337)',NULL,'2017-05-04 19:00:45'),(15419,138,'(22338, 22367)',NULL,'2017-05-04 19:00:45'),(15420,138,'(22368, 22584)',NULL,'2017-05-04 19:00:45'),(15421,138,'(22585, 22608)',NULL,'2017-05-04 19:00:45'),(15422,138,'(22609, 22863)',NULL,'2017-05-04 19:00:45'),(15423,138,'(22864, 22878)',NULL,'2017-05-04 19:00:45'),(15424,138,'(22879, 23012)',NULL,'2017-05-04 19:00:45'),(15425,138,'(23013, 23201)',NULL,'2017-05-04 19:00:45'),(15426,138,'(23202, 23224)',NULL,'2017-05-04 19:00:45'),(15427,138,'(23225, 23337)',NULL,'2017-05-04 19:00:45'),(15428,138,'(23338, 23525)',NULL,'2017-05-04 19:00:45'),(15429,138,'(23526, 23747)',NULL,'2017-05-04 19:00:45'),(15430,138,'(23748, 23866)',NULL,'2017-05-04 19:00:45'),(15431,138,'(23867, 23968)',NULL,'2017-05-04 19:00:45'),(15432,138,'(23969, 24223)',NULL,'2017-05-04 19:00:45'),(15433,138,'(24224, 24235)',NULL,'2017-05-04 19:00:45'),(15434,138,'(24236, 24416)',NULL,'2017-05-04 19:00:45'),(15435,138,'(24417, 24422)',NULL,'2017-05-04 19:00:45'),(15436,138,'(24423, 24454)',NULL,'2017-05-04 19:00:45'),(15437,138,'(24455, 24469)',NULL,'2017-05-04 19:00:45'),(15438,138,'(24470, 24531)',NULL,'2017-05-04 19:00:45'),(15439,138,'(24532, 24702)',NULL,'2017-05-04 19:00:45'),(15440,138,'(24703, 24813)',NULL,'2017-05-04 19:00:45'),(15441,138,'(24814, 24922)',NULL,'2017-05-04 19:00:45'),(15442,138,'(24923, 24936)',NULL,'2017-05-04 19:00:45'),(15443,138,'(24937, 25407)',NULL,'2017-05-04 19:00:45'),(15444,138,'(25408, 25495)',NULL,'2017-05-04 19:00:45'),(15445,138,'(25496, 25778)',NULL,'2017-05-04 19:00:45'),(15446,138,'(25779, 25920)',NULL,'2017-05-04 19:00:45'),(15447,138,'(25921, 26291)',NULL,'2017-05-04 19:00:45'),(15448,138,'(26292, 26312)',NULL,'2017-05-04 19:00:45'),(15449,138,'(26313, 26321)',NULL,'2017-05-04 19:00:45'),(15450,138,'(26322, 26410)',NULL,'2017-05-04 19:00:45'),(15451,138,'(26411, 26422)',NULL,'2017-05-04 19:00:45'),(15452,138,'(26423, 26595)',NULL,'2017-05-04 19:00:45'),(15453,138,'(26596, 26635)',NULL,'2017-05-04 19:00:45'),(15454,138,'(26636, 27052)',NULL,'2017-05-04 19:00:45'),(15455,138,'(27053, 27058)',NULL,'2017-05-04 19:00:45'),(15456,138,'(27059, 27079)',NULL,'2017-05-04 19:00:45'),(15457,138,'(27080, 27115)',NULL,'2017-05-04 19:00:45'),(15458,138,'(27116, 27364)',NULL,'2017-05-04 19:00:45'),(15459,138,'(27365, 27629)',NULL,'2017-05-04 19:00:45'),(15460,138,'(27630, 27737)',NULL,'2017-05-04 19:00:45'),(15461,138,'(27738, 27896)',NULL,'2017-05-04 19:00:45'),(15462,138,'(27897, 28107)',NULL,'2017-05-04 19:00:45'),(15463,138,'(28108, 28178)',NULL,'2017-05-04 19:00:45'),(15464,138,'(28179, 28485)',NULL,'2017-05-04 19:00:45'),(15465,138,'(28486, 28691)',NULL,'2017-05-04 19:00:45'),(15466,138,'(28692, 28858)',NULL,'2017-05-04 19:00:45'),(15467,138,'(28859, 28955)',NULL,'2017-05-04 19:00:45'),(15468,138,'(28956, 29105)',NULL,'2017-05-04 19:00:45'),(15469,138,'(29106, 29265)',NULL,'2017-05-04 19:00:45'),(15470,138,'(29266, 29313)',NULL,'2017-05-04 19:00:45'),(15471,138,'(29314, 29512)',NULL,'2017-05-04 19:00:45'),(15472,138,'(29513, 29685)',NULL,'2017-05-04 19:00:45'),(15473,138,'(29686, 29829)',NULL,'2017-05-04 19:00:45'),(15474,138,'(29830, 29989)',NULL,'2017-05-04 19:00:45'),(15475,138,'(29990, 30124)',NULL,'2017-05-04 19:00:45'),(15476,138,'(30125, 30159)',NULL,'2017-05-04 19:00:45'),(15477,138,'(30160, 30229)',NULL,'2017-05-04 19:00:45'),(15478,138,'(30230, 30395)',NULL,'2017-05-04 19:00:45'),(15479,138,'(30396, 30432)',NULL,'2017-05-04 19:00:45'),(15480,138,'(30433, 30664)',NULL,'2017-05-04 19:00:45'),(15481,138,'(30665, 30700)',NULL,'2017-05-04 19:00:45'),(15482,138,'(30701, 30814)',NULL,'2017-05-04 19:00:45'),(15483,138,'(30815, 30873)',NULL,'2017-05-04 19:00:45'),(15484,138,'(30874, 31132)',NULL,'2017-05-04 19:00:45'),(15485,138,'(31133, 31341)',NULL,'2017-05-04 19:00:45'),(15486,138,'(31342, 31378)',NULL,'2017-05-04 19:00:45'),(15487,138,'(31379, 31541)',NULL,'2017-05-04 19:00:45'),(15488,138,'(30815, 30873)',NULL,'2017-05-04 19:00:45'),(15489,138,'(30874, 31132)',NULL,'2017-05-04 19:00:45'),(15490,138,'(31860, 31981)',NULL,'2017-05-04 19:00:45'),(15491,138,'(31982, 31987)',NULL,'2017-05-04 19:00:45'),(15492,138,'(31988, 32023)',NULL,'2017-05-04 19:00:45'),(15493,138,'(32024, 32483)',NULL,'2017-05-04 19:00:45'),(15494,138,'(32484, 32901)',NULL,'2017-05-04 19:00:45'),(15495,138,'(32902, 33046)',NULL,'2017-05-04 19:00:45'),(15496,138,'(33047, 33131)',NULL,'2017-05-04 19:00:45'),(15497,138,'(33132, 33137)',NULL,'2017-05-04 19:00:45'),(15498,138,'(33138, 33149)',NULL,'2017-05-04 19:00:45'),(15499,138,'(33150, 33180)',NULL,'2017-05-04 19:00:45'),(15500,138,'(33181, 33344)',NULL,'2017-05-04 19:00:45'),(15501,138,'(33345, 33521)',NULL,'2017-05-04 19:00:45'),(15502,138,'(33522, 33738)',NULL,'2017-05-04 19:00:45'),(15503,138,'(33739, 33763)',NULL,'2017-05-04 19:00:45'),(15504,138,'(33764, 34100)',NULL,'2017-05-04 19:00:45'),(15505,138,'(34101, 34139)',NULL,'2017-05-04 19:00:45'),(15506,138,'(34140, 34275)',NULL,'2017-05-04 19:00:45'),(15507,138,'(34276, 34495)',NULL,'2017-05-04 19:00:45'),(15508,138,'(34496, 34575)',NULL,'2017-05-04 19:00:45'),(15509,138,'(34576, 34824)',NULL,'2017-05-04 19:00:45'),(15510,138,'(34825, 34858)',NULL,'2017-05-04 19:00:45'),(15511,138,'(34859, 35083)',NULL,'2017-05-04 19:00:45'),(15512,138,'(35084, 35233)',NULL,'2017-05-04 19:00:45'),(15513,138,'(35234, 35502)',NULL,'2017-05-04 19:00:45'),(15514,138,'(35503, 35516)',NULL,'2017-05-04 19:00:45'),(15515,138,'(35517, 35881)',NULL,'2017-05-04 19:00:45'),(15516,138,'(35882, 35989)',NULL,'2017-05-04 19:00:45'),(15517,138,'(35990, 36062)',NULL,'2017-05-04 19:00:45'),(15518,138,'(36063, 36097)',NULL,'2017-05-04 19:00:45'),(15519,138,'(36098, 36461)',NULL,'2017-05-04 19:00:45'),(15520,138,'(36462, 36476)',NULL,'2017-05-04 19:00:45'),(15521,138,'(36477, 36778)',NULL,'2017-05-04 19:00:45'),(15522,138,'(36779, 36803)',NULL,'2017-05-04 19:00:45'),(15523,138,'(36804, 37209)',NULL,'2017-05-04 19:00:45'),(15524,138,'(37210, 37308)',NULL,'2017-05-04 19:00:45'),(15525,138,'(37309, 37345)',NULL,'2017-05-04 19:00:45'),(15526,138,'(37346, 37477)',NULL,'2017-05-04 19:00:45'),(15527,138,'(37478, 37873)',NULL,'2017-05-04 19:00:45'),(15528,138,'(37874, 37956)',NULL,'2017-05-04 19:00:45'),(15529,138,'(37957, 38324)',NULL,'2017-05-04 19:00:45'),(15530,138,'(37210, 37308)',NULL,'2017-05-04 19:00:45'),(15531,138,'(38424, 38667)',NULL,'2017-05-04 19:00:45'),(15532,138,'(38668, 38673)',NULL,'2017-05-04 19:00:45'),(15533,138,'(38674, 38699)',NULL,'2017-05-04 19:00:45'),(15534,138,'(38700, 38744)',NULL,'2017-05-04 19:00:45'),(15535,138,'(38745, 38883)',NULL,'2017-05-04 19:00:45'),(15536,138,'(38884, 39093)',NULL,'2017-05-04 19:00:45'),(15537,138,'(39094, 39302)',NULL,'2017-05-04 19:00:45'),(15538,138,'(39303, 39340)',NULL,'2017-05-04 19:00:45'),(15539,138,'(39341, 39439)',NULL,'2017-05-04 19:00:45'),(15540,138,'(39440, 39518)',NULL,'2017-05-04 19:00:45'),(15541,138,'(39519, 39875)',NULL,'2017-05-04 19:00:45'),(15542,138,'(39876, 40011)',NULL,'2017-05-04 19:00:45'),(15543,138,'(40012, 40061)',NULL,'2017-05-04 19:00:45'),(15544,138,'(40062, 40773)',NULL,'2017-05-04 19:00:45'),(15545,138,'(40774, 41138)',NULL,'2017-05-04 19:00:45'),(15546,138,'(41139, 41173)',NULL,'2017-05-04 19:00:45'),(15547,138,'(41174, 41476)',NULL,'2017-05-04 19:00:45'),(15548,138,'(41477, 41678)',NULL,'2017-05-04 19:00:45'),(15549,138,'(41679, 42363)',NULL,'2017-05-04 19:00:45'),(15550,138,'(42364, 42570)',NULL,'2017-05-04 19:00:45'),(15551,138,'(42571, 42610)',NULL,'2017-05-04 19:00:45'),(15552,138,'(42611, 42845)',NULL,'2017-05-04 19:00:45'),(15553,138,'(42846, 43050)',NULL,'2017-05-04 19:00:45'),(15554,138,'(43051, 43135)',NULL,'2017-05-04 19:00:45'),(15555,138,'(43136, 43399)',NULL,'2017-05-04 19:00:45'),(15556,138,'(43400, 43644)',NULL,'2017-05-04 19:00:45'),(15557,138,'(43645, 43650)',NULL,'2017-05-04 19:00:45'),(15558,138,'(43651, 43696)',NULL,'2017-05-04 19:00:45'),(15559,138,'(43697, 43734)',NULL,'2017-05-04 19:00:45'),(15560,138,'(43735, 44064)',NULL,'2017-05-04 19:00:45'),(15561,138,'(44065, 44721)',NULL,'2017-05-04 19:00:45'),(15562,138,'(44722, 44852)',NULL,'2017-05-04 19:00:45'),(15563,138,'(44853, 44912)',NULL,'2017-05-04 19:00:45'),(15564,138,'(44913, 45024)',NULL,'2017-05-04 19:00:45'),(15565,138,'(44853, 44912)',NULL,'2017-05-04 19:00:45'),(15566,138,'(45085, 45524)',NULL,'2017-05-04 19:00:45'),(15567,138,'(45525, 45587)',NULL,'2017-05-04 19:00:45'),(15568,138,'(45588, 46326)',NULL,'2017-05-04 19:00:45'),(15569,138,'(46327, 46356)',NULL,'2017-05-04 19:00:45'),(15570,138,'(46357, 47058)',NULL,'2017-05-04 19:00:45'),(15571,138,'(47059, 47177)',NULL,'2017-05-04 19:00:45'),(15572,138,'(47178, 47308)',NULL,'2017-05-04 19:00:45'),(15573,138,'(47309, 47529)',NULL,'2017-05-04 19:00:45'),(15574,138,'(47530, 47783)',NULL,'2017-05-04 19:00:45'),(15575,138,'(47784, 47789)',NULL,'2017-05-04 19:00:45'),(15576,138,'(47790, 47842)',NULL,'2017-05-04 19:00:45'),(15577,138,'(47843, 47878)',NULL,'2017-05-04 19:00:45'),(15578,138,'(47879, 48231)',NULL,'2017-05-04 19:00:45'),(15579,138,'(48232, 48814)',NULL,'2017-05-04 19:00:45'),(15580,138,'(48815, 48962)',NULL,'2017-05-04 19:00:45'),(15581,138,'(48963, 49011)',NULL,'2017-05-04 19:00:45'),(15582,138,'(49012, 49122)',NULL,'2017-05-04 19:00:45'),(15583,138,'(44853, 44912)',NULL,'2017-05-04 19:00:45'),(15584,138,'(49183, 49231)',NULL,'2017-05-04 19:00:45'),(15585,138,'(49232, 50082)',NULL,'2017-05-04 19:00:45'),(15586,138,'(45085, 45524)',NULL,'2017-05-04 19:00:45'),(15587,138,'(50523, 50561)',NULL,'2017-05-04 19:00:45'),(15588,138,'(50562, 50781)',NULL,'2017-05-04 19:00:45'),(15589,138,'(50782, 50817)',NULL,'2017-05-04 19:00:45'),(15590,138,'(50818, 51252)',NULL,'2017-05-04 19:00:45'),(15591,138,'(51253, 51835)',NULL,'2017-05-04 19:00:45'),(15592,138,'(51836, 51966)',NULL,'2017-05-04 19:00:45'),(15593,138,'(44853, 44912)',NULL,'2017-05-04 19:00:45'),(15594,138,'(52027, 52138)',NULL,'2017-05-04 19:00:45'),(15595,138,'(44853, 44912)',NULL,'2017-05-04 19:00:45'),(15596,138,'(52199, 52638)',NULL,'2017-05-04 19:00:45'),(15597,138,'(52639, 52668)',NULL,'2017-05-04 19:00:45'),(15598,138,'(52669, 53057)',NULL,'2017-05-04 19:00:45'),(15599,138,'(53058, 53322)',NULL,'2017-05-04 19:00:45'),(15600,138,'(53323, 53509)',NULL,'2017-05-04 19:00:45'),(15601,138,'(9534, 9539)',NULL,'2017-05-04 19:00:45'),(15602,138,'(53516, 53541)',NULL,'2017-05-04 19:00:45'),(15603,138,'(53542, 53566)',NULL,'2017-05-04 19:00:45'),(15604,138,'(53567, 54627)',NULL,'2017-05-04 19:00:45'),(15605,138,'(54628, 54656)',NULL,'2017-05-04 19:00:45'),(15606,138,'(54657, 55035)',NULL,'2017-05-04 19:00:45'),(15607,138,'(55036, 55071)',NULL,'2017-05-04 19:00:45'),(15608,138,'(55072, 55153)',NULL,'2017-05-04 19:00:45'),(15609,138,'(55154, 55268)',NULL,'2017-05-04 19:00:45'),(15610,138,'(55269, 55326)',NULL,'2017-05-04 19:00:45'),(15611,138,'(55327, 55547)',NULL,'2017-05-04 19:00:45'),(15612,138,'(55548, 55641)',NULL,'2017-05-04 19:00:45'),(15613,138,'(55642, 55676)',NULL,'2017-05-04 19:00:45'),(15614,138,'(55677, 55866)',NULL,'2017-05-04 19:00:45'),(15615,138,'(55867, 56252)',NULL,'2017-05-04 19:00:45'),(15616,138,'(56253, 56585)',NULL,'2017-05-04 19:00:45'),(15617,138,'(56586, 57615)',NULL,'2017-05-04 19:00:45'),(15618,138,'(57616, 57738)',NULL,'2017-05-04 19:00:45'),(15619,138,'(57739, 57767)',NULL,'2017-05-04 19:00:45'),(15620,138,'(57768, 58316)',NULL,'2017-05-04 19:00:45'),(15621,138,'(58317, 58429)',NULL,'2017-05-04 19:00:45'),(15622,138,'(58430, 58575)',NULL,'2017-05-04 19:00:45'),(15623,138,'(58576, 58678)',NULL,'2017-05-04 19:00:45'),(15624,138,'(58679, 58684)',NULL,'2017-05-04 19:00:45'),(15625,138,'(58685, 58693)',NULL,'2017-05-04 19:00:45'),(15626,138,'(58694, 58713)',NULL,'2017-05-04 19:00:45'),(15627,138,'(58714, 59000)',NULL,'2017-05-04 19:00:45'),(15628,138,'(59001, 59260)',NULL,'2017-05-04 19:00:45'),(15629,138,'(59261, 59417)',NULL,'2017-05-04 19:00:45'),(15630,138,'(59418, 59599)',NULL,'2017-05-04 19:00:45'),(15631,138,'(59600, 59737)',NULL,'2017-05-04 19:00:45'),(15632,138,'(59738, 59767)',NULL,'2017-05-04 19:00:45'),(15633,138,'(59768, 59808)',NULL,'2017-05-04 19:00:45'),(15634,138,'(59809, 60135)',NULL,'2017-05-04 19:00:45'),(15635,138,'(60136, 60353)',NULL,'2017-05-04 19:00:45'),(15636,138,'(60354, 60520)',NULL,'2017-05-04 19:00:45'),(15637,138,'(60521, 60538)',NULL,'2017-05-04 19:00:45'),(15638,138,'(60539, 60866)',NULL,'2017-05-04 19:00:45'),(15639,138,'(60867, 60882)',NULL,'2017-05-04 19:00:45'),(15640,138,'(60883, 61043)',NULL,'2017-05-04 19:00:45'),(15641,138,'(61044, 61096)',NULL,'2017-05-04 19:00:45'),(15642,138,'(61097, 61237)',NULL,'2017-05-04 19:00:45'),(15643,138,'(61238, 61254)',NULL,'2017-05-04 19:00:45'),(15644,138,'(61255, 61629)',NULL,'2017-05-04 19:00:45'),(15645,138,'(61630, 61721)',NULL,'2017-05-04 19:00:45'),(15646,138,'(61722, 61742)',NULL,'2017-05-04 19:00:45'),(15647,138,'(61743, 61870)',NULL,'2017-05-04 19:00:45'),(15648,138,'(61871, 61893)',NULL,'2017-05-04 19:00:45'),(15649,138,'(61894, 62610)',NULL,'2017-05-04 19:00:45'),(15650,138,'(62611, 62653)',NULL,'2017-05-04 19:00:45'),(15651,138,'(62654, 62968)',NULL,'2017-05-04 19:00:45'),(15652,138,'(62969, 63188)',NULL,'2017-05-04 19:00:45'),(15653,138,'(63189, 63227)',NULL,'2017-05-04 19:00:45'),(15654,138,'(63228, 63262)',NULL,'2017-05-04 19:00:45'),(15655,138,'(63263, 63423)',NULL,'2017-05-04 19:00:45'),(15656,138,'(63424, 63611)',NULL,'2017-05-04 19:00:45'),(15657,138,'(63612, 63639)',NULL,'2017-05-04 19:00:45'),(15658,138,'(63640, 63832)',NULL,'2017-05-04 19:00:45'),(15659,138,'(63833, 63991)',NULL,'2017-05-04 19:00:45'),(15660,138,'(63992, 64107)',NULL,'2017-05-04 19:00:45'),(15661,138,'(64108, 64461)',NULL,'2017-05-04 19:00:45'),(15662,138,'(64462, 64596)',NULL,'2017-05-04 19:00:45'),(15663,138,'(64597, 64626)',NULL,'2017-05-04 19:00:45'),(15664,138,'(64627, 64817)',NULL,'2017-05-04 19:00:45'),(15665,138,'(64818, 65074)',NULL,'2017-05-04 19:00:45'),(15666,138,'(65075, 65499)',NULL,'2017-05-04 19:00:45'),(15667,138,'(65500, 66003)',NULL,'2017-05-04 19:00:45'),(15668,138,'(66004, 66318)',NULL,'2017-05-04 19:00:45'),(15669,138,'(66319, 66518)',NULL,'2017-05-04 19:00:45'),(15670,138,'(66519, 66546)',NULL,'2017-05-04 19:00:45'),(15671,138,'(66547, 66691)',NULL,'2017-05-04 19:00:45'),(15672,138,'(66692, 66872)',NULL,'2017-05-04 19:00:45'),(15673,138,'(66873, 67280)',NULL,'2017-05-04 19:00:45'),(15674,138,'(67281, 67295)',NULL,'2017-05-04 19:00:45'),(15675,138,'(67296, 67376)',NULL,'2017-05-04 19:00:45'),(15676,138,'(67377, 67593)',NULL,'2017-05-04 19:00:45'),(15677,138,'(67594, 67750)',NULL,'2017-05-04 19:00:45'),(15678,138,'(67750, 67769)',NULL,'2017-05-04 19:00:45'),(15679,138,'(67769, 68087)',NULL,'2017-05-04 19:00:45'),(15680,138,'(68088, 68107)',NULL,'2017-05-04 19:00:45'),(15681,138,'(68108, 68243)',NULL,'2017-05-04 19:00:45'),(15682,138,'(68244, 68260)',NULL,'2017-05-04 19:00:45'),(15683,138,'(68261, 68410)',NULL,'2017-05-04 19:00:45'),(15684,138,'(68411, 68444)',NULL,'2017-05-04 19:00:45'),(15685,138,'(68445, 68612)',NULL,'2017-05-04 19:00:45'),(15686,138,'(68613, 68632)',NULL,'2017-05-04 19:00:45'),(15687,138,'(68633, 68800)',NULL,'2017-05-04 19:00:45'),(15688,138,'(68801, 68821)',NULL,'2017-05-04 19:00:45'),(15689,138,'(68822, 68882)',NULL,'2017-05-04 19:00:45'),(15690,138,'(68883, 69000)',NULL,'2017-05-04 19:00:45'),(15691,138,'(69001, 69116)',NULL,'2017-05-04 19:00:45'),(15692,138,'(69117, 69147)',NULL,'2017-05-04 19:00:45'),(15693,138,'(69148, 69333)',NULL,'2017-05-04 19:00:45'),(15694,138,'(69334, 69353)',NULL,'2017-05-04 19:00:45'),(15695,138,'(69354, 69433)',NULL,'2017-05-04 19:00:45'),(15696,138,'(69434, 69583)',NULL,'2017-05-04 19:00:45'),(15697,138,'(69584, 69623)',NULL,'2017-05-04 19:00:45'),(15698,138,'(69624, 69981)',NULL,'2017-05-04 19:00:45'),(15699,138,'(69982, 70010)',NULL,'2017-05-04 19:00:45'),(15700,138,'(70011, 70206)',NULL,'2017-05-04 19:00:45'),(15701,138,'(70207, 70232)',NULL,'2017-05-04 19:00:45'),(15702,138,'(70233, 70344)',NULL,'2017-05-04 19:00:45'),(15703,138,'(70345, 70500)',NULL,'2017-05-04 19:00:45'),(15704,138,'(70501, 70527)',NULL,'2017-05-04 19:00:45'),(15705,138,'(70528, 70850)',NULL,'2017-05-04 19:00:45'),(15706,138,'(70851, 70983)',NULL,'2017-05-04 19:00:45'),(15707,138,'(70984, 71009)',NULL,'2017-05-04 19:00:45'),(15708,138,'(71010, 71348)',NULL,'2017-05-04 19:00:45'),(15709,138,'(71349, 71369)',NULL,'2017-05-04 19:00:45'),(15710,138,'(71370, 71559)',NULL,'2017-05-04 19:00:45'),(15711,138,'(71560, 71813)',NULL,'2017-05-04 19:00:45'),(15712,138,'(71813, 72019)',NULL,'2017-05-04 19:00:45'),(15713,138,'(72020, 72077)',NULL,'2017-05-04 19:00:45'),(15714,138,'(72078, 72143)',NULL,'2017-05-04 19:00:45'),(15715,138,'(72143, 72203)',NULL,'2017-05-04 19:00:45'),(15716,138,'(72203, 72218)',NULL,'2017-05-04 19:00:45'),(15717,138,'(72219, 72243)',NULL,'2017-05-04 19:00:45'),(15718,138,'(72244, 72939)',NULL,'2017-05-04 19:00:45'),(15719,138,'(72940, 73326)',NULL,'2017-05-04 19:00:45'),(15720,138,'(73327, 73496)',NULL,'2017-05-04 19:00:45'),(15721,138,'(73497, 73607)',NULL,'2017-05-04 19:00:45'),(15722,138,'(73608, 73762)',NULL,'2017-05-04 19:00:45'),(15723,138,'(73763, 73802)',NULL,'2017-05-04 19:00:45'),(15724,138,'(73803, 73822)',NULL,'2017-05-04 19:00:45'),(15725,138,'(73823, 73871)',NULL,'2017-05-04 19:00:45'),(15726,138,'(73872, 73912)',NULL,'2017-05-04 19:00:45'),(15727,138,'(73913, 73962)',NULL,'2017-05-04 19:00:45'),(15728,138,'(73963, 73966)',NULL,'2017-05-04 19:00:45'),(15729,138,'(73967, 74047)',NULL,'2017-05-04 19:00:45'),(15730,138,'(74048, 74172)',NULL,'2017-05-04 19:00:45'),(15731,138,'(74173, 74371)',NULL,'2017-05-04 19:00:45'),(15732,139,'(0, 579)',NULL,'2017-05-04 19:22:29'),(15733,139,'(580, 591)',NULL,'2017-05-04 19:22:29'),(15734,139,'(592, 672)',NULL,'2017-05-04 19:22:29'),(15735,139,'(673, 1075)',NULL,'2017-05-04 19:22:29'),(15736,139,'(1076, 1288)',NULL,'2017-05-04 19:22:29'),(15737,139,'(1289, 1317)',NULL,'2017-05-04 19:22:29'),(15738,139,'(1318, 1413)',NULL,'2017-05-04 19:22:29'),(15739,139,'(1414, 1626)',NULL,'2017-05-04 19:22:29'),(15740,139,'(1627, 1822)',NULL,'2017-05-04 19:22:29'),(15741,139,'(1823, 2057)',NULL,'2017-05-04 19:22:29'),(15742,139,'(2058, 2060)',NULL,'2017-05-04 19:22:29'),(15743,139,'(2061, 2070)',NULL,'2017-05-04 19:22:29'),(15744,139,'(2071, 2073)',NULL,'2017-05-04 19:22:29'),(15745,139,'(2074, 2093)',NULL,'2017-05-04 19:22:29'),(15746,139,'(2094, 2336)',NULL,'2017-05-04 19:22:29'),(15747,139,'(2337, 2506)',NULL,'2017-05-04 19:22:29'),(15748,139,'(2507, 2509)',NULL,'2017-05-04 19:22:29'),(15749,139,'(2510, 2529)',NULL,'2017-05-04 19:22:29'),(15750,139,'(2530, 2687)',NULL,'2017-05-04 19:22:29'),(15751,139,'(2688, 2799)',NULL,'2017-05-04 19:22:29'),(15752,139,'(2800, 2803)',NULL,'2017-05-04 19:22:29'),(15753,139,'(2804, 2922)',NULL,'2017-05-04 19:22:29'),(15754,139,'(2923, 2927)',NULL,'2017-05-04 19:22:29'),(15755,139,'(2928, 3062)',NULL,'2017-05-04 19:22:29'),(15756,139,'(3063, 3066)',NULL,'2017-05-04 19:22:29'),(15757,139,'(3067, 3271)',NULL,'2017-05-04 19:22:29'),(15758,139,'(3272, 3311)',NULL,'2017-05-04 19:22:29'),(15759,139,'(3312, 3507)',NULL,'2017-05-04 19:22:29'),(15760,139,'(3508, 3616)',NULL,'2017-05-04 19:22:29'),(15761,139,'(3617, 3803)',NULL,'2017-05-04 19:22:29'),(15762,139,'(3804, 4024)',NULL,'2017-05-04 19:22:29'),(15763,139,'(4025, 4214)',NULL,'2017-05-04 19:22:29'),(15764,139,'(4215, 4344)',NULL,'2017-05-04 19:22:29'),(15765,139,'(4345, 4584)',NULL,'2017-05-04 19:22:29'),(15766,139,'(4585, 4648)',NULL,'2017-05-04 19:22:29'),(15767,139,'(4649, 4673)',NULL,'2017-05-04 19:22:29'),(15768,139,'(4674, 5192)',NULL,'2017-05-04 19:22:29'),(15769,139,'(5193, 5293)',NULL,'2017-05-04 19:22:29'),(15770,139,'(5294, 5930)',NULL,'2017-05-04 19:22:29'),(15771,139,'(2800, 2803)',NULL,'2017-05-04 19:22:29'),(15772,139,'(5935, 6169)',NULL,'2017-05-04 19:22:29'),(15773,139,'(6170, 6537)',NULL,'2017-05-04 19:22:29'),(15774,139,'(6538, 6623)',NULL,'2017-05-04 19:22:29'),(15775,139,'(6624, 6735)',NULL,'2017-05-04 19:22:29'),(15776,139,'(6736, 6947)',NULL,'2017-05-04 19:22:29'),(15777,139,'(2923, 2927)',NULL,'2017-05-04 19:22:29'),(15778,139,'(6953, 7070)',NULL,'2017-05-04 19:22:29'),(15779,139,'(7071, 7170)',NULL,'2017-05-04 19:22:29'),(15780,139,'(7171, 7434)',NULL,'2017-05-04 19:22:29'),(15781,139,'(3063, 3066)',NULL,'2017-05-04 19:22:29'),(15782,139,'(7439, 7695)',NULL,'2017-05-04 19:22:29'),(15783,139,'(7696, 7960)',NULL,'2017-05-04 19:22:29'),(15784,139,'(7961, 8039)',NULL,'2017-05-04 19:22:29'),(15785,139,'(8040, 8115)',NULL,'2017-05-04 19:22:29'),(15786,139,'(8116, 8226)',NULL,'2017-05-04 19:22:29'),(15787,139,'(8227, 8589)',NULL,'2017-05-04 19:22:29'),(15788,139,'(8590, 8746)',NULL,'2017-05-04 19:22:29'),(15789,139,'(8747, 8766)',NULL,'2017-05-04 19:22:29'),(15790,139,'(8767, 8919)',NULL,'2017-05-04 19:22:29'),(15791,139,'(8920, 9063)',NULL,'2017-05-04 19:22:29'),(15792,139,'(9064, 9090)',NULL,'2017-05-04 19:22:29'),(15793,139,'(9091, 9286)',NULL,'2017-05-04 19:22:29'),(15794,139,'(9287, 9495)',NULL,'2017-05-04 19:22:29'),(15795,139,'(9496, 9710)',NULL,'2017-05-04 19:22:29'),(15796,139,'(9711, 9819)',NULL,'2017-05-04 19:22:29'),(15797,139,'(9820, 9918)',NULL,'2017-05-04 19:22:29'),(15798,139,'(9919, 10051)',NULL,'2017-05-04 19:22:29'),(15799,139,'(10052, 10169)',NULL,'2017-05-04 19:22:29'),(15800,139,'(10170, 10172)',NULL,'2017-05-04 19:22:29'),(15801,139,'(10173, 10196)',NULL,'2017-05-04 19:22:29'),(15802,139,'(10197, 10208)',NULL,'2017-05-04 19:22:29'),(15803,139,'(10209, 10455)',NULL,'2017-05-04 19:22:29'),(15804,139,'(10456, 10638)',NULL,'2017-05-04 19:22:29'),(15805,139,'(10639, 10741)',NULL,'2017-05-04 19:22:29'),(15806,139,'(10742, 10878)',NULL,'2017-05-04 19:22:29'),(15807,139,'(10879, 10919)',NULL,'2017-05-04 19:22:29'),(15808,139,'(10920, 11060)',NULL,'2017-05-04 19:22:29'),(15809,139,'(11061, 11146)',NULL,'2017-05-04 19:22:29'),(15810,139,'(11147, 11231)',NULL,'2017-05-04 19:22:29'),(15811,139,'(11232, 11450)',NULL,'2017-05-04 19:22:29'),(15812,139,'(11451, 11639)',NULL,'2017-05-04 19:22:29'),(15813,139,'(11640, 11738)',NULL,'2017-05-04 19:22:29'),(15814,139,'(11739, 11915)',NULL,'2017-05-04 19:22:29'),(15815,139,'(11916, 12085)',NULL,'2017-05-04 19:22:29'),(15816,139,'(12086, 12321)',NULL,'2017-05-04 19:22:29'),(15817,139,'(12322, 12584)',NULL,'2017-05-04 19:22:29'),(15818,139,'(12585, 12612)',NULL,'2017-05-04 19:22:29'),(15819,139,'(12613, 12721)',NULL,'2017-05-04 19:22:29'),(15820,139,'(12722, 12746)',NULL,'2017-05-04 19:22:29'),(15821,139,'(12747, 12888)',NULL,'2017-05-04 19:22:29'),(15822,139,'(12889, 13021)',NULL,'2017-05-04 19:22:29'),(15823,139,'(13022, 13124)',NULL,'2017-05-04 19:22:29'),(15824,139,'(13125, 13149)',NULL,'2017-05-04 19:22:29'),(15825,139,'(13150, 13442)',NULL,'2017-05-04 19:22:29'),(15826,139,'(13443, 13461)',NULL,'2017-05-04 19:22:29'),(15827,139,'(13462, 13574)',NULL,'2017-05-04 19:22:29'),(15828,139,'(13575, 13712)',NULL,'2017-05-04 19:22:29'),(15829,139,'(13713, 13871)',NULL,'2017-05-04 19:22:29'),(15830,139,'(13872, 14158)',NULL,'2017-05-04 19:22:29'),(15831,139,'(14159, 14161)',NULL,'2017-05-04 19:22:29'),(15832,139,'(14162, 14180)',NULL,'2017-05-04 19:22:29'),(15833,139,'(2071, 2073)',NULL,'2017-05-04 19:22:29'),(15834,139,'(14184, 14189)',NULL,'2017-05-04 19:22:29'),(15835,139,'(14190, 14339)',NULL,'2017-05-04 19:22:29'),(15836,139,'(14340, 14455)',NULL,'2017-05-04 19:22:29'),(15837,139,'(14456, 14799)',NULL,'2017-05-04 19:22:29'),(15838,139,'(14800, 15006)',NULL,'2017-05-04 19:22:29'),(15839,139,'(15007, 15290)',NULL,'2017-05-04 19:22:29'),(15840,139,'(15291, 15454)',NULL,'2017-05-04 19:22:29'),(15841,139,'(15455, 15657)',NULL,'2017-05-04 19:22:29'),(15842,139,'(15658, 15726)',NULL,'2017-05-04 19:22:29'),(15843,139,'(2507, 2509)',NULL,'2017-05-04 19:22:29'),(15844,139,'(15730, 15746)',NULL,'2017-05-04 19:22:29'),(15845,139,'(15747, 16054)',NULL,'2017-05-04 19:22:29'),(15846,139,'(16055, 16184)',NULL,'2017-05-04 19:22:29'),(15847,139,'(16185, 16223)',NULL,'2017-05-04 19:22:29'),(15848,139,'(16224, 16261)',NULL,'2017-05-04 19:22:29'),(15849,139,'(16262, 16510)',NULL,'2017-05-04 19:22:29'),(15850,139,'(16511, 16616)',NULL,'2017-05-04 19:22:29'),(15851,139,'(16617, 16629)',NULL,'2017-05-04 19:22:29'),(15852,139,'(16630, 16783)',NULL,'2017-05-04 19:22:29'),(15853,139,'(16784, 16810)',NULL,'2017-05-04 19:22:29'),(15854,139,'(16811, 16864)',NULL,'2017-05-04 19:22:29'),(15855,139,'(16865, 16891)',NULL,'2017-05-04 19:22:29'),(15856,139,'(16892, 17052)',NULL,'2017-05-04 19:22:29'),(15857,139,'(17053, 17266)',NULL,'2017-05-04 19:22:29'),(15858,139,'(17267, 17476)',NULL,'2017-05-04 19:22:29'),(15859,139,'(17477, 17605)',NULL,'2017-05-04 19:22:29'),(15860,139,'(17606, 17633)',NULL,'2017-05-04 19:22:29'),(15861,139,'(17634, 17723)',NULL,'2017-05-04 19:22:29'),(15862,139,'(17724, 17736)',NULL,'2017-05-04 19:22:29'),(15863,139,'(17737, 17818)',NULL,'2017-05-04 19:22:29'),(15864,139,'(17819, 18138)',NULL,'2017-05-04 19:22:29'),(15865,139,'(18139, 18373)',NULL,'2017-05-04 19:22:29'),(15866,139,'(18374, 18591)',NULL,'2017-05-04 19:22:29'),(15867,139,'(18592, 18729)',NULL,'2017-05-04 19:22:29'),(15868,139,'(18730, 18732)',NULL,'2017-05-04 19:22:29'),(15869,139,'(18733, 18743)',NULL,'2017-05-04 19:22:29'),(15870,139,'(18744, 18845)',NULL,'2017-05-04 19:22:29'),(15871,139,'(18846, 18921)',NULL,'2017-05-04 19:22:29'),(15872,139,'(18922, 19086)',NULL,'2017-05-04 19:22:29'),(15873,139,'(19087, 19184)',NULL,'2017-05-04 19:22:29'),(15874,139,'(19185, 19282)',NULL,'2017-05-04 19:22:29'),(15875,139,'(2071, 2073)',NULL,'2017-05-04 19:22:29'),(15876,139,'(19286, 19307)',NULL,'2017-05-04 19:22:29'),(15877,139,'(19308, 19342)',NULL,'2017-05-04 19:22:29'),(15878,139,'(19343, 19758)',NULL,'2017-05-04 19:22:29'),(15879,139,'(19759, 19916)',NULL,'2017-05-04 19:22:29'),(15880,139,'(19917, 20082)',NULL,'2017-05-04 19:22:29'),(15881,139,'(20083, 20385)',NULL,'2017-05-04 19:22:29'),(15882,139,'(20386, 20426)',NULL,'2017-05-04 19:22:29'),(15883,139,'(20427, 20463)',NULL,'2017-05-04 19:22:29'),(15884,139,'(2507, 2509)',NULL,'2017-05-04 19:22:29'),(15885,139,'(20467, 20478)',NULL,'2017-05-04 19:22:29'),(15886,139,'(2685, 2687)',NULL,'2017-05-04 19:22:29'),(15887,139,'(20482, 20491)',NULL,'2017-05-04 19:22:29'),(15888,139,'(20492, 20511)',NULL,'2017-05-04 19:22:29'),(15889,139,'(20512, 20826)',NULL,'2017-05-04 19:22:29'),(15890,139,'(20827, 20834)',NULL,'2017-05-04 19:22:29'),(15891,139,'(20835, 20969)',NULL,'2017-05-04 19:22:29'),(15892,139,'(20970, 21051)',NULL,'2017-05-04 19:22:29'),(15893,139,'(21052, 21252)',NULL,'2017-05-04 19:22:29'),(15894,139,'(21253, 21825)',NULL,'2017-05-04 19:22:29'),(15895,139,'(21826, 21828)',NULL,'2017-05-04 19:22:29'),(15896,139,'(21829, 21848)',NULL,'2017-05-04 19:22:29'),(15897,139,'(2071, 2073)',NULL,'2017-05-04 19:22:29'),(15898,139,'(21852, 21862)',NULL,'2017-05-04 19:22:29'),(15899,139,'(21863, 21959)',NULL,'2017-05-04 19:22:29'),(15900,139,'(2800, 2803)',NULL,'2017-05-04 19:22:29'),(15901,139,'(21964, 22102)',NULL,'2017-05-04 19:22:29'),(15902,139,'(2923, 2927)',NULL,'2017-05-04 19:22:29'),(15903,139,'(22108, 22231)',NULL,'2017-05-04 19:22:29'),(15904,139,'(3063, 3066)',NULL,'2017-05-04 19:22:29'),(15905,139,'(22236, 22366)',NULL,'2017-05-04 19:22:29'),(15906,139,'(22367, 22371)',NULL,'2017-05-04 19:22:29'),(15907,139,'(22372, 22387)',NULL,'2017-05-04 19:22:29'),(15908,139,'(22388, 22651)',NULL,'2017-05-04 19:22:29'),(15909,139,'(22652, 22847)',NULL,'2017-05-04 19:22:29'),(15910,139,'(22848, 23169)',NULL,'2017-05-04 19:22:29'),(15911,139,'(23170, 23190)',NULL,'2017-05-04 19:22:29'),(15912,139,'(23191, 23307)',NULL,'2017-05-04 19:22:29'),(15913,139,'(23308, 23394)',NULL,'2017-05-04 19:22:29'),(15914,139,'(23395, 23558)',NULL,'2017-05-04 19:22:29'),(15915,139,'(23559, 23561)',NULL,'2017-05-04 19:22:29'),(15916,139,'(23562, 23581)',NULL,'2017-05-04 19:22:29'),(15917,139,'(23582, 23937)',NULL,'2017-05-04 19:22:29'),(15918,139,'(23938, 24169)',NULL,'2017-05-04 19:22:29'),(15919,139,'(24170, 24292)',NULL,'2017-05-04 19:22:29'),(15920,139,'(24293, 24383)',NULL,'2017-05-04 19:22:29'),(15921,139,'(24384, 24469)',NULL,'2017-05-04 19:22:29'),(15922,139,'(2071, 2073)',NULL,'2017-05-04 19:22:29'),(15923,139,'(24473, 24595)',NULL,'2017-05-04 19:22:29'),(15924,139,'(24596, 24700)',NULL,'2017-05-04 19:22:29'),(15925,139,'(24701, 25072)',NULL,'2017-05-04 19:22:29'),(15926,139,'(25073, 25199)',NULL,'2017-05-04 19:22:29'),(15927,139,'(2507, 2509)',NULL,'2017-05-04 19:22:29'),(15928,139,'(25203, 25362)',NULL,'2017-05-04 19:22:29'),(15929,139,'(25363, 25486)',NULL,'2017-05-04 19:22:29'),(15930,139,'(25487, 25632)',NULL,'2017-05-04 19:22:29'),(15931,139,'(25633, 25720)',NULL,'2017-05-04 19:22:29'),(15932,139,'(25721, 25846)',NULL,'2017-05-04 19:22:29'),(15933,139,'(25847, 25849)',NULL,'2017-05-04 19:22:29'),(15934,139,'(25850, 25871)',NULL,'2017-05-04 19:22:29'),(15935,139,'(2071, 2073)',NULL,'2017-05-04 19:22:29'),(15936,139,'(25875, 26123)',NULL,'2017-05-04 19:22:29'),(15937,139,'(26124, 26128)',NULL,'2017-05-04 19:22:29'),(15938,139,'(26129, 26450)',NULL,'2017-05-04 19:22:29'),(15939,139,'(26451, 27969)',NULL,'2017-05-04 19:22:29'),(15940,139,'(27970, 28125)',NULL,'2017-05-04 19:22:29'),(15941,139,'(28126, 28128)',NULL,'2017-05-04 19:22:29'),(15942,139,'(28129, 28145)',NULL,'2017-05-04 19:22:29'),(15943,139,'(28146, 28788)',NULL,'2017-05-04 19:22:29'),(15944,139,'(28789, 28792)',NULL,'2017-05-04 19:22:29'),(15945,139,'(28793, 28830)',NULL,'2017-05-04 19:22:29'),(15946,139,'(28831, 29112)',NULL,'2017-05-04 19:22:29'),(15947,139,'(29113, 29445)',NULL,'2017-05-04 19:22:29'),(15948,139,'(29446, 29619)',NULL,'2017-05-04 19:22:29'),(15949,139,'(29620, 29625)',NULL,'2017-05-04 19:22:29'),(15950,139,'(29626, 29633)',NULL,'2017-05-04 19:22:29'),(15951,139,'(29634, 30332)',NULL,'2017-05-04 19:22:29'),(15952,139,'(30333, 30473)',NULL,'2017-05-04 19:22:29'),(15953,139,'(30474, 30477)',NULL,'2017-05-04 19:22:30'),(15954,139,'(30478, 30492)',NULL,'2017-05-04 19:22:30'),(15955,139,'(2071, 2073)',NULL,'2017-05-04 19:22:30'),(15956,139,'(30496, 30513)',NULL,'2017-05-04 19:22:30'),(15957,139,'(30514, 30724)',NULL,'2017-05-04 19:22:30'),(15958,139,'(30725, 31087)',NULL,'2017-05-04 19:22:30'),(15959,139,'(2507, 2509)',NULL,'2017-05-04 19:22:30'),(15960,139,'(31091, 31105)',NULL,'2017-05-04 19:22:30'),(15961,139,'(31106, 31712)',NULL,'2017-05-04 19:22:30'),(15962,139,'(31713, 31928)',NULL,'2017-05-04 19:22:30'),(15963,139,'(31929, 32020)',NULL,'2017-05-04 19:22:30'),(15964,139,'(32021, 32038)',NULL,'2017-05-04 19:22:30'),(15965,139,'(32039, 32217)',NULL,'2017-05-04 19:22:30'),(15966,139,'(32218, 32237)',NULL,'2017-05-04 19:22:30'),(15967,139,'(32238, 32428)',NULL,'2017-05-04 19:22:30'),(15968,139,'(32429, 32446)',NULL,'2017-05-04 19:22:30'),(15969,139,'(32447, 32835)',NULL,'2017-05-04 19:22:30'),(15970,139,'(32836, 32976)',NULL,'2017-05-04 19:22:30'),(15971,139,'(32977, 33063)',NULL,'2017-05-04 19:22:30'),(15972,139,'(33064, 33077)',NULL,'2017-05-04 19:22:30'),(15973,139,'(33078, 33248)',NULL,'2017-05-04 19:22:30'),(15974,139,'(33249, 33270)',NULL,'2017-05-04 19:22:30'),(15975,139,'(33271, 33308)',NULL,'2017-05-04 19:22:30'),(15976,139,'(33309, 33531)',NULL,'2017-05-04 19:22:30'),(15977,139,'(33532, 33812)',NULL,'2017-05-04 19:22:30'),(15978,139,'(33813, 34687)',NULL,'2017-05-04 19:22:30'),(15979,139,'(34688, 35137)',NULL,'2017-05-04 19:22:30'),(15980,139,'(35138, 35310)',NULL,'2017-05-04 19:22:30'),(15981,139,'(35311, 35344)',NULL,'2017-05-04 19:22:30'),(15982,139,'(35345, 35428)',NULL,'2017-05-04 19:22:30'),(15983,139,'(35429, 36058)',NULL,'2017-05-04 19:22:30'),(15984,139,'(6170, 6537)',NULL,'2017-05-04 19:22:30'),(15985,139,'(6538, 6623)',NULL,'2017-05-04 19:22:30'),(15986,139,'(6624, 6735)',NULL,'2017-05-04 19:22:30'),(15987,139,'(36625, 36793)',NULL,'2017-05-04 19:22:30'),(15988,139,'(36794, 37030)',NULL,'2017-05-04 19:22:30'),(15989,139,'(37031, 37243)',NULL,'2017-05-04 19:22:30'),(15990,139,'(37244, 37354)',NULL,'2017-05-04 19:22:30'),(15991,139,'(37355, 37499)',NULL,'2017-05-04 19:22:30'),(15992,139,'(37500, 37633)',NULL,'2017-05-04 19:22:30'),(15993,139,'(37634, 37794)',NULL,'2017-05-04 19:22:30'),(15994,139,'(37795, 37890)',NULL,'2017-05-04 19:22:30'),(15995,139,'(37891, 37981)',NULL,'2017-05-04 19:22:30'),(15996,139,'(37982, 38152)',NULL,'2017-05-04 19:22:30'),(15997,139,'(38153, 38300)',NULL,'2017-05-04 19:22:30'),(15998,139,'(38301, 38433)',NULL,'2017-05-04 19:22:30'),(15999,139,'(38434, 38536)',NULL,'2017-05-04 19:22:30'),(16000,139,'(38537, 38705)',NULL,'2017-05-04 19:22:30'),(16001,140,'(0, 36)',NULL,'2017-05-05 17:48:55'),(16002,140,'(37, 62)',NULL,'2017-05-05 17:48:56'),(16003,140,'(63, 82)',NULL,'2017-05-05 17:48:56'),(16004,141,'(0, 27)',NULL,'2017-05-05 17:51:43'),(16005,141,'(28, 51)',NULL,'2017-05-05 17:51:43'),(16006,141,'(52, 85)',NULL,'2017-05-05 17:51:43'),(16007,141,'(86, 137)',NULL,'2017-05-05 17:51:43');
/*!40000 ALTER TABLE `clauses` ENABLE KEYS */;
UNLOCK TABLES;

--
-- Table structure for table `conflicts`
--

DROP TABLE IF EXISTS `conflicts`;
/*!40101 SET @saved_cs_client     = @@character_set_client */;
/*!40101 SET character_set_client = utf8 */;
CREATE TABLE `conflicts` (
  `conf_id` int(6) NOT NULL AUTO_INCREMENT,
  `con_id` int(6) NOT NULL,
  `clause_id_1` int(6) NOT NULL,
  `clause_id_2` int(6) NOT NULL,
  `generated` tinyint(1) DEFAULT '0',
  `added_by` int(6) NOT NULL,
  `reg_date` timestamp NOT NULL DEFAULT CURRENT_TIMESTAMP,
  PRIMARY KEY (`conf_id`),
  KEY `clause_id_1` (`clause_id_1`),
  KEY `clause_id_2` (`clause_id_2`),
  KEY `con_id` (`con_id`),
  KEY `added_by` (`added_by`),
  CONSTRAINT `conflicts_ibfk_1` FOREIGN KEY (`clause_id_1`) REFERENCES `clauses` (`clause_id`),
  CONSTRAINT `conflicts_ibfk_2` FOREIGN KEY (`clause_id_2`) REFERENCES `clauses` (`clause_id`),
  CONSTRAINT `conflicts_ibfk_3` FOREIGN KEY (`con_id`) REFERENCES `contracts` (`con_id`),
  CONSTRAINT `conflicts_ibfk_4` FOREIGN KEY (`added_by`) REFERENCES `auth_user` (`id`)
) ENGINE=InnoDB DEFAULT CHARSET=utf8;
/*!40101 SET character_set_client = @saved_cs_client */;

--
-- Dumping data for table `conflicts`
--

LOCK TABLES `conflicts` WRITE;
/*!40000 ALTER TABLE `conflicts` DISABLE KEYS */;
/*!40000 ALTER TABLE `conflicts` ENABLE KEYS */;
UNLOCK TABLES;

--
-- Table structure for table `contracts`
--

DROP TABLE IF EXISTS `contracts`;
/*!40101 SET @saved_cs_client     = @@character_set_client */;
/*!40101 SET character_set_client = utf8 */;
CREATE TABLE `contracts` (
  `con_id` int(6) NOT NULL AUTO_INCREMENT,
  `con_name` varchar(40) NOT NULL,
  `path_to_file` varchar(200) DEFAULT NULL,
  `added_by` int(11) NOT NULL,
  `test_only` tinyint(1) DEFAULT '0',
  `reg_date` timestamp NOT NULL DEFAULT CURRENT_TIMESTAMP,
  PRIMARY KEY (`con_id`),
  KEY `added_by` (`added_by`),
  CONSTRAINT `contracts_ibfk_1` FOREIGN KEY (`added_by`) REFERENCES `auth_user` (`id`)
) ENGINE=InnoDB AUTO_INCREMENT=142 DEFAULT CHARSET=utf8;
/*!40101 SET character_set_client = @saved_cs_client */;

--
-- Dumping data for table `contracts`
--

LOCK TABLES `contracts` WRITE;
/*!40000 ALTER TABLE `contracts` DISABLE KEYS */;
INSERT INTO `contracts` VALUES (59,'pripak.mfg.2003.10.16_tqOiiiP','/home/lsa/conconexp/media/pripak.mfg.2003.10.16_tqOiiiP.shtml',3,0,'2017-04-29 06:54:30'),(73,'hershey.mfg.1998.03.13','/home/lsa/conconexp/media/hershey.mfg.1998.03.13.shtml',3,0,'2017-04-30 18:09:56'),(75,'hershey.conflicts_aWiwlto','/home/lsa/conconexp/media/hershey.conflicts_aWiwlto.txt',3,0,'2017-04-30 18:22:08'),(86,'hershey.conflicts_rv4Tvxl','/home/lsa/conconexp/media/hershey.conflicts_rv4Tvxl.txt',3,0,'2017-05-01 02:24:25'),(110,'256','/home/lsa/conconexp/media/256.txt',12,0,'2017-05-04 00:55:05'),(111,'6','/home/lsa/conconexp/media/6.txt',12,0,'2017-05-04 00:55:42'),(134,'mcdonalds.terms.1997.08.22_ricHeCi','/home/lsa/conconexp/media/mcdonalds.terms.1997.08.22_ricHeCi.shtml',1,0,'2017-05-04 18:49:19'),(135,'mcdonalds.terms.1997.08.22_3Ij3aDU','/home/lsa/conconexp/media/mcdonalds.terms.1997.08.22_3Ij3aDU.shtml',1,0,'2017-05-04 18:53:29'),(137,'mcdonalds.terms.1997.08.22_nd9MDHz','/home/lsa/conconexp/media/mcdonalds.terms.1997.08.22_nd9MDHz.shtml',1,0,'2017-05-04 18:54:27'),(138,'network.supplier.2000.03.01','/home/lsa/conconexp/media/network.supplier.2000.03.01.shtml',1,0,'2017-05-04 19:00:44'),(139,'usfoodservice.distrib.2003.01.27','/home/lsa/conconexp/media/usfoodservice.distrib.2003.01.27.shtml',1,0,'2017-05-04 19:22:29'),(140,'test_UiUlava','/home/lsa/conconexp/media/test_UiUlava.txt',14,0,'2017-05-05 17:48:55'),(141,'conflicted','/home/lsa/conconexp/media/conflicted.txt',14,0,'2017-05-05 17:51:43');
/*!40000 ALTER TABLE `contracts` ENABLE KEYS */;
UNLOCK TABLES;

--
-- Table structure for table `django_admin_log`
--

DROP TABLE IF EXISTS `django_admin_log`;
/*!40101 SET @saved_cs_client     = @@character_set_client */;
/*!40101 SET character_set_client = utf8 */;
CREATE TABLE `django_admin_log` (
  `id` int(11) NOT NULL AUTO_INCREMENT,
  `action_time` datetime NOT NULL,
  `object_id` longtext,
  `object_repr` varchar(200) NOT NULL,
  `action_flag` smallint(5) unsigned NOT NULL,
  `change_message` longtext NOT NULL,
  `content_type_id` int(11) DEFAULT NULL,
  `user_id` int(11) NOT NULL,
  PRIMARY KEY (`id`),
  KEY `django_admin_log_content_type_id_c4bce8eb_fk_django_co` (`content_type_id`),
  KEY `django_admin_log_user_id_c564eba6_fk_auth_user_id` (`user_id`),
  CONSTRAINT `django_admin_log_content_type_id_c4bce8eb_fk_django_co` FOREIGN KEY (`content_type_id`) REFERENCES `django_content_type` (`id`),
  CONSTRAINT `django_admin_log_user_id_c564eba6_fk_auth_user_id` FOREIGN KEY (`user_id`) REFERENCES `auth_user` (`id`)
) ENGINE=InnoDB DEFAULT CHARSET=latin1;
/*!40101 SET character_set_client = @saved_cs_client */;

--
-- Dumping data for table `django_admin_log`
--

LOCK TABLES `django_admin_log` WRITE;
/*!40000 ALTER TABLE `django_admin_log` DISABLE KEYS */;
/*!40000 ALTER TABLE `django_admin_log` ENABLE KEYS */;
UNLOCK TABLES;

--
-- Table structure for table `django_content_type`
--

DROP TABLE IF EXISTS `django_content_type`;
/*!40101 SET @saved_cs_client     = @@character_set_client */;
/*!40101 SET character_set_client = utf8 */;
CREATE TABLE `django_content_type` (
  `id` int(11) NOT NULL AUTO_INCREMENT,
  `app_label` varchar(100) NOT NULL,
  `model` varchar(100) NOT NULL,
  PRIMARY KEY (`id`),
  UNIQUE KEY `django_content_type_app_label_model_76bd3d3b_uniq` (`app_label`,`model`)
) ENGINE=InnoDB AUTO_INCREMENT=23 DEFAULT CHARSET=latin1;
/*!40101 SET character_set_client = @saved_cs_client */;

--
-- Dumping data for table `django_content_type`
--

LOCK TABLES `django_content_type` WRITE;
/*!40000 ALTER TABLE `django_content_type` DISABLE KEYS */;
INSERT INTO `django_content_type` VALUES (1,'admin','logentry'),(2,'auth','group'),(3,'auth','permission'),(4,'auth','user'),(5,'contenttypes','contenttype'),(7,'home','authgroup'),(8,'home','authgrouppermissions'),(9,'home','authpermission'),(10,'home','authuser'),(11,'home','authusergroups'),(12,'home','authuseruserpermissions'),(13,'home','clauses'),(14,'home','conflicts'),(15,'home','contracts'),(16,'home','djangoadminlog'),(17,'home','djangocontenttype'),(18,'home','djangomigrations'),(19,'home','djangosession'),(20,'home','modalcorrections'),(21,'home','modality'),(6,'sessions','session'),(22,'sites','site');
/*!40000 ALTER TABLE `django_content_type` ENABLE KEYS */;
UNLOCK TABLES;

--
-- Table structure for table `django_migrations`
--

DROP TABLE IF EXISTS `django_migrations`;
/*!40101 SET @saved_cs_client     = @@character_set_client */;
/*!40101 SET character_set_client = utf8 */;
CREATE TABLE `django_migrations` (
  `id` int(11) NOT NULL AUTO_INCREMENT,
  `app` varchar(255) NOT NULL,
  `name` varchar(255) NOT NULL,
  `applied` datetime NOT NULL,
  PRIMARY KEY (`id`)
) ENGINE=InnoDB AUTO_INCREMENT=17 DEFAULT CHARSET=latin1;
/*!40101 SET character_set_client = @saved_cs_client */;

--
-- Dumping data for table `django_migrations`
--

LOCK TABLES `django_migrations` WRITE;
/*!40000 ALTER TABLE `django_migrations` DISABLE KEYS */;
INSERT INTO `django_migrations` VALUES (1,'contenttypes','0001_initial','2017-04-20 19:28:14'),(2,'auth','0001_initial','2017-04-20 19:28:16'),(3,'admin','0001_initial','2017-04-20 19:28:16'),(4,'admin','0002_logentry_remove_auto_add','2017-04-20 19:28:16'),(5,'contenttypes','0002_remove_content_type_name','2017-04-20 19:28:17'),(6,'auth','0002_alter_permission_name_max_length','2017-04-20 19:28:17'),(7,'auth','0003_alter_user_email_max_length','2017-04-20 19:28:17'),(8,'auth','0004_alter_user_username_opts','2017-04-20 19:28:17'),(9,'auth','0005_alter_user_last_login_null','2017-04-20 19:28:17'),(10,'auth','0006_require_contenttypes_0002','2017-04-20 19:28:17'),(11,'auth','0007_alter_validators_add_error_messages','2017-04-20 19:28:17'),(12,'auth','0008_alter_user_username_max_length','2017-04-20 19:28:18'),(13,'sessions','0001_initial','2017-04-20 19:28:18'),(14,'home','0001_initial','2017-04-24 12:00:20'),(15,'sites','0001_initial','2017-04-24 13:10:57'),(16,'sites','0002_alter_domain_unique','2017-04-24 13:10:58');
/*!40000 ALTER TABLE `django_migrations` ENABLE KEYS */;
UNLOCK TABLES;

--
-- Table structure for table `django_session`
--

DROP TABLE IF EXISTS `django_session`;
/*!40101 SET @saved_cs_client     = @@character_set_client */;
/*!40101 SET character_set_client = utf8 */;
CREATE TABLE `django_session` (
  `session_key` varchar(40) NOT NULL,
  `session_data` longtext NOT NULL,
  `expire_date` datetime NOT NULL,
  PRIMARY KEY (`session_key`),
  KEY `django_session_expire_date_a5c62663` (`expire_date`)
) ENGINE=InnoDB DEFAULT CHARSET=latin1;
/*!40101 SET character_set_client = @saved_cs_client */;

--
-- Dumping data for table `django_session`
--

LOCK TABLES `django_session` WRITE;
/*!40000 ALTER TABLE `django_session` DISABLE KEYS */;
INSERT INTO `django_session` VALUES ('0o2y7ybcll6lwgkwsds167ggdhzd8wdk','ODIxMzZjNjNhMThlMGIxOGVmZGI0OWZjMjlkMzQyN2ExM2VlZDY1MDp7Il9hdXRoX3VzZXJfaGFzaCI6Ijg1ZDZlN2QzYmExNDA5YTYwZTUyMTNiZDAzM2FiOWVmOTJkODFmNWYiLCJfYXV0aF91c2VyX2JhY2tlbmQiOiJkamFuZ28uY29udHJpYi5hdXRoLmJhY2tlbmRzLk1vZGVsQmFja2VuZCIsIl9hdXRoX3VzZXJfaWQiOiIxNCJ9','2017-05-19 17:48:40'),('2fro9ybamv0oq1sr9jhpxebcqr196mjj','MGIyM2VkMDU3MTJlNjEzN2RiNDJiOTU4NzhhNWQ3MDM0YTNkZWU1NTp7Il9hdXRoX3VzZXJfaGFzaCI6IjRkZTQ2YTFiZjNmZDY1NWY3OGU3NWU0YmUxMDllNGU3ZjJiZmJmNTQiLCJfYXV0aF91c2VyX2JhY2tlbmQiOiJkamFuZ28uY29udHJpYi5hdXRoLmJhY2tlbmRzLk1vZGVsQmFja2VuZCIsIl9hdXRoX3VzZXJfaWQiOiI5In0=','2017-05-16 13:05:53'),('2n4ibero6kebtannro5wtzlbzs97xsz2','NTBjMjc5MmVlZTA5YWQ4NTY1OWQ1NDJmY2U2NGZhYjE0OWI0NzI0Nzp7Il9hdXRoX3VzZXJfaGFzaCI6IjZmOGE5NTRmMGEyNDM0NGNhNjdlNTljYzQwZmYzMjY0ZThkYzk1NTgiLCJfYXV0aF91c2VyX2JhY2tlbmQiOiJkamFuZ28uY29udHJpYi5hdXRoLmJhY2tlbmRzLk1vZGVsQmFja2VuZCIsIl9hdXRoX3VzZXJfaWQiOiI3In0=','2017-05-16 13:02:56'),('34g3fjtmh2rwgjsnlf10rgd8y9g00mgi','NzJiNmY3YjEyODVjNTI3ODU5Nzg4YmMzNzM4YzI5ODQ0YzhhZGQzMTp7Il9hdXRoX3VzZXJfaGFzaCI6IjVkMWI4Nzc4NmUzYTljMDY4YzRiZDM5NmJjNTk4NjUzYTU3MjgwODAiLCJfYXV0aF91c2VyX2JhY2tlbmQiOiJkamFuZ28uY29udHJpYi5hdXRoLmJhY2tlbmRzLk1vZGVsQmFja2VuZCIsIl9hdXRoX3VzZXJfaWQiOiIzIn0=','2017-05-15 02:21:37'),('4r9rqy3xkedo3cv3k7tvw0aj5z4la9f9','NTFkYzQxMzQwNGRkZTA1ZGZmYmZjYzM1YTZkNWRhNmZjOGIyYWQ3ZTp7Il9hdXRoX3VzZXJfaGFzaCI6IjE5N2ZjNWU4YWM5NDM0ZTc4NjU0ZjUxY2M4N2QxNDlhNWE1Nzg2MjMiLCJfYXV0aF91c2VyX2JhY2tlbmQiOiJkamFuZ28uY29udHJpYi5hdXRoLmJhY2tlbmRzLk1vZGVsQmFja2VuZCIsIl9hdXRoX3VzZXJfaWQiOiIxMCJ9','2017-05-16 14:42:30'),('5hftor78ek9ylrm3ge153r1f0y0ibfyt','YzIyYjIzMmVkYzQ4YmUzZjlkMWJjM2JiOTY1N2M3NDdhYTM3ZDgxYzp7Il9hdXRoX3VzZXJfaGFzaCI6IjJhNmYxZDdlNzlhNWJjZjBjMjQ1ZWUwOTQ0ZDFkNzZkZWE5MjNlNTYiLCJfYXV0aF91c2VyX2JhY2tlbmQiOiJkamFuZ28uY29udHJpYi5hdXRoLmJhY2tlbmRzLk1vZGVsQmFja2VuZCIsIl9hdXRoX3VzZXJfaWQiOiIxMiJ9','2017-05-18 00:53:53'),('8lggglaiuctnmkceh12jbo94nl27qqr3','YTE3Yzc0Njk1NjQzNjU3NTk3ZWM3ZTE0MDc2MzljYmFmZDkxZWVlMzp7fQ==','2017-05-08 21:50:08'),('hecmvsd9y5hkatkf8yo18pqqpar8nbil','NDJmMTJiYjhmYzk4ODZlZjY2N2VjY2MxNWEzZjczNDUyYTliZDI2YTp7Il9hdXRoX3VzZXJfaGFzaCI6IjFhYWI1Njg2ZjgxZGNjZWUwMDJjYzUyYjhiZGRiZmZiZWQxOWY1MWEiLCJfYXV0aF91c2VyX2JhY2tlbmQiOiJkamFuZ28uY29udHJpYi5hdXRoLmJhY2tlbmRzLk1vZGVsQmFja2VuZCIsIl9hdXRoX3VzZXJfaWQiOiIxMyJ9','2017-05-19 17:42:03'),('jl6r3houf3smh4rmeow46r7uli2osabx','NzQ2NjQ4NzUwZjY4NTFhY2Y0YjQ1YWZkZjk2YzYzNmYwZTM1NzUwYzp7fQ==','2017-05-13 03:56:47'),('jxfnrqoexhn4bnkmlu5dwb3k62ab0nve','MDNlYTIxYTVhMTUwNWZiYzVhZTkzNTQxNWQ0YmVjNDdkMjc3NjZjZjp7Il9hdXRoX3VzZXJfaGFzaCI6IjYwM2YyMmRlOWJmNjNmY2E4ZTgxNjg2M2MzODcyOTYxYTAyM2ZkMzciLCJfYXV0aF91c2VyX2JhY2tlbmQiOiJkamFuZ28uY29udHJpYi5hdXRoLmJhY2tlbmRzLk1vZGVsQmFja2VuZCIsIl9hdXRoX3VzZXJfaWQiOiI4In0=','2017-05-16 13:04:45'),('nqxtcj4zfbinr2ggobsz556d2bd31c7d','ZDg3YTJmODNlMDdkYTlhNmE2NDQ1OTdlNmViNThjY2Y5YjA1YjgxZjp7Il9hdXRoX3VzZXJfaGFzaCI6ImExNDlmMzkyYjgyNmJhMjg4YzhjMGJhZWY4MmNiNTZmYzI3M2MxNzEiLCJfYXV0aF91c2VyX2JhY2tlbmQiOiJkamFuZ28uY29udHJpYi5hdXRoLmJhY2tlbmRzLk1vZGVsQmFja2VuZCIsIl9hdXRoX3VzZXJfaWQiOiI2In0=','2017-05-13 20:18:41'),('oygqdlosfroyjzu3gvdbc1mifaxhubbg','MGYwNmY1ZjdlYzJhZjM2NjdiNTAyNjVkN2U2OGMxNGFmZTU3NmRkMzp7Il9hdXRoX3VzZXJfaGFzaCI6Ijg0ZmU2OTlmYjcyNzllYjE2NzQ4YzAzMjA1NDVhYjBkODE2ODg1MzciLCJfYXV0aF91c2VyX2JhY2tlbmQiOiJkamFuZ28uY29udHJpYi5hdXRoLmJhY2tlbmRzLk1vZGVsQmFja2VuZCIsIl9hdXRoX3VzZXJfaWQiOiIyIn0=','2017-05-11 17:48:53'),('q780kx21tclsgsf0yh5jn547eltcwmos','MWRkNjBkMDU1NDJlODkzOGU5YmY1YjRiMzM4ZWM5MzM3OWE3NDU5Yzp7Il9hdXRoX3VzZXJfaGFzaCI6IjhiNTlhMmZkODc1MmVkMjZlZjQ0MjFkZGU0MjZmZDE4OWEzN2FmZTEiLCJfYXV0aF91c2VyX2JhY2tlbmQiOiJkamFuZ28uY29udHJpYi5hdXRoLmJhY2tlbmRzLk1vZGVsQmFja2VuZCIsIl9hdXRoX3VzZXJfaWQiOiIyIn0=','2017-05-15 05:12:18'),('tt8dxpdu9dhi501shmjhtopiirawv6wk','ZWJkMTNjZDU4M2VlOTY3NjE0YzExMGQ2ZTZkYjk5YmEwY2Y0NDgyNjp7Il9hdXRoX3VzZXJfaGFzaCI6ImE0ZjI3Y2VhZDE0NDkwODc3NWI5OGUzMmE1NzZhNjUzZGRkNjI4YjUiLCJfYXV0aF91c2VyX2JhY2tlbmQiOiJkamFuZ28uY29udHJpYi5hdXRoLmJhY2tlbmRzLk1vZGVsQmFja2VuZCIsIl9hdXRoX3VzZXJfaWQiOiIxIn0=','2017-05-18 18:48:49'),('y8z6ppcmeb4csqrlm97x8oniorfdkjs3','MGYwNmY1ZjdlYzJhZjM2NjdiNTAyNjVkN2U2OGMxNGFmZTU3NmRkMzp7Il9hdXRoX3VzZXJfaGFzaCI6Ijg0ZmU2OTlmYjcyNzllYjE2NzQ4YzAzMjA1NDVhYjBkODE2ODg1MzciLCJfYXV0aF91c2VyX2JhY2tlbmQiOiJkamFuZ28uY29udHJpYi5hdXRoLmJhY2tlbmRzLk1vZGVsQmFja2VuZCIsIl9hdXRoX3VzZXJfaWQiOiIyIn0=','2017-05-10 23:20:31');
/*!40000 ALTER TABLE `django_session` ENABLE KEYS */;
UNLOCK TABLES;

--
-- Table structure for table `django_site`
--

DROP TABLE IF EXISTS `django_site`;
/*!40101 SET @saved_cs_client     = @@character_set_client */;
/*!40101 SET character_set_client = utf8 */;
CREATE TABLE `django_site` (
  `id` int(11) NOT NULL AUTO_INCREMENT,
  `domain` varchar(100) COLLATE utf8mb4_unicode_ci NOT NULL,
  `name` varchar(50) COLLATE utf8mb4_unicode_ci NOT NULL,
  PRIMARY KEY (`id`),
  UNIQUE KEY `django_site_domain_a2e37b91_uniq` (`domain`)
) ENGINE=InnoDB AUTO_INCREMENT=2 DEFAULT CHARSET=utf8mb4 COLLATE=utf8mb4_unicode_ci;
/*!40101 SET character_set_client = @saved_cs_client */;

--
-- Dumping data for table `django_site`
--

LOCK TABLES `django_site` WRITE;
/*!40000 ALTER TABLE `django_site` DISABLE KEYS */;
INSERT INTO `django_site` VALUES (1,'example.com','example.com');
/*!40000 ALTER TABLE `django_site` ENABLE KEYS */;
UNLOCK TABLES;

--
-- Table structure for table `modal_corrections`
--

DROP TABLE IF EXISTS `modal_corrections`;
/*!40101 SET @saved_cs_client     = @@character_set_client */;
/*!40101 SET character_set_client = utf8 */;
CREATE TABLE `modal_corrections` (
  `id_modal` int(6) NOT NULL,
  `id_clause` int(6) NOT NULL,
  `id_user` int(6) NOT NULL,
  `id_modality` smallint(3) NOT NULL,
  `reg_date` timestamp NOT NULL DEFAULT CURRENT_TIMESTAMP,
  PRIMARY KEY (`id_modal`),
  KEY `id_clause` (`id_clause`),
  KEY `id_user` (`id_user`),
  KEY `id_modality` (`id_modality`),
  CONSTRAINT `modal_corrections_ibfk_1` FOREIGN KEY (`id_clause`) REFERENCES `clauses` (`clause_id`),
  CONSTRAINT `modal_corrections_ibfk_2` FOREIGN KEY (`id_user`) REFERENCES `auth_user` (`id`),
  CONSTRAINT `modal_corrections_ibfk_3` FOREIGN KEY (`id_modality`) REFERENCES `modality` (`modal_id`)
) ENGINE=InnoDB DEFAULT CHARSET=utf8;
/*!40101 SET character_set_client = @saved_cs_client */;

--
-- Dumping data for table `modal_corrections`
--

LOCK TABLES `modal_corrections` WRITE;
/*!40000 ALTER TABLE `modal_corrections` DISABLE KEYS */;
/*!40000 ALTER TABLE `modal_corrections` ENABLE KEYS */;
UNLOCK TABLES;

--
-- Table structure for table `modality`
--

DROP TABLE IF EXISTS `modality`;
/*!40101 SET @saved_cs_client     = @@character_set_client */;
/*!40101 SET character_set_client = utf8 */;
CREATE TABLE `modality` (
  `modal_id` smallint(3) NOT NULL DEFAULT '0',
  `modality` varchar(12) DEFAULT NULL,
  PRIMARY KEY (`modal_id`)
) ENGINE=InnoDB DEFAULT CHARSET=utf8;
/*!40101 SET character_set_client = @saved_cs_client */;

--
-- Dumping data for table `modality`
--

LOCK TABLES `modality` WRITE;
/*!40000 ALTER TABLE `modality` DISABLE KEYS */;
/*!40000 ALTER TABLE `modality` ENABLE KEYS */;
UNLOCK TABLES;
/*!40103 SET TIME_ZONE=@OLD_TIME_ZONE */;

/*!40101 SET SQL_MODE=@OLD_SQL_MODE */;
/*!40014 SET FOREIGN_KEY_CHECKS=@OLD_FOREIGN_KEY_CHECKS */;
/*!40014 SET UNIQUE_CHECKS=@OLD_UNIQUE_CHECKS */;
/*!40101 SET CHARACTER_SET_CLIENT=@OLD_CHARACTER_SET_CLIENT */;
/*!40101 SET CHARACTER_SET_RESULTS=@OLD_CHARACTER_SET_RESULTS */;
/*!40101 SET COLLATION_CONNECTION=@OLD_COLLATION_CONNECTION */;
/*!40111 SET SQL_NOTES=@OLD_SQL_NOTES */;

-- Dump completed on 2017-05-05 16:27:09
