-- MySQL dump 10.13  Distrib 5.5.55, for debian-linux-gnu (x86_64)
--
-- Host: localhost    Database: 
-- ------------------------------------------------------
-- Server version	5.5.55-0ubuntu0.14.04.1

/*!40101 SET @OLD_CHARACTER_SET_CLIENT=@@CHARACTER_SET_CLIENT */;
/*!40101 SET @OLD_CHARACTER_SET_RESULTS=@@CHARACTER_SET_RESULTS */;
/*!40101 SET @OLD_COLLATION_CONNECTION=@@COLLATION_CONNECTION */;
/*!40101 SET NAMES utf8 */;
/*!40103 SET @OLD_TIME_ZONE=@@TIME_ZONE */;
/*!40103 SET TIME_ZONE='+00:00' */;
/*!40014 SET @OLD_UNIQUE_CHECKS=@@UNIQUE_CHECKS, UNIQUE_CHECKS=0 */;
/*!40014 SET @OLD_FOREIGN_KEY_CHECKS=@@FOREIGN_KEY_CHECKS, FOREIGN_KEY_CHECKS=0 */;
/*!40101 SET @OLD_SQL_MODE=@@SQL_MODE, SQL_MODE='NO_AUTO_VALUE_ON_ZERO' */;
/*!40111 SET @OLD_SQL_NOTES=@@SQL_NOTES, SQL_NOTES=0 */;

--
-- Current Database: `concon`
--

CREATE DATABASE /*!32312 IF NOT EXISTS*/ `concon` /*!40100 DEFAULT CHARACTER SET latin1 */;

USE `concon`;

--
-- Table structure for table `auth_group`
--

DROP TABLE IF EXISTS `auth_group`;
/*!40101 SET @saved_cs_client     = @@character_set_client */;
/*!40101 SET character_set_client = utf8 */;
CREATE TABLE `auth_group` (
  `id` int(11) NOT NULL AUTO_INCREMENT,
  `name` varchar(80) NOT NULL,
  PRIMARY KEY (`id`),
  UNIQUE KEY `name` (`name`)
) ENGINE=InnoDB DEFAULT CHARSET=latin1;
/*!40101 SET character_set_client = @saved_cs_client */;

--
-- Dumping data for table `auth_group`
--

LOCK TABLES `auth_group` WRITE;
/*!40000 ALTER TABLE `auth_group` DISABLE KEYS */;
/*!40000 ALTER TABLE `auth_group` ENABLE KEYS */;
UNLOCK TABLES;

--
-- Table structure for table `auth_group_permissions`
--

DROP TABLE IF EXISTS `auth_group_permissions`;
/*!40101 SET @saved_cs_client     = @@character_set_client */;
/*!40101 SET character_set_client = utf8 */;
CREATE TABLE `auth_group_permissions` (
  `id` int(11) NOT NULL AUTO_INCREMENT,
  `group_id` int(11) NOT NULL,
  `permission_id` int(11) NOT NULL,
  PRIMARY KEY (`id`),
  UNIQUE KEY `auth_group_permissions_group_id_permission_id_0cd325b0_uniq` (`group_id`,`permission_id`),
  KEY `auth_group_permissio_permission_id_84c5c92e_fk_auth_perm` (`permission_id`),
  CONSTRAINT `auth_group_permissions_group_id_b120cbf9_fk_auth_group_id` FOREIGN KEY (`group_id`) REFERENCES `auth_group` (`id`),
  CONSTRAINT `auth_group_permissio_permission_id_84c5c92e_fk_auth_perm` FOREIGN KEY (`permission_id`) REFERENCES `auth_permission` (`id`)
) ENGINE=InnoDB DEFAULT CHARSET=latin1;
/*!40101 SET character_set_client = @saved_cs_client */;

--
-- Dumping data for table `auth_group_permissions`
--

LOCK TABLES `auth_group_permissions` WRITE;
/*!40000 ALTER TABLE `auth_group_permissions` DISABLE KEYS */;
/*!40000 ALTER TABLE `auth_group_permissions` ENABLE KEYS */;
UNLOCK TABLES;

--
-- Table structure for table `auth_permission`
--

DROP TABLE IF EXISTS `auth_permission`;
/*!40101 SET @saved_cs_client     = @@character_set_client */;
/*!40101 SET character_set_client = utf8 */;
CREATE TABLE `auth_permission` (
  `id` int(11) NOT NULL AUTO_INCREMENT,
  `name` varchar(255) NOT NULL,
  `content_type_id` int(11) NOT NULL,
  `codename` varchar(100) NOT NULL,
  PRIMARY KEY (`id`),
  UNIQUE KEY `auth_permission_content_type_id_codename_01ab375a_uniq` (`content_type_id`,`codename`),
  CONSTRAINT `auth_permission_content_type_id_2f476e4b_fk_django_co` FOREIGN KEY (`content_type_id`) REFERENCES `django_content_type` (`id`)
) ENGINE=InnoDB AUTO_INCREMENT=67 DEFAULT CHARSET=latin1;
/*!40101 SET character_set_client = @saved_cs_client */;

--
-- Dumping data for table `auth_permission`
--

LOCK TABLES `auth_permission` WRITE;
/*!40000 ALTER TABLE `auth_permission` DISABLE KEYS */;
INSERT INTO `auth_permission` VALUES (1,'Can add log entry',1,'add_logentry'),(2,'Can change log entry',1,'change_logentry'),(3,'Can delete log entry',1,'delete_logentry'),(4,'Can add group',2,'add_group'),(5,'Can change group',2,'change_group'),(6,'Can delete group',2,'delete_group'),(7,'Can add permission',3,'add_permission'),(8,'Can change permission',3,'change_permission'),(9,'Can delete permission',3,'delete_permission'),(10,'Can add user',4,'add_user'),(11,'Can change user',4,'change_user'),(12,'Can delete user',4,'delete_user'),(13,'Can add content type',5,'add_contenttype'),(14,'Can change content type',5,'change_contenttype'),(15,'Can delete content type',5,'delete_contenttype'),(16,'Can add session',6,'add_session'),(17,'Can change session',6,'change_session'),(18,'Can delete session',6,'delete_session'),(19,'Can add auth group',7,'add_authgroup'),(20,'Can change auth group',7,'change_authgroup'),(21,'Can delete auth group',7,'delete_authgroup'),(22,'Can add auth group permissions',8,'add_authgrouppermissions'),(23,'Can change auth group permissions',8,'change_authgrouppermissions'),(24,'Can delete auth group permissions',8,'delete_authgrouppermissions'),(25,'Can add auth permission',9,'add_authpermission'),(26,'Can change auth permission',9,'change_authpermission'),(27,'Can delete auth permission',9,'delete_authpermission'),(28,'Can add auth user',10,'add_authuser'),(29,'Can change auth user',10,'change_authuser'),(30,'Can delete auth user',10,'delete_authuser'),(31,'Can add auth user groups',11,'add_authusergroups'),(32,'Can change auth user groups',11,'change_authusergroups'),(33,'Can delete auth user groups',11,'delete_authusergroups'),(34,'Can add auth user user permissions',12,'add_authuseruserpermissions'),(35,'Can change auth user user permissions',12,'change_authuseruserpermissions'),(36,'Can delete auth user user permissions',12,'delete_authuseruserpermissions'),(37,'Can add clauses',13,'add_clauses'),(38,'Can change clauses',13,'change_clauses'),(39,'Can delete clauses',13,'delete_clauses'),(40,'Can add conflicts',14,'add_conflicts'),(41,'Can change conflicts',14,'change_conflicts'),(42,'Can delete conflicts',14,'delete_conflicts'),(43,'Can add contracts',15,'add_contracts'),(44,'Can change contracts',15,'change_contracts'),(45,'Can delete contracts',15,'delete_contracts'),(46,'Can add django admin log',16,'add_djangoadminlog'),(47,'Can change django admin log',16,'change_djangoadminlog'),(48,'Can delete django admin log',16,'delete_djangoadminlog'),(49,'Can add django content type',17,'add_djangocontenttype'),(50,'Can change django content type',17,'change_djangocontenttype'),(51,'Can delete django content type',17,'delete_djangocontenttype'),(52,'Can add django migrations',18,'add_djangomigrations'),(53,'Can change django migrations',18,'change_djangomigrations'),(54,'Can delete django migrations',18,'delete_djangomigrations'),(55,'Can add django session',19,'add_djangosession'),(56,'Can change django session',19,'change_djangosession'),(57,'Can delete django session',19,'delete_djangosession'),(58,'Can add modal corrections',20,'add_modalcorrections'),(59,'Can change modal corrections',20,'change_modalcorrections'),(60,'Can delete modal corrections',20,'delete_modalcorrections'),(61,'Can add modality',21,'add_modality'),(62,'Can change modality',21,'change_modality'),(63,'Can delete modality',21,'delete_modality'),(64,'Can add site',22,'add_site'),(65,'Can change site',22,'change_site'),(66,'Can delete site',22,'delete_site');
/*!40000 ALTER TABLE `auth_permission` ENABLE KEYS */;
UNLOCK TABLES;

--
-- Table structure for table `auth_user`
--

DROP TABLE IF EXISTS `auth_user`;
/*!40101 SET @saved_cs_client     = @@character_set_client */;
/*!40101 SET character_set_client = utf8 */;
CREATE TABLE `auth_user` (
  `id` int(11) NOT NULL AUTO_INCREMENT,
  `password` varchar(128) NOT NULL,
  `last_login` datetime DEFAULT NULL,
  `is_superuser` tinyint(1) NOT NULL,
  `username` varchar(150) NOT NULL,
  `first_name` varchar(30) NOT NULL,
  `last_name` varchar(30) NOT NULL,
  `email` varchar(254) NOT NULL,
  `is_staff` tinyint(1) NOT NULL,
  `is_active` tinyint(1) NOT NULL,
  `date_joined` datetime NOT NULL,
  PRIMARY KEY (`id`),
  UNIQUE KEY `username` (`username`)
) ENGINE=InnoDB AUTO_INCREMENT=18 DEFAULT CHARSET=latin1;
/*!40101 SET character_set_client = @saved_cs_client */;

--
-- Dumping data for table `auth_user`
--

LOCK TABLES `auth_user` WRITE;
/*!40000 ALTER TABLE `auth_user` DISABLE KEYS */;
INSERT INTO `auth_user` VALUES (1,'pbkdf2_sha256$36000$836Gq6CDdwDT$FSB1SfXaWaEo+pUTq8zvJYL+8uExYsn68HL46zSEvac=','2017-05-14 23:50:24',1,'aires','','','jpaulo.aires@gmail.com',1,1,'2017-04-20 19:29:04'),(2,'pbkdf2_sha256$36000$KbM9FiVBOGGq$P8m0XLsjZff1VFoobMlxjidrMQc80Sz3mhVa1crv1DA=','2017-05-09 18:42:54',0,'joao','João','','joao.aires.001@acad.pucrs.br',0,1,'2017-04-24 21:50:07'),(3,'pbkdf2_sha256$36000$T5dcufYz5xqB$LSztZwDdaNeNBaZq1A2wJXsxtjdd6i4SHNztTcTxGSo=','2017-05-01 02:21:37',0,'meneguzzi','Felipe','','felipe.meneguzzi@gmail.com',0,1,'2017-04-29 03:40:49'),(4,'pbkdf2_sha256$36000$gJASZcZkFGZn$B9U4P7jJpK9N2ZKgNK2ExBjFuhNE/OXORwJhv/oOMxw=',NULL,0,'drmeneguzzi','Felipe','','felipe.meneguzzi@gmail.com',0,1,'2017-04-29 03:45:31'),(5,'pbkdf2_sha256$36000$jRVDLZhkJxE2$zjSizn7Zr/yIOS5AowxM/fKFa+Zaov+pu1waT0yeXco=','2017-04-29 03:56:47',0,'newUser','New User','','new_user@gmail.com',0,1,'2017-04-29 03:56:46'),(6,'pbkdf2_sha256$36000$saEUlnR3eHrg$eCpRERviTpTNRWe0Le7zLYViCe+VspwKYYJHk3FTkh4=','2017-04-29 20:18:41',0,'diegobengagiganteimortaledesejadoportodasasmulheres','Diego','','jose.diego@gmail.com',0,1,'2017-04-29 20:18:40'),(7,'pbkdf2_sha256$36000$fiNGzuFSyGn3$qkjGMUasHmAwrykD/1hJGOqLJvb8SHpVw/Gkh/8jO5Y=','2017-05-02 13:02:56',0,'guilhermekrz','Guilherme','','guilhermekrz@gmail.com',0,1,'2017-05-02 13:02:55'),(8,'pbkdf2_sha256$36000$rf8jutkWOmZk$zpUlmvuRn3bg52pkAEImhf/5DYHiPryT3dcTnEs3KF8=','2017-05-02 13:04:45',0,'rogergranada','Roger','','roger.leitzke@gmail.com',0,1,'2017-05-02 13:04:44'),(9,'pbkdf2_sha256$36000$RNZ3wVE0UDDk$VH6Wso/39HQod/rk8D5Ep4BvGMPGFmiWuumALjka1a0=','2017-05-02 13:05:53',0,'juarezmonteiro','Juarez','','jrzmonteiro@gmail.com',0,1,'2017-05-02 13:05:53'),(10,'pbkdf2_sha256$36000$zksRpWS5hspJ$ikn1HONq45/XJLQsPGMV6nVJEC1hBkZSP3BLHfbifMs=','2017-05-02 14:42:30',0,'lamado','Leonardo Rosa Amado','','leonardo.amado@acad.pucrs.br',0,1,'2017-05-02 14:35:22'),(11,'pbkdf2_sha256$36000$MiWgth8f4m2b$vAoWKpqGXCJgmSppjxpakl8N8sW7VLn87H0YCe4BmNc=','2017-05-03 18:25:08',0,'rcbarros','Rodrigo','','rcbarros@gmail.com',0,1,'2017-05-03 18:25:08'),(12,'pbkdf2_sha256$36000$zvZ8lgJ0EPMg$4O7o9bKqKma7zm7Z4w4OrqzflvaDXjQt210s/sEhJCQ=','2017-05-04 00:53:53',0,'dani','Daniele','','daniele.apin@gmail.com',0,1,'2017-05-04 00:53:53'),(13,'pbkdf2_sha256$36000$S0XQ819SdTnC$ch5nYBWEPLsRa2G2spCPrNyIQRDMArngL1nOnhpoxg4=','2017-05-05 17:42:03',0,'christian','christian','','christian.quevedo@pucrs.br',0,1,'2017-05-05 17:42:03'),(14,'pbkdf2_sha256$36000$iaIvdNpnESkB$JSx+F9Gqb6rwmxYn55CSrh8jK1nCYOFGfsexGf+/B50=','2017-05-05 17:48:40',0,'felipenunes10','Felipe','','felipe.boff@acad.pucrs.br',0,1,'2017-05-05 17:48:22'),(15,'pbkdf2_sha256$36000$J24C6FcZtGdW$f2RB6WqSBVfteAwnT2D+/G6n2Ce7x3XLxnFLik23JXA=','2017-05-08 13:47:07',0,'holisson','holisson','','holisson.cunha@gmail.com',0,1,'2017-05-08 13:47:07'),(16,'pbkdf2_sha256$36000$JUUTSFh9pvjv$ttSb1TQYie4hJFYjTWhC76hvTF/SfTTf73t7hSYomE4=','2017-05-09 18:29:23',0,'anibalsolon','Anibal','','anibalsolon@gmail.com',0,1,'2017-05-09 18:29:23'),(17,'pbkdf2_sha256$36000$DHgEJiKofX7B$jsk8JSSTcwCnK7BNpbY2bZ4GeYakkfGGBtYFmAhDj40=','2017-05-12 13:33:24',0,'nirav','Nirav Ajmeri','','nirav.ajmeri@gmail.com',0,1,'2017-05-12 13:33:23');
/*!40000 ALTER TABLE `auth_user` ENABLE KEYS */;
UNLOCK TABLES;

--
-- Table structure for table `auth_user_groups`
--

DROP TABLE IF EXISTS `auth_user_groups`;
/*!40101 SET @saved_cs_client     = @@character_set_client */;
/*!40101 SET character_set_client = utf8 */;
CREATE TABLE `auth_user_groups` (
  `id` int(11) NOT NULL AUTO_INCREMENT,
  `user_id` int(11) NOT NULL,
  `group_id` int(11) NOT NULL,
  PRIMARY KEY (`id`),
  UNIQUE KEY `auth_user_groups_user_id_group_id_94350c0c_uniq` (`user_id`,`group_id`),
  KEY `auth_user_groups_group_id_97559544_fk_auth_group_id` (`group_id`),
  CONSTRAINT `auth_user_groups_group_id_97559544_fk_auth_group_id` FOREIGN KEY (`group_id`) REFERENCES `auth_group` (`id`),
  CONSTRAINT `auth_user_groups_user_id_6a12ed8b_fk_auth_user_id` FOREIGN KEY (`user_id`) REFERENCES `auth_user` (`id`)
) ENGINE=InnoDB DEFAULT CHARSET=latin1;
/*!40101 SET character_set_client = @saved_cs_client */;

--
-- Dumping data for table `auth_user_groups`
--

LOCK TABLES `auth_user_groups` WRITE;
/*!40000 ALTER TABLE `auth_user_groups` DISABLE KEYS */;
/*!40000 ALTER TABLE `auth_user_groups` ENABLE KEYS */;
UNLOCK TABLES;

--
-- Table structure for table `auth_user_user_permissions`
--

DROP TABLE IF EXISTS `auth_user_user_permissions`;
/*!40101 SET @saved_cs_client     = @@character_set_client */;
/*!40101 SET character_set_client = utf8 */;
CREATE TABLE `auth_user_user_permissions` (
  `id` int(11) NOT NULL AUTO_INCREMENT,
  `user_id` int(11) NOT NULL,
  `permission_id` int(11) NOT NULL,
  PRIMARY KEY (`id`),
  UNIQUE KEY `auth_user_user_permissions_user_id_permission_id_14a6b632_uniq` (`user_id`,`permission_id`),
  KEY `auth_user_user_permi_permission_id_1fbb5f2c_fk_auth_perm` (`permission_id`),
  CONSTRAINT `auth_user_user_permissions_user_id_a95ead1b_fk_auth_user_id` FOREIGN KEY (`user_id`) REFERENCES `auth_user` (`id`),
  CONSTRAINT `auth_user_user_permi_permission_id_1fbb5f2c_fk_auth_perm` FOREIGN KEY (`permission_id`) REFERENCES `auth_permission` (`id`)
) ENGINE=InnoDB DEFAULT CHARSET=latin1;
/*!40101 SET character_set_client = @saved_cs_client */;

--
-- Dumping data for table `auth_user_user_permissions`
--

LOCK TABLES `auth_user_user_permissions` WRITE;
/*!40000 ALTER TABLE `auth_user_user_permissions` DISABLE KEYS */;
/*!40000 ALTER TABLE `auth_user_user_permissions` ENABLE KEYS */;
UNLOCK TABLES;

--
-- Table structure for table `clauses`
--

DROP TABLE IF EXISTS `clauses`;
/*!40101 SET @saved_cs_client     = @@character_set_client */;
/*!40101 SET character_set_client = utf8 */;
CREATE TABLE `clauses` (
  `clause_id` int(6) NOT NULL AUTO_INCREMENT,
  `con_id` int(6) NOT NULL,
  `clause_range` varchar(90) DEFAULT NULL,
  `modal_id` smallint(3) DEFAULT NULL,
  `reg_date` timestamp NOT NULL DEFAULT CURRENT_TIMESTAMP,
  PRIMARY KEY (`clause_id`),
  KEY `con_id` (`con_id`),
  KEY `modal_id` (`modal_id`),
  CONSTRAINT `clauses_ibfk_1` FOREIGN KEY (`con_id`) REFERENCES `contracts` (`con_id`),
  CONSTRAINT `clauses_ibfk_2` FOREIGN KEY (`modal_id`) REFERENCES `modality` (`modal_id`)
) ENGINE=InnoDB AUTO_INCREMENT=20258 DEFAULT CHARSET=utf8;
/*!40101 SET character_set_client = @saved_cs_client */;

--
-- Dumping data for table `clauses`
--

LOCK TABLES `clauses` WRITE;
/*!40000 ALTER TABLE `clauses` DISABLE KEYS */;
INSERT INTO `clauses` VALUES (6974,59,'(0, 307)',NULL,'2017-04-29 06:54:30'),(6975,59,'(308, 377)',NULL,'2017-04-29 06:54:30'),(6976,59,'(378, 387)',NULL,'2017-04-29 06:54:30'),(6977,59,'(388, 771)',NULL,'2017-04-29 06:54:30'),(6978,59,'(772, 945)',NULL,'2017-04-29 06:54:30'),(6979,59,'(946, 1057)',NULL,'2017-04-29 06:54:30'),(6980,59,'(1058, 1238)',NULL,'2017-04-29 06:54:30'),(6981,59,'(1239, 1392)',NULL,'2017-04-29 06:54:30'),(6982,59,'(1393, 1447)',NULL,'2017-04-29 06:54:30'),(6983,59,'(1448, 1544)',NULL,'2017-04-29 06:54:30'),(6984,59,'(1437, 1447)',NULL,'2017-04-29 06:54:30'),(6985,59,'(1556, 1749)',NULL,'2017-04-29 06:54:30'),(6986,59,'(1750, 1832)',NULL,'2017-04-29 06:54:30'),(6987,59,'(1833, 1922)',NULL,'2017-04-29 06:54:30'),(6988,59,'(1923, 2027)',NULL,'2017-04-29 06:54:30'),(6989,59,'(2028, 2107)',NULL,'2017-04-29 06:54:30'),(6990,59,'(2108, 2360)',NULL,'2017-04-29 06:54:30'),(6991,59,'(2361, 2462)',NULL,'2017-04-29 06:54:30'),(6992,59,'(2463, 2574)',NULL,'2017-04-29 06:54:30'),(6993,59,'(2575, 2585)',NULL,'2017-04-29 06:54:30'),(6994,59,'(2586, 2613)',NULL,'2017-04-29 06:54:30'),(6995,59,'(2614, 3047)',NULL,'2017-04-29 06:54:30'),(6996,59,'(3048, 3066)',NULL,'2017-04-29 06:54:30'),(6997,59,'(3067, 3462)',NULL,'2017-04-29 06:54:30'),(6998,59,'(3463, 3706)',NULL,'2017-04-29 06:54:30'),(6999,59,'(3707, 3717)',NULL,'2017-04-29 06:54:30'),(7000,59,'(3718, 3749)',NULL,'2017-04-29 06:54:30'),(7001,59,'(3750, 4254)',NULL,'2017-04-29 06:54:30'),(7002,59,'(4255, 4265)',NULL,'2017-04-29 06:54:30'),(7003,59,'(4266, 4289)',NULL,'2017-04-29 06:54:30'),(7004,59,'(4290, 4428)',NULL,'2017-04-29 06:54:30'),(7005,59,'(4429, 4439)',NULL,'2017-04-29 06:54:30'),(7006,59,'(4440, 4733)',NULL,'2017-04-29 06:54:30'),(7007,59,'(4734, 4744)',NULL,'2017-04-29 06:54:30'),(7008,59,'(4745, 4761)',NULL,'2017-04-29 06:54:30'),(7009,59,'(4762, 5022)',NULL,'2017-04-29 06:54:30'),(7010,59,'(5023, 5265)',NULL,'2017-04-29 06:54:30'),(7011,59,'(5266, 5323)',NULL,'2017-04-29 06:54:30'),(7012,59,'(5324, 5460)',NULL,'2017-04-29 06:54:30'),(7013,59,'(5461, 5646)',NULL,'2017-04-29 06:54:30'),(7014,59,'(5570, 5584)',NULL,'2017-04-29 06:54:30'),(8154,73,'(0, 451)',NULL,'2017-04-30 18:09:56'),(8155,73,'(452, 1375)',NULL,'2017-04-30 18:09:56'),(8156,73,'(1376, 1505)',NULL,'2017-04-30 18:09:56'),(8157,73,'(1506, 1745)',NULL,'2017-04-30 18:09:56'),(8158,73,'(1746, 1944)',NULL,'2017-04-30 18:09:56'),(8159,73,'(1945, 2048)',NULL,'2017-04-30 18:09:56'),(8160,73,'(2049, 2402)',NULL,'2017-04-30 18:09:56'),(8161,73,'(2403, 2685)',NULL,'2017-04-30 18:09:56'),(8162,73,'(2686, 2985)',NULL,'2017-04-30 18:09:56'),(8163,73,'(2986, 3090)',NULL,'2017-04-30 18:09:56'),(8164,73,'(3091, 3269)',NULL,'2017-04-30 18:09:56'),(8165,73,'(3270, 3414)',NULL,'2017-04-30 18:09:56'),(8166,73,'(3415, 3643)',NULL,'2017-04-30 18:09:56'),(8167,73,'(3644, 3786)',NULL,'2017-04-30 18:09:56'),(8168,73,'(3787, 3930)',NULL,'2017-04-30 18:09:56'),(8169,73,'(3931, 4444)',NULL,'2017-04-30 18:09:56'),(8170,73,'(4445, 4679)',NULL,'2017-04-30 18:09:56'),(8171,73,'(4680, 4824)',NULL,'2017-04-30 18:09:56'),(8172,73,'(4825, 5026)',NULL,'2017-04-30 18:09:56'),(8173,73,'(5027, 5212)',NULL,'2017-04-30 18:09:56'),(8174,73,'(5213, 5371)',NULL,'2017-04-30 18:09:56'),(8175,73,'(5372, 5598)',NULL,'2017-04-30 18:09:56'),(8176,73,'(5599, 5818)',NULL,'2017-04-30 18:09:56'),(8177,73,'(5819, 6065)',NULL,'2017-04-30 18:09:56'),(8178,73,'(6066, 6241)',NULL,'2017-04-30 18:09:56'),(8179,73,'(6242, 6449)',NULL,'2017-04-30 18:09:56'),(8180,73,'(6450, 6710)',NULL,'2017-04-30 18:09:56'),(8181,73,'(6711, 6929)',NULL,'2017-04-30 18:09:56'),(8182,73,'(6930, 7007)',NULL,'2017-04-30 18:09:56'),(8183,73,'(7008, 7359)',NULL,'2017-04-30 18:09:56'),(8184,73,'(7360, 7546)',NULL,'2017-04-30 18:09:56'),(8185,73,'(7547, 7752)',NULL,'2017-04-30 18:09:56'),(8186,73,'(7753, 7755)',NULL,'2017-04-30 18:09:56'),(8187,73,'(7756, 7788)',NULL,'2017-04-30 18:09:56'),(8188,73,'(7789, 7985)',NULL,'2017-04-30 18:09:56'),(8189,73,'(7986, 8248)',NULL,'2017-04-30 18:09:56'),(8190,73,'(8249, 8622)',NULL,'2017-04-30 18:09:56'),(8191,73,'(8623, 8784)',NULL,'2017-04-30 18:09:56'),(8192,73,'(8785, 9011)',NULL,'2017-04-30 18:09:56'),(8193,73,'(9012, 9174)',NULL,'2017-04-30 18:09:56'),(8194,73,'(9175, 9406)',NULL,'2017-04-30 18:09:56'),(8195,73,'(9407, 9919)',NULL,'2017-04-30 18:09:56'),(8196,73,'(9920, 9948)',NULL,'2017-04-30 18:09:56'),(8197,73,'(9949, 10635)',NULL,'2017-04-30 18:09:56'),(8198,73,'(10636, 10752)',NULL,'2017-04-30 18:09:56'),(8199,73,'(10753, 10852)',NULL,'2017-04-30 18:09:56'),(8200,73,'(10853, 11024)',NULL,'2017-04-30 18:09:56'),(8201,73,'(11025, 11273)',NULL,'2017-04-30 18:09:56'),(8202,73,'(11274, 11448)',NULL,'2017-04-30 18:09:56'),(8203,73,'(7005, 7007)',NULL,'2017-04-30 18:09:56'),(8204,73,'(11452, 11986)',NULL,'2017-04-30 18:09:56'),(8205,73,'(11987, 12244)',NULL,'2017-04-30 18:09:56'),(8206,73,'(12245, 12725)',NULL,'2017-04-30 18:09:56'),(8207,73,'(12726, 12915)',NULL,'2017-04-30 18:09:56'),(8208,73,'(12916, 13078)',NULL,'2017-04-30 18:09:56'),(8209,73,'(13079, 13241)',NULL,'2017-04-30 18:09:56'),(8210,73,'(13242, 13622)',NULL,'2017-04-30 18:09:56'),(8211,73,'(13623, 14224)',NULL,'2017-04-30 18:09:56'),(8212,73,'(14225, 14366)',NULL,'2017-04-30 18:09:56'),(8213,73,'(10753, 10852)',NULL,'2017-04-30 18:09:56'),(8214,73,'(14467, 14627)',NULL,'2017-04-30 18:09:56'),(8215,73,'(14628, 14764)',NULL,'2017-04-30 18:09:56'),(8216,73,'(14765, 14843)',NULL,'2017-04-30 18:09:56'),(8217,73,'(14844, 15038)',NULL,'2017-04-30 18:09:56'),(8218,73,'(15039, 15114)',NULL,'2017-04-30 18:09:56'),(8219,73,'(15115, 15445)',NULL,'2017-04-30 18:09:56'),(8220,73,'(15446, 15716)',NULL,'2017-04-30 18:09:56'),(8221,73,'(15717, 15875)',NULL,'2017-04-30 18:09:56'),(8222,73,'(15876, 16352)',NULL,'2017-04-30 18:09:56'),(8223,73,'(16353, 16481)',NULL,'2017-04-30 18:09:56'),(8224,73,'(16482, 16770)',NULL,'2017-04-30 18:09:56'),(8225,73,'(16771, 17516)',NULL,'2017-04-30 18:09:56'),(8226,73,'(17517, 17844)',NULL,'2017-04-30 18:09:56'),(8227,73,'(17845, 18055)',NULL,'2017-04-30 18:09:56'),(8228,73,'(18056, 18291)',NULL,'2017-04-30 18:09:56'),(8229,73,'(18292, 18504)',NULL,'2017-04-30 18:09:56'),(8230,73,'(18505, 18673)',NULL,'2017-04-30 18:09:56'),(8231,73,'(18674, 18773)',NULL,'2017-04-30 18:09:56'),(8232,73,'(18774, 18792)',NULL,'2017-04-30 18:09:56'),(8233,73,'(7005, 7007)',NULL,'2017-04-30 18:09:56'),(8234,73,'(18796, 18809)',NULL,'2017-04-30 18:09:56'),(8235,73,'(18810, 18864)',NULL,'2017-04-30 18:09:56'),(8236,73,'(18865, 18919)',NULL,'2017-04-30 18:09:56'),(8237,73,'(18920, 18942)',NULL,'2017-04-30 18:09:56'),(8238,73,'(18943, 19073)',NULL,'2017-04-30 18:09:56'),(8239,73,'(19074, 19269)',NULL,'2017-04-30 18:09:56'),(8240,73,'(19270, 19493)',NULL,'2017-04-30 18:09:56'),(8241,73,'(19494, 19868)',NULL,'2017-04-30 18:09:56'),(8242,73,'(19869, 20151)',NULL,'2017-04-30 18:09:56'),(8243,73,'(20152, 20277)',NULL,'2017-04-30 18:09:56'),(8244,73,'(20278, 20466)',NULL,'2017-04-30 18:09:56'),(8245,73,'(20467, 20551)',NULL,'2017-04-30 18:09:56'),(8246,73,'(20552, 20768)',NULL,'2017-04-30 18:09:56'),(8247,73,'(20769, 21135)',NULL,'2017-04-30 18:09:56'),(8248,73,'(21136, 21423)',NULL,'2017-04-30 18:09:56'),(8249,73,'(21424, 21733)',NULL,'2017-04-30 18:09:56'),(8250,73,'(21734, 21881)',NULL,'2017-04-30 18:09:56'),(8251,73,'(21882, 22163)',NULL,'2017-04-30 18:09:56'),(8252,73,'(22164, 22467)',NULL,'2017-04-30 18:09:56'),(8253,73,'(22468, 22550)',NULL,'2017-04-30 18:09:56'),(8254,73,'(22551, 22883)',NULL,'2017-04-30 18:09:56'),(8255,73,'(22884, 23048)',NULL,'2017-04-30 18:09:56'),(8256,73,'(23049, 23210)',NULL,'2017-04-30 18:09:56'),(8257,73,'(23211, 23464)',NULL,'2017-04-30 18:09:56'),(8258,73,'(23465, 23515)',NULL,'2017-04-30 18:09:56'),(8259,73,'(23516, 23608)',NULL,'2017-04-30 18:09:56'),(8260,73,'(23609, 23681)',NULL,'2017-04-30 18:09:56'),(8261,73,'(23682, 23759)',NULL,'2017-04-30 18:09:56'),(8262,73,'(23760, 24095)',NULL,'2017-04-30 18:09:56'),(8263,73,'(24096, 24407)',NULL,'2017-04-30 18:09:56'),(8264,73,'(24408, 24642)',NULL,'2017-04-30 18:09:56'),(8265,73,'(24643, 24848)',NULL,'2017-04-30 18:09:56'),(8266,73,'(24849, 25121)',NULL,'2017-04-30 18:09:56'),(8267,73,'(25122, 25283)',NULL,'2017-04-30 18:09:56'),(8268,73,'(25284, 25594)',NULL,'2017-04-30 18:09:56'),(8269,73,'(25595, 25670)',NULL,'2017-04-30 18:09:56'),(8270,73,'(25671, 26045)',NULL,'2017-04-30 18:09:56'),(8271,73,'(26046, 26251)',NULL,'2017-04-30 18:09:56'),(8272,73,'(26252, 26427)',NULL,'2017-04-30 18:09:56'),(8273,73,'(26428, 26611)',NULL,'2017-04-30 18:09:56'),(8274,73,'(26612, 27025)',NULL,'2017-04-30 18:09:56'),(8275,73,'(27026, 27178)',NULL,'2017-04-30 18:09:56'),(8276,73,'(27179, 27496)',NULL,'2017-04-30 18:09:56'),(8277,73,'(27497, 27806)',NULL,'2017-04-30 18:09:56'),(8278,73,'(27807, 27969)',NULL,'2017-04-30 18:09:56'),(8279,73,'(27970, 28097)',NULL,'2017-04-30 18:09:56'),(8280,73,'(28098, 28244)',NULL,'2017-04-30 18:09:56'),(8281,73,'(20130, 20132)',NULL,'2017-04-30 18:09:56'),(8282,73,'(28248, 28442)',NULL,'2017-04-30 18:09:56'),(8283,73,'(28443, 28611)',NULL,'2017-04-30 18:09:56'),(8284,73,'(28612, 28802)',NULL,'2017-04-30 18:09:56'),(8285,73,'(28803, 28989)',NULL,'2017-04-30 18:09:56'),(8286,73,'(28990, 29519)',NULL,'2017-04-30 18:09:56'),(8287,73,'(29520, 29664)',NULL,'2017-04-30 18:09:56'),(8288,73,'(29665, 29832)',NULL,'2017-04-30 18:09:56'),(8289,73,'(29833, 30106)',NULL,'2017-04-30 18:09:56'),(8290,73,'(30107, 30265)',NULL,'2017-04-30 18:09:57'),(8291,73,'(30266, 30458)',NULL,'2017-04-30 18:09:57'),(8292,73,'(30459, 30564)',NULL,'2017-04-30 18:09:57'),(8293,73,'(30565, 30623)',NULL,'2017-04-30 18:09:57'),(8294,73,'(30624, 30953)',NULL,'2017-04-30 18:09:57'),(8295,73,'(30954, 31027)',NULL,'2017-04-30 18:09:57'),(8296,73,'(31028, 31402)',NULL,'2017-04-30 18:09:57'),(8297,73,'(31403, 31590)',NULL,'2017-04-30 18:09:57'),(8298,73,'(31591, 31868)',NULL,'2017-04-30 18:09:57'),(8299,73,'(31869, 32343)',NULL,'2017-04-30 18:09:57'),(8300,73,'(32344, 32600)',NULL,'2017-04-30 18:09:57'),(8301,73,'(32601, 33022)',NULL,'2017-04-30 18:09:57'),(8302,73,'(33023, 33192)',NULL,'2017-04-30 18:09:57'),(8303,73,'(33193, 33315)',NULL,'2017-04-30 18:09:57'),(8304,73,'(33316, 33427)',NULL,'2017-04-30 18:09:57'),(8305,73,'(33428, 33908)',NULL,'2017-04-30 18:09:57'),(8306,73,'(33909, 34946)',NULL,'2017-04-30 18:09:57'),(8307,73,'(34947, 34949)',NULL,'2017-04-30 18:09:57'),(8308,73,'(34950, 35265)',NULL,'2017-04-30 18:09:57'),(8309,73,'(35266, 35446)',NULL,'2017-04-30 18:09:57'),(8310,73,'(35447, 35609)',NULL,'2017-04-30 18:09:57'),(8311,73,'(35610, 35976)',NULL,'2017-04-30 18:09:57'),(8312,73,'(35977, 36273)',NULL,'2017-04-30 18:09:57'),(8313,73,'(36274, 37027)',NULL,'2017-04-30 18:09:57'),(8314,73,'(37028, 37506)',NULL,'2017-04-30 18:09:57'),(8315,73,'(37507, 37757)',NULL,'2017-04-30 18:09:57'),(8316,73,'(37758, 38014)',NULL,'2017-04-30 18:09:57'),(8317,73,'(38015, 38393)',NULL,'2017-04-30 18:09:57'),(8318,73,'(38394, 38700)',NULL,'2017-04-30 18:09:57'),(8319,73,'(38701, 38898)',NULL,'2017-04-30 18:09:57'),(8320,73,'(38899, 38954)',NULL,'2017-04-30 18:09:57'),(8321,73,'(38955, 39299)',NULL,'2017-04-30 18:09:57'),(8322,73,'(39300, 39668)',NULL,'2017-04-30 18:09:57'),(8323,73,'(39669, 40006)',NULL,'2017-04-30 18:09:57'),(8324,73,'(40007, 40336)',NULL,'2017-04-30 18:09:57'),(8325,73,'(40337, 41273)',NULL,'2017-04-30 18:09:57'),(8326,73,'(41274, 41276)',NULL,'2017-04-30 18:09:57'),(8327,73,'(41277, 41402)',NULL,'2017-04-30 18:09:57'),(8328,73,'(41403, 41715)',NULL,'2017-04-30 18:09:57'),(8329,73,'(41716, 42226)',NULL,'2017-04-30 18:09:57'),(8330,73,'(42227, 42350)',NULL,'2017-04-30 18:09:57'),(8331,73,'(42351, 42987)',NULL,'2017-04-30 18:09:57'),(8332,73,'(42988, 43321)',NULL,'2017-04-30 18:09:57'),(8333,73,'(43322, 43613)',NULL,'2017-04-30 18:09:57'),(8334,73,'(43614, 43972)',NULL,'2017-04-30 18:09:57'),(8335,73,'(43973, 44093)',NULL,'2017-04-30 18:09:57'),(8336,73,'(44094, 44237)',NULL,'2017-04-30 18:09:57'),(8337,73,'(44238, 44576)',NULL,'2017-04-30 18:09:57'),(8338,73,'(44577, 44579)',NULL,'2017-04-30 18:09:57'),(8339,73,'(44580, 44710)',NULL,'2017-04-30 18:09:57'),(8340,73,'(44711, 44733)',NULL,'2017-04-30 18:09:57'),(8341,73,'(44734, 44915)',NULL,'2017-04-30 18:09:57'),(8342,73,'(44916, 45045)',NULL,'2017-04-30 18:09:57'),(8343,73,'(45046, 45451)',NULL,'2017-04-30 18:09:57'),(8344,73,'(45452, 45939)',NULL,'2017-04-30 18:09:57'),(8345,73,'(45940, 46424)',NULL,'2017-04-30 18:09:57'),(8346,73,'(46425, 47095)',NULL,'2017-04-30 18:09:57'),(8347,73,'(47096, 47451)',NULL,'2017-04-30 18:09:57'),(8348,73,'(47452, 47593)',NULL,'2017-04-30 18:09:57'),(8349,73,'(47594, 47841)',NULL,'2017-04-30 18:09:57'),(8350,73,'(47842, 47910)',NULL,'2017-04-30 18:09:57'),(8351,73,'(47911, 48408)',NULL,'2017-04-30 18:09:57'),(8352,73,'(48409, 49022)',NULL,'2017-04-30 18:09:57'),(8353,73,'(49023, 49425)',NULL,'2017-04-30 18:09:57'),(8354,73,'(8359, 8361)',NULL,'2017-04-30 18:09:57'),(8355,73,'(49429, 49749)',NULL,'2017-04-30 18:09:57'),(8356,73,'(49750, 49865)',NULL,'2017-04-30 18:09:57'),(8357,73,'(49866, 49979)',NULL,'2017-04-30 18:09:57'),(8358,73,'(49980, 50156)',NULL,'2017-04-30 18:09:57'),(8359,73,'(50157, 50289)',NULL,'2017-04-30 18:09:57'),(8360,73,'(50290, 50740)',NULL,'2017-04-30 18:09:57'),(8361,73,'(50741, 50957)',NULL,'2017-04-30 18:09:57'),(8362,73,'(50958, 51259)',NULL,'2017-04-30 18:09:57'),(8363,73,'(51260, 51422)',NULL,'2017-04-30 18:09:57'),(8364,73,'(51423, 51534)',NULL,'2017-04-30 18:09:57'),(8365,73,'(51535, 51760)',NULL,'2017-04-30 18:09:57'),(8366,73,'(51761, 51907)',NULL,'2017-04-30 18:09:57'),(8367,73,'(51908, 52270)',NULL,'2017-04-30 18:09:57'),(8368,73,'(52271, 52576)',NULL,'2017-04-30 18:09:57'),(8369,73,'(52577, 52734)',NULL,'2017-04-30 18:09:57'),(8370,73,'(52735, 52835)',NULL,'2017-04-30 18:09:57'),(8371,73,'(52836, 53257)',NULL,'2017-04-30 18:09:57'),(8372,73,'(53258, 53324)',NULL,'2017-04-30 18:09:57'),(8373,73,'(53325, 53462)',NULL,'2017-04-30 18:09:57'),(8374,73,'(53463, 54559)',NULL,'2017-04-30 18:09:57'),(8375,73,'(54560, 54980)',NULL,'2017-04-30 18:09:57'),(8376,73,'(54981, 55480)',NULL,'2017-04-30 18:09:57'),(8377,73,'(55481, 55548)',NULL,'2017-04-30 18:09:57'),(8378,73,'(55549, 55872)',NULL,'2017-04-30 18:09:57'),(8379,73,'(55873, 55997)',NULL,'2017-04-30 18:09:57'),(8380,73,'(55998, 56484)',NULL,'2017-04-30 18:09:57'),(8381,73,'(56485, 57851)',NULL,'2017-04-30 18:09:57'),(8382,73,'(57852, 58190)',NULL,'2017-04-30 18:09:57'),(8383,73,'(58191, 58708)',NULL,'2017-04-30 18:09:57'),(8384,73,'(58709, 58920)',NULL,'2017-04-30 18:09:57'),(8385,73,'(58921, 59180)',NULL,'2017-04-30 18:09:57'),(8386,73,'(59181, 59414)',NULL,'2017-04-30 18:09:57'),(8387,73,'(59415, 59584)',NULL,'2017-04-30 18:09:57'),(8388,73,'(59585, 59950)',NULL,'2017-04-30 18:09:57'),(8389,73,'(59951, 60106)',NULL,'2017-04-30 18:09:57'),(8390,73,'(60107, 60189)',NULL,'2017-04-30 18:09:57'),(8391,73,'(60190, 60714)',NULL,'2017-04-30 18:09:57'),(8392,73,'(60715, 60855)',NULL,'2017-04-30 18:09:57'),(8393,73,'(60856, 60905)',NULL,'2017-04-30 18:09:57'),(8394,73,'(60906, 61100)',NULL,'2017-04-30 18:09:57'),(8395,73,'(61101, 61232)',NULL,'2017-04-30 18:09:57'),(8642,75,'(0, 451)',NULL,'2017-04-30 18:22:08'),(8643,75,'(452, 1375)',NULL,'2017-04-30 18:22:08'),(8644,75,'(1376, 1505)',NULL,'2017-04-30 18:22:08'),(8645,75,'(1506, 1745)',NULL,'2017-04-30 18:22:08'),(8646,75,'(1746, 1944)',NULL,'2017-04-30 18:22:08'),(8647,75,'(1945, 2048)',NULL,'2017-04-30 18:22:09'),(8648,75,'(2049, 2402)',NULL,'2017-04-30 18:22:09'),(8649,75,'(2403, 2685)',NULL,'2017-04-30 18:22:09'),(8650,75,'(2686, 2985)',NULL,'2017-04-30 18:22:09'),(8651,75,'(2986, 3090)',NULL,'2017-04-30 18:22:09'),(8652,75,'(3091, 3269)',NULL,'2017-04-30 18:22:10'),(8653,75,'(3270, 3414)',NULL,'2017-04-30 18:22:10'),(8654,75,'(3415, 3643)',NULL,'2017-04-30 18:22:10'),(8655,75,'(3644, 3786)',NULL,'2017-04-30 18:22:11'),(8656,75,'(3787, 3930)',NULL,'2017-04-30 18:22:11'),(8657,75,'(3931, 4444)',NULL,'2017-04-30 18:22:11'),(8658,75,'(4445, 4679)',NULL,'2017-04-30 18:22:11'),(8659,75,'(4680, 4824)',NULL,'2017-04-30 18:22:11'),(8660,75,'(4825, 5026)',NULL,'2017-04-30 18:22:12'),(8661,75,'(5027, 5212)',NULL,'2017-04-30 18:22:12'),(8662,75,'(5213, 5371)',NULL,'2017-04-30 18:22:12'),(8663,75,'(5372, 5598)',NULL,'2017-04-30 18:22:13'),(8664,75,'(5599, 5818)',NULL,'2017-04-30 18:22:13'),(8665,75,'(5819, 6065)',NULL,'2017-04-30 18:22:13'),(8666,75,'(6066, 6241)',NULL,'2017-04-30 18:22:13'),(8667,75,'(6242, 6449)',NULL,'2017-04-30 18:22:13'),(8668,75,'(6450, 6710)',NULL,'2017-04-30 18:22:14'),(8669,75,'(6711, 6929)',NULL,'2017-04-30 18:22:14'),(8670,75,'(6930, 7007)',NULL,'2017-04-30 18:22:14'),(8671,75,'(7008, 7359)',NULL,'2017-04-30 18:22:14'),(8672,75,'(7360, 7546)',NULL,'2017-04-30 18:22:14'),(8673,75,'(7547, 7752)',NULL,'2017-04-30 18:22:14'),(8674,75,'(7753, 7755)',NULL,'2017-04-30 18:22:14'),(8675,75,'(7756, 7788)',NULL,'2017-04-30 18:22:15'),(8676,75,'(7789, 7985)',NULL,'2017-04-30 18:22:15'),(8677,75,'(7986, 8248)',NULL,'2017-04-30 18:22:15'),(8678,75,'(8249, 8622)',NULL,'2017-04-30 18:22:15'),(8679,75,'(8623, 8784)',NULL,'2017-04-30 18:22:16'),(8680,75,'(8785, 9011)',NULL,'2017-04-30 18:22:16'),(8681,75,'(9012, 9174)',NULL,'2017-04-30 18:22:16'),(8682,75,'(9175, 9406)',NULL,'2017-04-30 18:22:17'),(8683,75,'(9407, 9919)',NULL,'2017-04-30 18:22:17'),(8684,75,'(9920, 9948)',NULL,'2017-04-30 18:22:17'),(8685,75,'(9949, 10635)',NULL,'2017-04-30 18:22:18'),(8686,75,'(10636, 10752)',NULL,'2017-04-30 18:22:18'),(8687,75,'(10753, 10852)',NULL,'2017-04-30 18:22:18'),(8688,75,'(10853, 11024)',NULL,'2017-04-30 18:22:18'),(8689,75,'(11025, 11273)',NULL,'2017-04-30 18:22:18'),(8690,75,'(11274, 11448)',NULL,'2017-04-30 18:22:18'),(8691,75,'(7005, 7007)',NULL,'2017-04-30 18:22:19'),(8692,75,'(11452, 11986)',NULL,'2017-04-30 18:22:19'),(8693,75,'(11987, 12244)',NULL,'2017-04-30 18:22:19'),(8694,75,'(12245, 12725)',NULL,'2017-04-30 18:22:19'),(8695,75,'(12726, 12915)',NULL,'2017-04-30 18:22:20'),(8696,75,'(12916, 13078)',NULL,'2017-04-30 18:22:20'),(8697,75,'(13079, 13241)',NULL,'2017-04-30 18:22:20'),(8698,75,'(13242, 13622)',NULL,'2017-04-30 18:22:20'),(8699,75,'(13623, 14224)',NULL,'2017-04-30 18:22:20'),(8700,75,'(14225, 14366)',NULL,'2017-04-30 18:22:21'),(8701,75,'(10753, 10852)',NULL,'2017-04-30 18:22:21'),(8702,75,'(14467, 14627)',NULL,'2017-04-30 18:22:21'),(8703,75,'(14628, 14764)',NULL,'2017-04-30 18:22:21'),(8704,75,'(14765, 14843)',NULL,'2017-04-30 18:22:21'),(8705,75,'(14844, 15038)',NULL,'2017-04-30 18:22:21'),(8706,75,'(15039, 15114)',NULL,'2017-04-30 18:22:22'),(8707,75,'(15115, 15445)',NULL,'2017-04-30 18:22:22'),(8708,75,'(15446, 15716)',NULL,'2017-04-30 18:22:22'),(8709,75,'(15717, 15875)',NULL,'2017-04-30 18:22:22'),(8710,75,'(15876, 16352)',NULL,'2017-04-30 18:22:23'),(8711,75,'(16353, 16481)',NULL,'2017-04-30 18:22:23'),(8712,75,'(16482, 16770)',NULL,'2017-04-30 18:22:23'),(8713,75,'(16771, 17516)',NULL,'2017-04-30 18:22:23'),(8714,75,'(17517, 17844)',NULL,'2017-04-30 18:22:24'),(8715,75,'(17845, 18055)',NULL,'2017-04-30 18:22:24'),(8716,75,'(18056, 18291)',NULL,'2017-04-30 18:22:24'),(8717,75,'(18292, 18504)',NULL,'2017-04-30 18:22:24'),(8718,75,'(18505, 18673)',NULL,'2017-04-30 18:22:24'),(8719,75,'(18674, 18773)',NULL,'2017-04-30 18:22:25'),(8720,75,'(18774, 18792)',NULL,'2017-04-30 18:22:25'),(8721,75,'(7005, 7007)',NULL,'2017-04-30 18:22:26'),(8722,75,'(18796, 18809)',NULL,'2017-04-30 18:22:26'),(8723,75,'(18810, 18864)',NULL,'2017-04-30 18:22:26'),(8724,75,'(18865, 18919)',NULL,'2017-04-30 18:22:26'),(8725,75,'(18920, 18942)',NULL,'2017-04-30 18:22:26'),(8726,75,'(18943, 19073)',NULL,'2017-04-30 18:22:26'),(8727,75,'(19074, 19269)',NULL,'2017-04-30 18:22:26'),(8728,75,'(19270, 19493)',NULL,'2017-04-30 18:22:27'),(8729,75,'(19494, 19868)',NULL,'2017-04-30 18:22:27'),(8730,75,'(19869, 20151)',NULL,'2017-04-30 18:22:27'),(8731,75,'(20152, 20277)',NULL,'2017-04-30 18:22:28'),(8732,75,'(20278, 20466)',NULL,'2017-04-30 18:22:28'),(8733,75,'(20467, 20551)',NULL,'2017-04-30 18:22:28'),(8734,75,'(20552, 20768)',NULL,'2017-04-30 18:22:29'),(8735,75,'(20769, 21135)',NULL,'2017-04-30 18:22:29'),(8736,75,'(21136, 21423)',NULL,'2017-04-30 18:22:29'),(8737,75,'(21424, 21733)',NULL,'2017-04-30 18:22:29'),(8738,75,'(21734, 21881)',NULL,'2017-04-30 18:22:29'),(8739,75,'(21882, 22163)',NULL,'2017-04-30 18:22:29'),(8740,75,'(22164, 22467)',NULL,'2017-04-30 18:22:30'),(8741,75,'(22468, 22550)',NULL,'2017-04-30 18:22:30'),(8742,75,'(22551, 22883)',NULL,'2017-04-30 18:22:30'),(8743,75,'(22884, 23048)',NULL,'2017-04-30 18:22:30'),(8744,75,'(23049, 23210)',NULL,'2017-04-30 18:22:30'),(8745,75,'(23211, 23464)',NULL,'2017-04-30 18:22:31'),(8746,75,'(23465, 23515)',NULL,'2017-04-30 18:22:31'),(8747,75,'(23516, 23608)',NULL,'2017-04-30 18:22:31'),(8748,75,'(23609, 23681)',NULL,'2017-04-30 18:22:31'),(8749,75,'(23682, 23759)',NULL,'2017-04-30 18:22:32'),(8750,75,'(23760, 24095)',NULL,'2017-04-30 18:22:32'),(8751,75,'(24096, 24407)',NULL,'2017-04-30 18:22:32'),(8752,75,'(24408, 24642)',NULL,'2017-04-30 18:22:32'),(8753,75,'(24643, 24848)',NULL,'2017-04-30 18:22:33'),(8754,75,'(24849, 25121)',NULL,'2017-04-30 18:22:33'),(8755,75,'(25122, 25283)',NULL,'2017-04-30 18:22:33'),(8756,75,'(25284, 25594)',NULL,'2017-04-30 18:22:33'),(8757,75,'(25595, 25670)',NULL,'2017-04-30 18:22:33'),(8758,75,'(25671, 26045)',NULL,'2017-04-30 18:22:34'),(8759,75,'(26046, 26251)',NULL,'2017-04-30 18:22:34'),(8760,75,'(26252, 26427)',NULL,'2017-04-30 18:22:34'),(8761,75,'(26428, 26611)',NULL,'2017-04-30 18:22:34'),(8762,75,'(26612, 27025)',NULL,'2017-04-30 18:22:34'),(8763,75,'(27026, 27178)',NULL,'2017-04-30 18:22:34'),(8764,75,'(27179, 27496)',NULL,'2017-04-30 18:22:34'),(8765,75,'(27497, 27806)',NULL,'2017-04-30 18:22:35'),(8766,75,'(27807, 27969)',NULL,'2017-04-30 18:22:35'),(8767,75,'(27970, 28097)',NULL,'2017-04-30 18:22:35'),(8768,75,'(28098, 28244)',NULL,'2017-04-30 18:22:35'),(8769,75,'(20130, 20132)',NULL,'2017-04-30 18:22:35'),(8770,75,'(28248, 28442)',NULL,'2017-04-30 18:22:36'),(8771,75,'(28443, 28611)',NULL,'2017-04-30 18:22:36'),(8772,75,'(28612, 28802)',NULL,'2017-04-30 18:22:36'),(8773,75,'(28803, 28989)',NULL,'2017-04-30 18:22:36'),(8774,75,'(28990, 29519)',NULL,'2017-04-30 18:22:36'),(8775,75,'(29520, 29664)',NULL,'2017-04-30 18:22:36'),(8776,75,'(29665, 29832)',NULL,'2017-04-30 18:22:37'),(8777,75,'(29833, 30106)',NULL,'2017-04-30 18:22:37'),(8778,75,'(30107, 30265)',NULL,'2017-04-30 18:22:37'),(8779,75,'(30266, 30458)',NULL,'2017-04-30 18:22:37'),(8780,75,'(30459, 30564)',NULL,'2017-04-30 18:22:37'),(8781,75,'(30565, 30623)',NULL,'2017-04-30 18:22:38'),(8782,75,'(30624, 30953)',NULL,'2017-04-30 18:22:38'),(8783,75,'(30954, 31027)',NULL,'2017-04-30 18:22:38'),(8784,75,'(31028, 31402)',NULL,'2017-04-30 18:22:38'),(8785,75,'(31403, 31590)',NULL,'2017-04-30 18:22:38'),(8786,75,'(31591, 31868)',NULL,'2017-04-30 18:22:38'),(8787,75,'(31869, 32343)',NULL,'2017-04-30 18:22:38'),(8788,75,'(32344, 32600)',NULL,'2017-04-30 18:22:39'),(8789,75,'(32601, 33022)',NULL,'2017-04-30 18:22:39'),(8790,75,'(33023, 33192)',NULL,'2017-04-30 18:22:39'),(8791,75,'(33193, 33315)',NULL,'2017-04-30 18:22:39'),(8792,75,'(33316, 33427)',NULL,'2017-04-30 18:22:39'),(8793,75,'(33428, 33908)',NULL,'2017-04-30 18:22:39'),(8794,75,'(33909, 34946)',NULL,'2017-04-30 18:22:39'),(8795,75,'(34947, 34949)',NULL,'2017-04-30 18:22:40'),(8796,75,'(34950, 35265)',NULL,'2017-04-30 18:22:40'),(8797,75,'(35266, 35446)',NULL,'2017-04-30 18:22:40'),(8798,75,'(35447, 35609)',NULL,'2017-04-30 18:22:41'),(8799,75,'(35610, 35976)',NULL,'2017-04-30 18:22:41'),(8800,75,'(35977, 36273)',NULL,'2017-04-30 18:22:41'),(8801,75,'(36274, 37027)',NULL,'2017-04-30 18:22:42'),(8802,75,'(37028, 37506)',NULL,'2017-04-30 18:22:42'),(8803,75,'(37507, 37757)',NULL,'2017-04-30 18:22:42'),(8804,75,'(37758, 38014)',NULL,'2017-04-30 18:22:42'),(8805,75,'(38015, 38393)',NULL,'2017-04-30 18:22:42'),(8806,75,'(38394, 38700)',NULL,'2017-04-30 18:22:42'),(8807,75,'(38701, 38898)',NULL,'2017-04-30 18:22:43'),(8808,75,'(38899, 38954)',NULL,'2017-04-30 18:22:43'),(8809,75,'(38955, 39299)',NULL,'2017-04-30 18:22:44'),(8810,75,'(39300, 39668)',NULL,'2017-04-30 18:22:44'),(8811,75,'(39669, 40006)',NULL,'2017-04-30 18:22:44'),(8812,75,'(40007, 40336)',NULL,'2017-04-30 18:22:44'),(8813,75,'(40337, 41273)',NULL,'2017-04-30 18:22:44'),(8814,75,'(41274, 41276)',NULL,'2017-04-30 18:22:45'),(8815,75,'(41277, 41402)',NULL,'2017-04-30 18:22:45'),(8816,75,'(41403, 41715)',NULL,'2017-04-30 18:22:45'),(8817,75,'(41716, 42226)',NULL,'2017-04-30 18:22:46'),(8818,75,'(42227, 42350)',NULL,'2017-04-30 18:22:46'),(8819,75,'(42351, 42987)',NULL,'2017-04-30 18:22:46'),(8820,75,'(42988, 43321)',NULL,'2017-04-30 18:22:46'),(8821,75,'(43322, 43613)',NULL,'2017-04-30 18:22:46'),(8822,75,'(43614, 43972)',NULL,'2017-04-30 18:22:46'),(8823,75,'(43973, 44093)',NULL,'2017-04-30 18:22:46'),(8824,75,'(44094, 44237)',NULL,'2017-04-30 18:22:47'),(8825,75,'(44238, 44576)',NULL,'2017-04-30 18:22:47'),(8826,75,'(44577, 44579)',NULL,'2017-04-30 18:22:47'),(8827,75,'(44580, 44710)',NULL,'2017-04-30 18:22:47'),(8828,75,'(44711, 44733)',NULL,'2017-04-30 18:22:48'),(8829,75,'(44734, 44915)',NULL,'2017-04-30 18:22:48'),(8830,75,'(44916, 45045)',NULL,'2017-04-30 18:22:48'),(8831,75,'(45046, 45451)',NULL,'2017-04-30 18:22:48'),(8832,75,'(45452, 45939)',NULL,'2017-04-30 18:22:49'),(8833,75,'(45940, 46424)',NULL,'2017-04-30 18:22:49'),(8834,75,'(46425, 47095)',NULL,'2017-04-30 18:22:49'),(8835,75,'(47096, 47451)',NULL,'2017-04-30 18:22:49'),(8836,75,'(47452, 47593)',NULL,'2017-04-30 18:22:50'),(8837,75,'(47594, 47841)',NULL,'2017-04-30 18:22:50'),(8838,75,'(47842, 47910)',NULL,'2017-04-30 18:22:51'),(8839,75,'(47911, 48408)',NULL,'2017-04-30 18:22:51'),(8840,75,'(48409, 49022)',NULL,'2017-04-30 18:22:51'),(8841,75,'(49023, 49425)',NULL,'2017-04-30 18:22:51'),(8842,75,'(8359, 8361)',NULL,'2017-04-30 18:22:52'),(8843,75,'(49429, 49749)',NULL,'2017-04-30 18:22:52'),(8844,75,'(49750, 49865)',NULL,'2017-04-30 18:22:52'),(8845,75,'(49866, 49979)',NULL,'2017-04-30 18:22:52'),(8846,75,'(49980, 50156)',NULL,'2017-04-30 18:22:52'),(8847,75,'(50157, 50289)',NULL,'2017-04-30 18:22:52'),(8848,75,'(50290, 50740)',NULL,'2017-04-30 18:22:53'),(8849,75,'(50741, 50957)',NULL,'2017-04-30 18:22:53'),(8850,75,'(50958, 51259)',NULL,'2017-04-30 18:22:53'),(8851,75,'(51260, 51422)',NULL,'2017-04-30 18:22:53'),(8852,75,'(51423, 51534)',NULL,'2017-04-30 18:22:54'),(8853,75,'(51535, 51760)',NULL,'2017-04-30 18:22:54'),(8854,75,'(51761, 51907)',NULL,'2017-04-30 18:22:54'),(8855,75,'(51908, 52270)',NULL,'2017-04-30 18:22:54'),(8856,75,'(52271, 52576)',NULL,'2017-04-30 18:22:54'),(8857,75,'(52577, 52734)',NULL,'2017-04-30 18:22:55'),(8858,75,'(52735, 52835)',NULL,'2017-04-30 18:22:55'),(8859,75,'(52836, 53257)',NULL,'2017-04-30 18:22:55'),(8860,75,'(53258, 53324)',NULL,'2017-04-30 18:22:55'),(8861,75,'(53325, 53462)',NULL,'2017-04-30 18:22:55'),(8862,75,'(53463, 54559)',NULL,'2017-04-30 18:22:55'),(8863,75,'(54560, 54980)',NULL,'2017-04-30 18:22:56'),(8864,75,'(54981, 55480)',NULL,'2017-04-30 18:22:56'),(8865,75,'(55481, 55548)',NULL,'2017-04-30 18:22:56'),(8866,75,'(55549, 55872)',NULL,'2017-04-30 18:22:57'),(8867,75,'(55873, 55997)',NULL,'2017-04-30 18:22:57'),(8868,75,'(55998, 56484)',NULL,'2017-04-30 18:22:57'),(8869,75,'(56485, 57851)',NULL,'2017-04-30 18:22:57'),(8870,75,'(57852, 58190)',NULL,'2017-04-30 18:22:57'),(8871,75,'(58191, 58708)',NULL,'2017-04-30 18:22:57'),(8872,75,'(58709, 58920)',NULL,'2017-04-30 18:22:57'),(8873,75,'(58921, 59180)',NULL,'2017-04-30 18:22:58'),(8874,75,'(59181, 59414)',NULL,'2017-04-30 18:22:59'),(8875,75,'(59415, 59584)',NULL,'2017-04-30 18:22:59'),(8876,75,'(59585, 59950)',NULL,'2017-04-30 18:22:59'),(8877,75,'(59951, 60106)',NULL,'2017-04-30 18:22:59'),(8878,75,'(60107, 60189)',NULL,'2017-04-30 18:22:59'),(8879,75,'(60190, 60714)',NULL,'2017-04-30 18:23:00'),(8880,75,'(60715, 60855)',NULL,'2017-04-30 18:23:00'),(8881,75,'(60856, 60905)',NULL,'2017-04-30 18:23:00'),(8882,75,'(60906, 61100)',NULL,'2017-04-30 18:23:00'),(8883,75,'(61101, 61232)',NULL,'2017-04-30 18:23:00'),(8884,75,'(60715, 60855)',NULL,'2017-04-30 18:23:01'),(8885,75,'(60856, 60905)',NULL,'2017-04-30 18:23:01'),(8886,75,'(60906, 61100)',NULL,'2017-04-30 18:23:01'),(8887,75,'(61101, 61232)',NULL,'2017-04-30 18:23:01'),(9538,86,'(0, 451)',NULL,'2017-05-01 02:24:25'),(9539,86,'(452, 1375)',NULL,'2017-05-01 02:24:25'),(9540,86,'(1376, 1505)',NULL,'2017-05-01 02:24:25'),(9541,86,'(1506, 1745)',NULL,'2017-05-01 02:24:26'),(9542,86,'(1746, 1944)',NULL,'2017-05-01 02:24:26'),(9543,86,'(1945, 2048)',NULL,'2017-05-01 02:24:26'),(9544,86,'(2049, 2402)',NULL,'2017-05-01 02:24:26'),(9545,86,'(2403, 2685)',NULL,'2017-05-01 02:24:26'),(9546,86,'(2686, 2985)',NULL,'2017-05-01 02:24:26'),(9547,86,'(2986, 3090)',NULL,'2017-05-01 02:24:27'),(9548,86,'(3091, 3269)',NULL,'2017-05-01 02:24:27'),(9549,86,'(3270, 3414)',NULL,'2017-05-01 02:24:27'),(9550,86,'(3415, 3643)',NULL,'2017-05-01 02:24:27'),(9551,86,'(3644, 3786)',NULL,'2017-05-01 02:24:27'),(9552,86,'(3787, 3930)',NULL,'2017-05-01 02:24:27'),(9553,86,'(3931, 4444)',NULL,'2017-05-01 02:24:27'),(9554,86,'(4445, 4679)',NULL,'2017-05-01 02:24:27'),(9555,86,'(4680, 4824)',NULL,'2017-05-01 02:24:28'),(9556,86,'(4825, 5026)',NULL,'2017-05-01 02:24:28'),(9557,86,'(5027, 5212)',NULL,'2017-05-01 02:24:28'),(9558,86,'(5213, 5371)',NULL,'2017-05-01 02:24:28'),(9559,86,'(5372, 5598)',NULL,'2017-05-01 02:24:28'),(9560,86,'(5599, 5818)',NULL,'2017-05-01 02:24:28'),(9561,86,'(5819, 6065)',NULL,'2017-05-01 02:24:28'),(9562,86,'(6066, 6241)',NULL,'2017-05-01 02:24:29'),(9563,86,'(6242, 6449)',NULL,'2017-05-01 02:24:29'),(9564,86,'(6450, 6710)',NULL,'2017-05-01 02:24:29'),(9565,86,'(6711, 6929)',NULL,'2017-05-01 02:24:29'),(9566,86,'(6930, 7007)',NULL,'2017-05-01 02:24:29'),(9567,86,'(7008, 7359)',NULL,'2017-05-01 02:24:29'),(9568,86,'(7360, 7546)',NULL,'2017-05-01 02:24:30'),(9569,86,'(7547, 7752)',NULL,'2017-05-01 02:24:30'),(9570,86,'(7753, 7755)',NULL,'2017-05-01 02:24:30'),(9571,86,'(7756, 7788)',NULL,'2017-05-01 02:24:30'),(9572,86,'(7789, 7985)',NULL,'2017-05-01 02:24:30'),(9573,86,'(7986, 8248)',NULL,'2017-05-01 02:24:30'),(9574,86,'(8249, 8622)',NULL,'2017-05-01 02:24:30'),(9575,86,'(8623, 8784)',NULL,'2017-05-01 02:24:30'),(9576,86,'(8785, 9011)',NULL,'2017-05-01 02:24:31'),(9577,86,'(9012, 9174)',NULL,'2017-05-01 02:24:31'),(9578,86,'(9175, 9406)',NULL,'2017-05-01 02:24:31'),(9579,86,'(9407, 9919)',NULL,'2017-05-01 02:24:31'),(9580,86,'(9920, 9948)',NULL,'2017-05-01 02:24:31'),(9581,86,'(9949, 10635)',NULL,'2017-05-01 02:24:31'),(9582,86,'(10636, 10752)',NULL,'2017-05-01 02:24:31'),(9583,86,'(10753, 10852)',NULL,'2017-05-01 02:24:31'),(9584,86,'(10853, 11024)',NULL,'2017-05-01 02:24:32'),(9585,86,'(11025, 11273)',NULL,'2017-05-01 02:24:32'),(9586,86,'(11274, 11448)',NULL,'2017-05-01 02:24:32'),(9587,86,'(7005, 7007)',NULL,'2017-05-01 02:24:32'),(9588,86,'(11452, 11986)',NULL,'2017-05-01 02:24:32'),(9589,86,'(11987, 12244)',NULL,'2017-05-01 02:24:32'),(9590,86,'(12245, 12725)',NULL,'2017-05-01 02:24:32'),(9591,86,'(12726, 12915)',NULL,'2017-05-01 02:24:33'),(9592,86,'(12916, 13078)',NULL,'2017-05-01 02:24:33'),(9593,86,'(13079, 13241)',NULL,'2017-05-01 02:24:33'),(9594,86,'(13242, 13622)',NULL,'2017-05-01 02:24:33'),(9595,86,'(13623, 14224)',NULL,'2017-05-01 02:24:33'),(9596,86,'(14225, 14366)',NULL,'2017-05-01 02:24:33'),(9597,86,'(10753, 10852)',NULL,'2017-05-01 02:24:33'),(9598,86,'(14467, 14627)',NULL,'2017-05-01 02:24:34'),(9599,86,'(14628, 14764)',NULL,'2017-05-01 02:24:34'),(9600,86,'(14765, 14843)',NULL,'2017-05-01 02:24:34'),(9601,86,'(14844, 15038)',NULL,'2017-05-01 02:24:34'),(9602,86,'(15039, 15114)',NULL,'2017-05-01 02:24:34'),(9603,86,'(15115, 15445)',NULL,'2017-05-01 02:24:34'),(9604,86,'(15446, 15716)',NULL,'2017-05-01 02:24:35'),(9605,86,'(15717, 15875)',NULL,'2017-05-01 02:24:35'),(9606,86,'(15876, 16352)',NULL,'2017-05-01 02:24:35'),(9607,86,'(16353, 16481)',NULL,'2017-05-01 02:24:35'),(9608,86,'(16482, 16770)',NULL,'2017-05-01 02:24:35'),(9609,86,'(16771, 17516)',NULL,'2017-05-01 02:24:35'),(9610,86,'(17517, 17844)',NULL,'2017-05-01 02:24:35'),(9611,86,'(17845, 18055)',NULL,'2017-05-01 02:24:36'),(9612,86,'(18056, 18291)',NULL,'2017-05-01 02:24:36'),(9613,86,'(18292, 18504)',NULL,'2017-05-01 02:24:36'),(9614,86,'(18505, 18673)',NULL,'2017-05-01 02:24:36'),(9615,86,'(18674, 18773)',NULL,'2017-05-01 02:24:36'),(9616,86,'(18774, 18792)',NULL,'2017-05-01 02:24:36'),(9617,86,'(7005, 7007)',NULL,'2017-05-01 02:24:36'),(9618,86,'(18796, 18809)',NULL,'2017-05-01 02:24:37'),(9619,86,'(18810, 18864)',NULL,'2017-05-01 02:24:37'),(9620,86,'(18865, 18919)',NULL,'2017-05-01 02:24:37'),(9621,86,'(18920, 18942)',NULL,'2017-05-01 02:24:37'),(9622,86,'(18943, 19073)',NULL,'2017-05-01 02:24:37'),(9623,86,'(19074, 19269)',NULL,'2017-05-01 02:24:37'),(9624,86,'(19270, 19493)',NULL,'2017-05-01 02:24:38'),(9625,86,'(19494, 19868)',NULL,'2017-05-01 02:24:38'),(9626,86,'(19869, 20151)',NULL,'2017-05-01 02:24:38'),(9627,86,'(20152, 20277)',NULL,'2017-05-01 02:24:38'),(9628,86,'(20278, 20466)',NULL,'2017-05-01 02:24:38'),(9629,86,'(20467, 20551)',NULL,'2017-05-01 02:24:38'),(9630,86,'(20552, 20768)',NULL,'2017-05-01 02:24:38'),(9631,86,'(20769, 21135)',NULL,'2017-05-01 02:24:38'),(9632,86,'(21136, 21423)',NULL,'2017-05-01 02:24:38'),(9633,86,'(21424, 21733)',NULL,'2017-05-01 02:24:38'),(9634,86,'(21734, 21881)',NULL,'2017-05-01 02:24:39'),(9635,86,'(21882, 22163)',NULL,'2017-05-01 02:24:39'),(9636,86,'(22164, 22467)',NULL,'2017-05-01 02:24:39'),(9637,86,'(22468, 22550)',NULL,'2017-05-01 02:24:39'),(9638,86,'(22551, 22883)',NULL,'2017-05-01 02:24:39'),(9639,86,'(22884, 23048)',NULL,'2017-05-01 02:24:39'),(9640,86,'(23049, 23210)',NULL,'2017-05-01 02:24:39'),(9641,86,'(23211, 23464)',NULL,'2017-05-01 02:24:40'),(9642,86,'(23465, 23515)',NULL,'2017-05-01 02:24:40'),(9643,86,'(23516, 23608)',NULL,'2017-05-01 02:24:40'),(9644,86,'(23609, 23681)',NULL,'2017-05-01 02:24:40'),(9645,86,'(23682, 23759)',NULL,'2017-05-01 02:24:40'),(9646,86,'(23760, 24095)',NULL,'2017-05-01 02:24:40'),(9647,86,'(24096, 24407)',NULL,'2017-05-01 02:24:41'),(9648,86,'(24408, 24642)',NULL,'2017-05-01 02:24:41'),(9649,86,'(24643, 24848)',NULL,'2017-05-01 02:24:41'),(9650,86,'(24849, 25121)',NULL,'2017-05-01 02:24:41'),(9651,86,'(25122, 25283)',NULL,'2017-05-01 02:24:41'),(9652,86,'(25284, 25594)',NULL,'2017-05-01 02:24:41'),(9653,86,'(25595, 25670)',NULL,'2017-05-01 02:24:41'),(9654,86,'(25671, 26045)',NULL,'2017-05-01 02:24:42'),(9655,86,'(26046, 26251)',NULL,'2017-05-01 02:24:42'),(9656,86,'(26252, 26427)',NULL,'2017-05-01 02:24:42'),(9657,86,'(26428, 26611)',NULL,'2017-05-01 02:24:42'),(9658,86,'(26612, 27025)',NULL,'2017-05-01 02:24:42'),(9659,86,'(27026, 27178)',NULL,'2017-05-01 02:24:42'),(9660,86,'(27179, 27496)',NULL,'2017-05-01 02:24:42'),(9661,86,'(27497, 27806)',NULL,'2017-05-01 02:24:43'),(9662,86,'(27807, 27969)',NULL,'2017-05-01 02:24:43'),(9663,86,'(27970, 28097)',NULL,'2017-05-01 02:24:43'),(9664,86,'(28098, 28244)',NULL,'2017-05-01 02:24:43'),(9665,86,'(20130, 20132)',NULL,'2017-05-01 02:24:43'),(9666,86,'(28248, 28442)',NULL,'2017-05-01 02:24:43'),(9667,86,'(28443, 28611)',NULL,'2017-05-01 02:24:43'),(9668,86,'(28612, 28802)',NULL,'2017-05-01 02:24:43'),(9669,86,'(28803, 28989)',NULL,'2017-05-01 02:24:44'),(9670,86,'(28990, 29519)',NULL,'2017-05-01 02:24:44'),(9671,86,'(29520, 29664)',NULL,'2017-05-01 02:24:44'),(9672,86,'(29665, 29832)',NULL,'2017-05-01 02:24:44'),(9673,86,'(29833, 30106)',NULL,'2017-05-01 02:24:44'),(9674,86,'(30107, 30265)',NULL,'2017-05-01 02:24:44'),(9675,86,'(30266, 30458)',NULL,'2017-05-01 02:24:44'),(9676,86,'(30459, 30564)',NULL,'2017-05-01 02:24:45'),(9677,86,'(30565, 30623)',NULL,'2017-05-01 02:24:45'),(9678,86,'(30624, 30953)',NULL,'2017-05-01 02:24:45'),(9679,86,'(30954, 31027)',NULL,'2017-05-01 02:24:45'),(9680,86,'(31028, 31402)',NULL,'2017-05-01 02:24:45'),(9681,86,'(31403, 31590)',NULL,'2017-05-01 02:24:45'),(9682,86,'(31591, 31868)',NULL,'2017-05-01 02:24:45'),(9683,86,'(31869, 32343)',NULL,'2017-05-01 02:24:45'),(9684,86,'(32344, 32600)',NULL,'2017-05-01 02:24:46'),(9685,86,'(32601, 33022)',NULL,'2017-05-01 02:24:46'),(9686,86,'(33023, 33192)',NULL,'2017-05-01 02:24:46'),(9687,86,'(33193, 33315)',NULL,'2017-05-01 02:24:46'),(9688,86,'(33316, 33427)',NULL,'2017-05-01 02:24:46'),(9689,86,'(33428, 33908)',NULL,'2017-05-01 02:24:46'),(9690,86,'(33909, 34946)',NULL,'2017-05-01 02:24:47'),(9691,86,'(34947, 34949)',NULL,'2017-05-01 02:24:47'),(9692,86,'(34950, 35265)',NULL,'2017-05-01 02:24:47'),(9693,86,'(35266, 35446)',NULL,'2017-05-01 02:24:47'),(9694,86,'(35447, 35609)',NULL,'2017-05-01 02:24:47'),(9695,86,'(35610, 35976)',NULL,'2017-05-01 02:24:47'),(9696,86,'(35977, 36273)',NULL,'2017-05-01 02:24:47'),(9697,86,'(36274, 37027)',NULL,'2017-05-01 02:24:48'),(9698,86,'(37028, 37506)',NULL,'2017-05-01 02:24:48'),(9699,86,'(37507, 37757)',NULL,'2017-05-01 02:24:48'),(9700,86,'(37758, 38014)',NULL,'2017-05-01 02:24:48'),(9701,86,'(38015, 38393)',NULL,'2017-05-01 02:24:48'),(9702,86,'(38394, 38700)',NULL,'2017-05-01 02:24:48'),(9703,86,'(38701, 38898)',NULL,'2017-05-01 02:24:49'),(9704,86,'(38899, 38954)',NULL,'2017-05-01 02:24:49'),(9705,86,'(38955, 39299)',NULL,'2017-05-01 02:24:49'),(9706,86,'(39300, 39668)',NULL,'2017-05-01 02:24:49'),(9707,86,'(39669, 40006)',NULL,'2017-05-01 02:24:49'),(9708,86,'(40007, 40336)',NULL,'2017-05-01 02:24:49'),(9709,86,'(40337, 41273)',NULL,'2017-05-01 02:24:49'),(9710,86,'(41274, 41276)',NULL,'2017-05-01 02:24:49'),(9711,86,'(41277, 41402)',NULL,'2017-05-01 02:24:50'),(9712,86,'(41403, 41715)',NULL,'2017-05-01 02:24:50'),(9713,86,'(41716, 42226)',NULL,'2017-05-01 02:24:50'),(9714,86,'(42227, 42350)',NULL,'2017-05-01 02:24:50'),(9715,86,'(42351, 42987)',NULL,'2017-05-01 02:24:50'),(9716,86,'(42988, 43321)',NULL,'2017-05-01 02:24:50'),(9717,86,'(43322, 43613)',NULL,'2017-05-01 02:24:50'),(9718,86,'(43614, 43972)',NULL,'2017-05-01 02:24:51'),(9719,86,'(43973, 44093)',NULL,'2017-05-01 02:24:51'),(9720,86,'(44094, 44237)',NULL,'2017-05-01 02:24:51'),(9721,86,'(44238, 44576)',NULL,'2017-05-01 02:24:51'),(9722,86,'(44577, 44579)',NULL,'2017-05-01 02:24:51'),(9723,86,'(44580, 44710)',NULL,'2017-05-01 02:24:51'),(9724,86,'(44711, 44733)',NULL,'2017-05-01 02:24:51'),(9725,86,'(44734, 44915)',NULL,'2017-05-01 02:24:51'),(9726,86,'(44916, 45045)',NULL,'2017-05-01 02:24:52'),(9727,86,'(45046, 45451)',NULL,'2017-05-01 02:24:52'),(9728,86,'(45452, 45939)',NULL,'2017-05-01 02:24:52'),(9729,86,'(45940, 46424)',NULL,'2017-05-01 02:24:52'),(9730,86,'(46425, 47095)',NULL,'2017-05-01 02:24:52'),(9731,86,'(47096, 47451)',NULL,'2017-05-01 02:24:52'),(9732,86,'(47452, 47593)',NULL,'2017-05-01 02:24:52'),(9733,86,'(47594, 47841)',NULL,'2017-05-01 02:24:53'),(9734,86,'(47842, 47910)',NULL,'2017-05-01 02:24:53'),(9735,86,'(47911, 48408)',NULL,'2017-05-01 02:24:53'),(9736,86,'(48409, 49022)',NULL,'2017-05-01 02:24:53'),(9737,86,'(49023, 49425)',NULL,'2017-05-01 02:24:53'),(9738,86,'(8359, 8361)',NULL,'2017-05-01 02:24:53'),(9739,86,'(49429, 49749)',NULL,'2017-05-01 02:24:54'),(9740,86,'(49750, 49865)',NULL,'2017-05-01 02:24:54'),(9741,86,'(49866, 49979)',NULL,'2017-05-01 02:24:54'),(9742,86,'(49980, 50156)',NULL,'2017-05-01 02:24:54'),(9743,86,'(50157, 50289)',NULL,'2017-05-01 02:24:54'),(9744,86,'(50290, 50740)',NULL,'2017-05-01 02:24:54'),(9745,86,'(50741, 50957)',NULL,'2017-05-01 02:24:54'),(9746,86,'(50958, 51259)',NULL,'2017-05-01 02:24:55'),(9747,86,'(51260, 51422)',NULL,'2017-05-01 02:24:55'),(9748,86,'(51423, 51534)',NULL,'2017-05-01 02:24:55'),(9749,86,'(51535, 51760)',NULL,'2017-05-01 02:24:55'),(9750,86,'(51761, 51907)',NULL,'2017-05-01 02:24:55'),(9751,86,'(51908, 52270)',NULL,'2017-05-01 02:24:55'),(9752,86,'(52271, 52576)',NULL,'2017-05-01 02:24:55'),(9753,86,'(52577, 52734)',NULL,'2017-05-01 02:24:56'),(9754,86,'(52735, 52835)',NULL,'2017-05-01 02:24:56'),(9755,86,'(52836, 53257)',NULL,'2017-05-01 02:24:56'),(9756,86,'(53258, 53324)',NULL,'2017-05-01 02:24:56'),(9757,86,'(53325, 53462)',NULL,'2017-05-01 02:24:56'),(9758,86,'(53463, 54559)',NULL,'2017-05-01 02:24:56'),(9759,86,'(54560, 54980)',NULL,'2017-05-01 02:24:57'),(9760,86,'(54981, 55480)',NULL,'2017-05-01 02:24:57'),(9761,86,'(55481, 55548)',NULL,'2017-05-01 02:24:57'),(9762,86,'(55549, 55872)',NULL,'2017-05-01 02:24:57'),(9763,86,'(55873, 55997)',NULL,'2017-05-01 02:24:57'),(9764,86,'(55998, 56484)',NULL,'2017-05-01 02:24:57'),(9765,86,'(56485, 57851)',NULL,'2017-05-01 02:24:57'),(9766,86,'(57852, 58190)',NULL,'2017-05-01 02:24:58'),(9767,86,'(58191, 58708)',NULL,'2017-05-01 02:24:58'),(9768,86,'(58709, 58920)',NULL,'2017-05-01 02:24:58'),(9769,86,'(58921, 59180)',NULL,'2017-05-01 02:24:58'),(9770,86,'(59181, 59414)',NULL,'2017-05-01 02:24:58'),(9771,86,'(59415, 59584)',NULL,'2017-05-01 02:24:58'),(9772,86,'(59585, 59950)',NULL,'2017-05-01 02:24:58'),(9773,86,'(59951, 60106)',NULL,'2017-05-01 02:24:59'),(9774,86,'(60107, 60189)',NULL,'2017-05-01 02:24:59'),(9775,86,'(60190, 60714)',NULL,'2017-05-01 02:24:59'),(9776,86,'(60715, 60855)',NULL,'2017-05-01 02:24:59'),(9777,86,'(60856, 60905)',NULL,'2017-05-01 02:24:59'),(9778,86,'(60906, 61100)',NULL,'2017-05-01 02:24:59'),(9779,86,'(61101, 61232)',NULL,'2017-05-01 02:25:00'),(9780,86,'(60715, 60855)',NULL,'2017-05-01 02:25:00'),(9781,86,'(60856, 60905)',NULL,'2017-05-01 02:25:00'),(9782,86,'(60906, 61100)',NULL,'2017-05-01 02:25:00'),(9783,86,'(61101, 61232)',NULL,'2017-05-01 02:25:00'),(11447,110,'(0, 341)',NULL,'2017-05-04 00:55:05'),(11448,110,'(342, 419)',NULL,'2017-05-04 00:55:05'),(11449,110,'(420, 437)',NULL,'2017-05-04 00:55:05'),(11450,110,'(438, 448)',NULL,'2017-05-04 00:55:05'),(11451,110,'(449, 569)',NULL,'2017-05-04 00:55:05'),(11452,110,'(570, 687)',NULL,'2017-05-04 00:55:05'),(11453,110,'(688, 853)',NULL,'2017-05-04 00:55:05'),(11454,110,'(854, 894)',NULL,'2017-05-04 00:55:05'),(11455,110,'(895, 979)',NULL,'2017-05-04 00:55:05'),(11456,110,'(980, 1145)',NULL,'2017-05-04 00:55:05'),(11457,110,'(1146, 1252)',NULL,'2017-05-04 00:55:05'),(11458,110,'(1253, 1277)',NULL,'2017-05-04 00:55:05'),(11459,110,'(1278, 1292)',NULL,'2017-05-04 00:55:05'),(11460,110,'(1293, 1519)',NULL,'2017-05-04 00:55:05'),(11461,110,'(1520, 1601)',NULL,'2017-05-04 00:55:05'),(11462,110,'(1602, 1755)',NULL,'2017-05-04 00:55:05'),(11463,110,'(1756, 1773)',NULL,'2017-05-04 00:55:05'),(11464,110,'(1774, 2204)',NULL,'2017-05-04 00:55:05'),(11465,110,'(2206, 2340)',NULL,'2017-05-04 00:55:05'),(11466,110,'(417, 419)',NULL,'2017-05-04 00:55:05'),(11467,110,'(2348, 2444)',NULL,'2017-05-04 00:55:05'),(11468,110,'(2445, 2536)',NULL,'2017-05-04 00:55:05'),(11469,110,'(2540, 2653)',NULL,'2017-05-04 00:55:05'),(11470,110,'(2654, 2678)',NULL,'2017-05-04 00:55:05'),(11471,110,'(339, 341)',NULL,'2017-05-04 00:55:05'),(11472,110,'(2683, 2802)',NULL,'2017-05-04 00:55:05'),(11473,110,'(2804, 3000)',NULL,'2017-05-04 00:55:05'),(11474,110,'(3002, 3055)',NULL,'2017-05-04 00:55:05'),(11475,110,'(3057, 3265)',NULL,'2017-05-04 00:55:05'),(11476,110,'(3267, 3397)',NULL,'2017-05-04 00:55:05'),(11477,110,'(3399, 3506)',NULL,'2017-05-04 00:55:05'),(11478,110,'(3508, 3586)',NULL,'2017-05-04 00:55:05'),(11479,110,'(3588, 3651)',NULL,'2017-05-04 00:55:05'),(11480,110,'(3653, 3768)',NULL,'2017-05-04 00:55:05'),(11481,110,'(3770, 3821)',NULL,'2017-05-04 00:55:05'),(11482,110,'(3823, 3874)',NULL,'2017-05-04 00:55:05'),(11483,110,'(3876, 3980)',NULL,'2017-05-04 00:55:05'),(11484,110,'(3982, 4649)',NULL,'2017-05-04 00:55:05'),(11485,110,'(4651, 4692)',NULL,'2017-05-04 00:55:05'),(11486,110,'(4694, 4803)',NULL,'2017-05-04 00:55:05'),(11487,110,'(4805, 4899)',NULL,'2017-05-04 00:55:05'),(11488,110,'(4901, 4955)',NULL,'2017-05-04 00:55:05'),(11489,110,'(4957, 5220)',NULL,'2017-05-04 00:55:05'),(11490,110,'(5222, 5371)',NULL,'2017-05-04 00:55:05'),(11491,110,'(5373, 5426)',NULL,'2017-05-04 00:55:05'),(11492,110,'(5428, 5480)',NULL,'2017-05-04 00:55:05'),(11493,110,'(5482, 5531)',NULL,'2017-05-04 00:55:05'),(11494,110,'(5533, 5870)',NULL,'2017-05-04 00:55:05'),(11495,110,'(5874, 5961)',NULL,'2017-05-04 00:55:05'),(11496,110,'(5963, 6027)',NULL,'2017-05-04 00:55:05'),(11497,110,'(6029, 6097)',NULL,'2017-05-04 00:55:05'),(11498,110,'(6099, 6133)',NULL,'2017-05-04 00:55:05'),(11499,110,'(6135, 6228)',NULL,'2017-05-04 00:55:05'),(11500,110,'(6230, 6391)',NULL,'2017-05-04 00:55:05'),(11501,110,'(6393, 6517)',NULL,'2017-05-04 00:55:05'),(11502,110,'(6519, 6770)',NULL,'2017-05-04 00:55:05'),(11503,110,'(6772, 6917)',NULL,'2017-05-04 00:55:05'),(11504,110,'(6919, 7142)',NULL,'2017-05-04 00:55:05'),(11505,110,'(7144, 7203)',NULL,'2017-05-04 00:55:05'),(11506,110,'(7205, 7272)',NULL,'2017-05-04 00:55:05'),(11507,110,'(7274, 7405)',NULL,'2017-05-04 00:55:05'),(11508,110,'(417, 419)',NULL,'2017-05-04 00:55:05'),(11509,110,'(7410, 7535)',NULL,'2017-05-04 00:55:05'),(11510,110,'(435, 437)',NULL,'2017-05-04 00:55:05'),(11511,110,'(7540, 7789)',NULL,'2017-05-04 00:55:05'),(11512,110,'(446, 448)',NULL,'2017-05-04 00:55:05'),(11513,110,'(7794, 8030)',NULL,'2017-05-04 00:55:05'),(11514,110,'(8032, 8239)',NULL,'2017-05-04 00:55:05'),(11515,110,'(8241, 8324)',NULL,'2017-05-04 00:55:05'),(11516,110,'(8326, 8548)',NULL,'2017-05-04 00:55:05'),(11517,110,'(8550, 8719)',NULL,'2017-05-04 00:55:05'),(11518,110,'(8721, 8792)',NULL,'2017-05-04 00:55:05'),(11519,110,'(8794, 9000)',NULL,'2017-05-04 00:55:05'),(11520,110,'(9002, 9193)',NULL,'2017-05-04 00:55:05'),(11521,110,'(567, 569)',NULL,'2017-05-04 00:55:05'),(11522,110,'(9198, 9508)',NULL,'2017-05-04 00:55:05'),(11523,110,'(9510, 10120)',NULL,'2017-05-04 00:55:05'),(11524,110,'(10123, 10418)',NULL,'2017-05-04 00:55:05'),(11525,110,'(10420, 10747)',NULL,'2017-05-04 00:55:05'),(11526,110,'(10748, 11103)',NULL,'2017-05-04 00:55:05'),(11527,110,'(11105, 11326)',NULL,'2017-05-04 00:55:05'),(11528,110,'(11328, 11538)',NULL,'2017-05-04 00:55:05'),(11529,110,'(685, 687)',NULL,'2017-05-04 00:55:05'),(11530,110,'(11543, 11840)',NULL,'2017-05-04 00:55:05'),(11531,110,'(11842, 12041)',NULL,'2017-05-04 00:55:05'),(11532,110,'(12043, 12336)',NULL,'2017-05-04 00:55:05'),(11533,110,'(12338, 12584)',NULL,'2017-05-04 00:55:05'),(11534,110,'(12586, 12741)',NULL,'2017-05-04 00:55:05'),(11535,110,'(12743, 12989)',NULL,'2017-05-04 00:55:05'),(11536,110,'(12991, 13119)',NULL,'2017-05-04 00:55:05'),(11537,110,'(13121, 13236)',NULL,'2017-05-04 00:55:05'),(11538,110,'(13238, 13483)',NULL,'2017-05-04 00:55:05'),(11539,110,'(13485, 13621)',NULL,'2017-05-04 00:55:05'),(11540,110,'(13623, 14107)',NULL,'2017-05-04 00:55:05'),(11541,110,'(14109, 14254)',NULL,'2017-05-04 00:55:05'),(11542,110,'(14256, 14363)',NULL,'2017-05-04 00:55:05'),(11543,110,'(14365, 14547)',NULL,'2017-05-04 00:55:05'),(11544,110,'(14551, 14889)',NULL,'2017-05-04 00:55:05'),(11545,110,'(14891, 14955)',NULL,'2017-05-04 00:55:05'),(11546,110,'(14957, 15164)',NULL,'2017-05-04 00:55:05'),(11547,110,'(11842, 12041)',NULL,'2017-05-04 00:55:05'),(11548,110,'(15367, 15644)',NULL,'2017-05-04 00:55:05'),(11549,110,'(15646, 15883)',NULL,'2017-05-04 00:55:05'),(11550,110,'(15885, 16027)',NULL,'2017-05-04 00:55:05'),(11551,110,'(851, 853)',NULL,'2017-05-04 00:55:05'),(11552,110,'(16032, 16651)',NULL,'2017-05-04 00:55:05'),(11553,110,'(892, 894)',NULL,'2017-05-04 00:55:05'),(11554,110,'(16656, 16983)',NULL,'2017-05-04 00:55:05'),(11555,110,'(16986, 17474)',NULL,'2017-05-04 00:55:05'),(11556,110,'(17476, 17631)',NULL,'2017-05-04 00:55:05'),(11557,110,'(17633, 17873)',NULL,'2017-05-04 00:55:05'),(11558,110,'(17875, 18044)',NULL,'2017-05-04 00:55:05'),(11559,110,'(977, 979)',NULL,'2017-05-04 00:55:05'),(11560,110,'(18049, 18317)',NULL,'2017-05-04 00:55:05'),(11561,110,'(18319, 18447)',NULL,'2017-05-04 00:55:05'),(11562,110,'(18449, 18767)',NULL,'2017-05-04 00:55:05'),(11563,110,'(18769, 19092)',NULL,'2017-05-04 00:55:05'),(11564,110,'(19094, 19223)',NULL,'2017-05-04 00:55:05'),(11565,110,'(1142, 1145)',NULL,'2017-05-04 00:55:05'),(11566,110,'(19229, 19534)',NULL,'2017-05-04 00:55:05'),(11567,110,'(19536, 20388)',NULL,'2017-05-04 00:55:05'),(11568,110,'(20390, 20474)',NULL,'2017-05-04 00:55:05'),(11569,110,'(1249, 1252)',NULL,'2017-05-04 00:55:05'),(11570,110,'(20480, 20746)',NULL,'2017-05-04 00:55:05'),(11571,110,'(20748, 20843)',NULL,'2017-05-04 00:55:05'),(11572,110,'(20845, 20964)',NULL,'2017-05-04 00:55:05'),(11573,110,'(20966, 21311)',NULL,'2017-05-04 00:55:05'),(11574,110,'(1274, 1277)',NULL,'2017-05-04 00:55:05'),(11575,110,'(21317, 22294)',NULL,'2017-05-04 00:55:05'),(11576,110,'(22296, 22572)',NULL,'2017-05-04 00:55:05'),(11577,110,'(1289, 1292)',NULL,'2017-05-04 00:55:05'),(11578,110,'(22578, 22872)',NULL,'2017-05-04 00:55:05'),(11579,110,'(22874, 23272)',NULL,'2017-05-04 00:55:05'),(11580,110,'(23274, 23444)',NULL,'2017-05-04 00:55:05'),(11581,110,'(23446, 23728)',NULL,'2017-05-04 00:55:05'),(11582,110,'(23730, 24021)',NULL,'2017-05-04 00:55:05'),(11583,110,'(24023, 24172)',NULL,'2017-05-04 00:55:05'),(11584,110,'(24174, 24555)',NULL,'2017-05-04 00:55:05'),(11585,110,'(1516, 1519)',NULL,'2017-05-04 00:55:05'),(11586,110,'(24561, 26344)',NULL,'2017-05-04 00:55:05'),(11587,110,'(26346, 26439)',NULL,'2017-05-04 00:55:05'),(11588,110,'(26441, 26537)',NULL,'2017-05-04 00:55:05'),(11589,110,'(1598, 1601)',NULL,'2017-05-04 00:55:05'),(11590,110,'(26543, 26941)',NULL,'2017-05-04 00:55:05'),(11591,110,'(26943, 27233)',NULL,'2017-05-04 00:55:05'),(11592,110,'(27235, 27387)',NULL,'2017-05-04 00:55:05'),(11593,110,'(27389, 27550)',NULL,'2017-05-04 00:55:05'),(11594,110,'(27552, 27735)',NULL,'2017-05-04 00:55:05'),(11595,110,'(27737, 27961)',NULL,'2017-05-04 00:55:05'),(11596,110,'(27963, 28094)',NULL,'2017-05-04 00:55:05'),(11597,110,'(1752, 1755)',NULL,'2017-05-04 00:55:05'),(11598,110,'(28100, 28306)',NULL,'2017-05-04 00:55:05'),(11599,110,'(1770, 1773)',NULL,'2017-05-04 00:55:05'),(11600,110,'(28312, 28459)',NULL,'2017-05-04 00:55:05'),(11601,110,'(28461, 28684)',NULL,'2017-05-04 00:55:05'),(11602,110,'(28686, 28847)',NULL,'2017-05-04 00:55:05'),(11603,110,'(28849, 29003)',NULL,'2017-05-04 00:55:05'),(11604,110,'(29005, 29276)',NULL,'2017-05-04 00:55:05'),(11605,110,'(29278, 29333)',NULL,'2017-05-04 00:55:05'),(11606,110,'(29335, 29548)',NULL,'2017-05-04 00:55:05'),(11607,110,'(29550, 29704)',NULL,'2017-05-04 00:55:05'),(11608,110,'(29706, 29829)',NULL,'2017-05-04 00:55:05'),(11609,110,'(29831, 30018)',NULL,'2017-05-04 00:55:05'),(11610,110,'(30020, 30100)',NULL,'2017-05-04 00:55:05'),(11611,110,'(30102, 30171)',NULL,'2017-05-04 00:55:05'),(11612,110,'(30179, 30659)',NULL,'2017-05-04 00:55:05'),(11613,110,'(30660, 30828)',NULL,'2017-05-04 00:55:05'),(11614,110,'(417, 419)',NULL,'2017-05-04 00:55:05'),(11615,110,'(30833, 31357)',NULL,'2017-05-04 00:55:05'),(11616,110,'(31359, 31649)',NULL,'2017-05-04 00:55:05'),(11617,110,'(31651, 31801)',NULL,'2017-05-04 00:55:05'),(11618,110,'(435, 437)',NULL,'2017-05-04 00:55:05'),(11619,110,'(31806, 31890)',NULL,'2017-05-04 00:55:05'),(11620,110,'(31892, 32203)',NULL,'2017-05-04 00:55:05'),(11621,110,'(446, 448)',NULL,'2017-05-04 00:55:05'),(11622,110,'(32208, 32397)',NULL,'2017-05-04 00:55:05'),(11623,110,'(32399, 32732)',NULL,'2017-05-04 00:55:05'),(11624,110,'(567, 569)',NULL,'2017-05-04 00:55:05'),(11625,110,'(32737, 33318)',NULL,'2017-05-04 00:55:05'),(11626,110,'(685, 687)',NULL,'2017-05-04 00:55:05'),(11627,110,'(33323, 33774)',NULL,'2017-05-04 00:55:05'),(11628,110,'(33781, 37070)',NULL,'2017-05-04 00:55:05'),(11629,110,'(37076, 37939)',NULL,'2017-05-04 00:55:05'),(11630,110,'(37945, 38089)',NULL,'2017-05-04 00:55:05'),(11631,111,'(0, 301)',NULL,'2017-05-04 00:55:42'),(11632,111,'(305, 307)',NULL,'2017-05-04 00:55:42'),(11633,111,'(308, 469)',NULL,'2017-05-04 00:55:42'),(11634,111,'(477, 479)',NULL,'2017-05-04 00:55:42'),(11635,111,'(482, 710)',NULL,'2017-05-04 00:55:42'),(11636,111,'(711, 906)',NULL,'2017-05-04 00:55:42'),(11637,111,'(911, 956)',NULL,'2017-05-04 00:55:42'),(11638,111,'(962, 964)',NULL,'2017-05-04 00:55:42'),(11639,111,'(965, 1138)',NULL,'2017-05-04 00:55:42'),(11640,111,'(1142, 1350)',NULL,'2017-05-04 00:55:42'),(11641,111,'(1355, 1610)',NULL,'2017-05-04 00:55:42'),(11642,111,'(1615, 1617)',NULL,'2017-05-04 00:55:42'),(11643,111,'(1618, 2169)',NULL,'2017-05-04 00:55:42'),(11644,111,'(1136, 1138)',NULL,'2017-05-04 00:55:42'),(11645,111,'(2176, 2380)',NULL,'2017-05-04 00:55:42'),(11646,111,'(2382, 2534)',NULL,'2017-05-04 00:55:42'),(11647,111,'(2538, 2738)',NULL,'2017-05-04 00:55:42'),(11648,111,'(2742, 2744)',NULL,'2017-05-04 00:55:42'),(11649,111,'(2747, 2849)',NULL,'2017-05-04 00:55:42'),(11650,111,'(2851, 2855)',NULL,'2017-05-04 00:55:42'),(11651,111,'(2856, 3059)',NULL,'2017-05-04 00:55:42'),(11652,111,'(3063, 3308)',NULL,'2017-05-04 00:55:42'),(11653,111,'(3309, 3486)',NULL,'2017-05-04 00:55:42'),(11654,111,'(3490, 3492)',NULL,'2017-05-04 00:55:42'),(11655,111,'(3495, 3798)',NULL,'2017-05-04 00:55:42'),(11656,111,'(3801, 3803)',NULL,'2017-05-04 00:55:42'),(11657,111,'(3806, 3917)',NULL,'2017-05-04 00:55:42'),(11658,111,'(3923, 4083)',NULL,'2017-05-04 00:55:43'),(11659,111,'(4087, 4089)',NULL,'2017-05-04 00:55:43'),(11660,111,'(4092, 4329)',NULL,'2017-05-04 00:55:43'),(11661,111,'(4335, 4454)',NULL,'2017-05-04 00:55:43'),(11662,111,'(4459, 4622)',NULL,'2017-05-04 00:55:43'),(11663,111,'(4630, 4632)',NULL,'2017-05-04 00:55:43'),(11664,111,'(4633, 4838)',NULL,'2017-05-04 00:55:43'),(11665,111,'(4843, 5043)',NULL,'2017-05-04 00:55:43'),(11666,111,'(5047, 5249)',NULL,'2017-05-04 00:55:43'),(11667,111,'(5255, 5258)',NULL,'2017-05-04 00:55:43'),(11668,111,'(5259, 5648)',NULL,'2017-05-04 00:55:43'),(11669,111,'(5650, 5907)',NULL,'2017-05-04 00:55:43'),(11670,111,'(5911, 5914)',NULL,'2017-05-04 00:55:43'),(11671,111,'(5915, 6039)',NULL,'2017-05-04 00:55:43'),(11672,111,'(6041, 6346)',NULL,'2017-05-04 00:55:43'),(11673,111,'(6348, 6468)',NULL,'2017-05-04 00:55:43'),(11674,111,'(6473, 6943)',NULL,'2017-05-04 00:55:43'),(11675,111,'(6945, 7089)',NULL,'2017-05-04 00:55:43'),(11676,111,'(7093, 7096)',NULL,'2017-05-04 00:55:43'),(11677,111,'(7097, 7652)',NULL,'2017-05-04 00:55:43'),(11678,111,'(7656, 7751)',NULL,'2017-05-04 00:55:43'),(11679,111,'(7755, 8149)',NULL,'2017-05-04 00:55:43'),(11680,111,'(8153, 8323)',NULL,'2017-05-04 00:55:43'),(11681,111,'(8327, 8581)',NULL,'2017-05-04 00:55:43'),(11682,111,'(8583, 8815)',NULL,'2017-05-04 00:55:43'),(11683,111,'(8825, 9366)',NULL,'2017-05-04 00:55:43'),(11684,111,'(9367, 9542)',NULL,'2017-05-04 00:55:43'),(11685,111,'(9547, 9659)',NULL,'2017-05-04 00:55:43'),(11686,111,'(9661, 9811)',NULL,'2017-05-04 00:55:43'),(11687,111,'(9816, 9960)',NULL,'2017-05-04 00:55:43'),(11688,111,'(9961, 10008)',NULL,'2017-05-04 00:55:43'),(11689,111,'(10009, 10136)',NULL,'2017-05-04 00:55:43'),(11690,111,'(962, 964)',NULL,'2017-05-04 00:55:43'),(11691,111,'(10143, 10386)',NULL,'2017-05-04 00:55:43'),(11692,111,'(10391, 10493)',NULL,'2017-05-04 00:55:43'),(11693,111,'(1615, 1617)',NULL,'2017-05-04 00:55:43'),(11694,111,'(10500, 10755)',NULL,'2017-05-04 00:55:43'),(11695,111,'(1136, 1138)',NULL,'2017-05-04 00:55:43'),(11696,111,'(10762, 10856)',NULL,'2017-05-04 00:55:43'),(11697,111,'(10860, 10940)',NULL,'2017-05-04 00:55:43'),(11698,111,'(10948, 11033)',NULL,'2017-05-04 00:55:43'),(11699,111,'(2742, 2744)',NULL,'2017-05-04 00:55:43'),(11700,111,'(11042, 11192)',NULL,'2017-05-04 00:55:43'),(11701,111,'(11194, 11271)',NULL,'2017-05-04 00:55:43'),(11702,111,'(3490, 3492)',NULL,'2017-05-04 00:55:43'),(11703,111,'(11278, 11623)',NULL,'2017-05-04 00:55:43'),(11704,111,'(11628, 11857)',NULL,'2017-05-04 00:55:43'),(11705,111,'(11859, 11973)',NULL,'2017-05-04 00:55:43'),(11706,111,'(11975, 12138)',NULL,'2017-05-04 00:55:43'),(11707,111,'(12142, 12334)',NULL,'2017-05-04 00:55:43'),(11708,111,'(12336, 12502)',NULL,'2017-05-04 00:55:43'),(11709,111,'(12507, 12609)',NULL,'2017-05-04 00:55:43'),(11710,111,'(12614, 12905)',NULL,'2017-05-04 00:55:43'),(11711,111,'(12907, 13031)',NULL,'2017-05-04 00:55:43'),(11712,111,'(4087, 4089)',NULL,'2017-05-04 00:55:43'),(11713,111,'(13038, 13124)',NULL,'2017-05-04 00:55:43'),(11714,111,'(13133, 13170)',NULL,'2017-05-04 00:55:43'),(11715,111,'(13172, 13346)',NULL,'2017-05-04 00:55:43'),(11716,111,'(13350, 13502)',NULL,'2017-05-04 00:55:43'),(11717,111,'(13504, 13682)',NULL,'2017-05-04 00:55:43'),(11718,111,'(962, 964)',NULL,'2017-05-04 00:55:43'),(11719,111,'(13690, 14621)',NULL,'2017-05-04 00:55:43'),(11720,111,'(14623, 14773)',NULL,'2017-05-04 00:55:43'),(11721,111,'(14774, 15076)',NULL,'2017-05-04 00:55:43'),(16001,140,'(0, 36)',NULL,'2017-05-05 17:48:55'),(16002,140,'(37, 62)',NULL,'2017-05-05 17:48:56'),(16003,140,'(63, 82)',NULL,'2017-05-05 17:48:56'),(16004,141,'(0, 27)',NULL,'2017-05-05 17:51:43'),(16005,141,'(28, 51)',NULL,'2017-05-05 17:51:43'),(16006,141,'(52, 85)',NULL,'2017-05-05 17:51:43'),(16007,141,'(86, 137)',NULL,'2017-05-05 17:51:43'),(16395,145,'(0, 27)',NULL,'2017-05-09 18:13:31'),(16396,145,'(28, 51)',NULL,'2017-05-09 18:13:31'),(16397,145,'(52, 85)',NULL,'2017-05-09 18:13:31'),(16398,145,'(86, 137)',NULL,'2017-05-09 18:13:31'),(16399,146,'(0, 27)',NULL,'2017-05-09 18:13:56'),(16400,146,'(28, 51)',NULL,'2017-05-09 18:13:56'),(16401,146,'(52, 85)',NULL,'2017-05-09 18:13:56'),(16402,146,'(86, 137)',NULL,'2017-05-09 18:13:56'),(16848,157,'(0, 27)',NULL,'2017-05-09 19:07:10'),(16849,157,'(28, 51)',NULL,'2017-05-09 19:07:10'),(16850,157,'(52, 85)',NULL,'2017-05-09 19:07:10'),(16851,157,'(86, 137)',NULL,'2017-05-09 19:07:10'),(16852,158,'(0, 27)',NULL,'2017-05-09 19:07:35'),(16853,158,'(28, 51)',NULL,'2017-05-09 19:07:35'),(16854,158,'(52, 85)',NULL,'2017-05-09 19:07:35'),(16855,158,'(86, 137)',NULL,'2017-05-09 19:07:35'),(17012,160,'(0, 79)',NULL,'2017-05-12 13:38:28'),(17013,160,'(82, 164)',NULL,'2017-05-12 13:38:28'),(17014,161,'(0, 214)',NULL,'2017-05-12 13:41:24'),(17015,161,'(216, 459)',NULL,'2017-05-12 13:41:25'),(17016,161,'(461, 553)',NULL,'2017-05-12 13:41:25'),(17017,161,'(555, 667)',NULL,'2017-05-12 13:41:25'),(17018,161,'(669, 867)',NULL,'2017-05-12 13:41:26'),(17019,161,'(869, 1031)',NULL,'2017-05-12 13:41:26'),(17020,161,'(1033, 1254)',NULL,'2017-05-12 13:41:27'),(17021,161,'(1256, 1393)',NULL,'2017-05-12 13:41:27'),(17022,161,'(1395, 1524)',NULL,'2017-05-12 13:41:28'),(17023,161,'(1526, 1603)',NULL,'2017-05-12 13:41:28'),(17024,161,'(1605, 1853)',NULL,'2017-05-12 13:41:28'),(17025,161,'(1855, 2030)',NULL,'2017-05-12 13:41:29'),(17026,161,'(2032, 2172)',NULL,'2017-05-12 13:41:29'),(17027,161,'(2174, 2329)',NULL,'2017-05-12 13:41:30'),(17028,161,'(2331, 2478)',NULL,'2017-05-12 13:41:30'),(17029,161,'(2480, 2687)',NULL,'2017-05-12 13:41:31'),(17030,161,'(2689, 2769)',NULL,'2017-05-12 13:41:31'),(17031,161,'(2771, 3047)',NULL,'2017-05-12 13:41:32'),(17032,161,'(3049, 3281)',NULL,'2017-05-12 13:41:33'),(17033,161,'(3283, 3506)',NULL,'2017-05-12 13:41:33'),(17034,161,'(3508, 3658)',NULL,'2017-05-12 13:41:34'),(17035,161,'(3660, 3908)',NULL,'2017-05-12 13:41:34'),(17036,161,'(3910, 4233)',NULL,'2017-05-12 13:41:34'),(17037,161,'(4235, 4521)',NULL,'2017-05-12 13:41:34'),(17038,161,'(4523, 4692)',NULL,'2017-05-12 13:41:34'),(17039,161,'(4694, 4993)',NULL,'2017-05-12 13:41:34'),(17040,161,'(4995, 5259)',NULL,'2017-05-12 13:41:34'),(17041,161,'(5261, 5469)',NULL,'2017-05-12 13:41:34'),(17042,161,'(5471, 5700)',NULL,'2017-05-12 13:41:34'),(17043,161,'(5702, 5855)',NULL,'2017-05-12 13:41:34'),(17044,161,'(5857, 6183)',NULL,'2017-05-12 13:41:34'),(17045,161,'(6185, 6423)',NULL,'2017-05-12 13:41:34'),(17046,161,'(6425, 6884)',NULL,'2017-05-12 13:41:34'),(17047,161,'(6886, 6976)',NULL,'2017-05-12 13:41:34'),(17048,161,'(6978, 7292)',NULL,'2017-05-12 13:41:34'),(17049,161,'(7294, 7441)',NULL,'2017-05-12 13:41:34'),(17050,161,'(7443, 7530)',NULL,'2017-05-12 13:41:34'),(17051,161,'(7532, 7878)',NULL,'2017-05-12 13:41:34'),(17052,161,'(7880, 7928)',NULL,'2017-05-12 13:41:34'),(17053,161,'(7930, 8356)',NULL,'2017-05-12 13:41:34'),(17054,161,'(8358, 8537)',NULL,'2017-05-12 13:41:34'),(17055,161,'(8539, 8698)',NULL,'2017-05-12 13:41:34'),(17056,161,'(8700, 8803)',NULL,'2017-05-12 13:41:34'),(17057,161,'(8805, 8980)',NULL,'2017-05-12 13:41:34'),(17058,161,'(8982, 9044)',NULL,'2017-05-12 13:41:34'),(17059,161,'(9046, 9486)',NULL,'2017-05-12 13:41:34'),(17060,161,'(9488, 9846)',NULL,'2017-05-12 13:41:34'),(17061,161,'(9848, 9958)',NULL,'2017-05-12 13:41:34'),(17062,161,'(9960, 10227)',NULL,'2017-05-12 13:41:34'),(17063,161,'(10229, 10355)',NULL,'2017-05-12 13:41:34'),(17064,161,'(10357, 10566)',NULL,'2017-05-12 13:41:34'),(17065,161,'(10568, 10664)',NULL,'2017-05-12 13:41:34'),(17066,161,'(10666, 10947)',NULL,'2017-05-12 13:41:34'),(17067,161,'(10949, 11043)',NULL,'2017-05-12 13:41:34'),(17068,161,'(11045, 11221)',NULL,'2017-05-12 13:41:34'),(17069,161,'(11223, 11389)',NULL,'2017-05-12 13:41:34'),(17070,161,'(11391, 11504)',NULL,'2017-05-12 13:41:34'),(17071,161,'(11506, 11762)',NULL,'2017-05-12 13:41:34'),(17072,161,'(11764, 11837)',NULL,'2017-05-12 13:41:34'),(17073,161,'(11839, 12004)',NULL,'2017-05-12 13:41:34'),(17074,161,'(12006, 12136)',NULL,'2017-05-12 13:41:34'),(17075,161,'(12138, 12217)',NULL,'2017-05-12 13:41:34'),(17076,161,'(12219, 12403)',NULL,'2017-05-12 13:41:34'),(17077,161,'(12405, 12536)',NULL,'2017-05-12 13:41:34'),(17078,161,'(12538, 12694)',NULL,'2017-05-12 13:41:34'),(17079,161,'(12696, 12754)',NULL,'2017-05-12 13:41:34'),(17080,161,'(12756, 12943)',NULL,'2017-05-12 13:41:34'),(17081,161,'(12945, 13025)',NULL,'2017-05-12 13:41:34'),(17082,161,'(13027, 13265)',NULL,'2017-05-12 13:41:34'),(17083,161,'(13267, 13412)',NULL,'2017-05-12 13:41:34'),(17084,161,'(13414, 13570)',NULL,'2017-05-12 13:41:34'),(17085,161,'(13572, 13689)',NULL,'2017-05-12 13:41:34'),(17086,161,'(13691, 13806)',NULL,'2017-05-12 13:41:34'),(17087,161,'(13808, 14006)',NULL,'2017-05-12 13:41:34'),(17088,161,'(14008, 14344)',NULL,'2017-05-12 13:41:34'),(17089,161,'(14346, 14495)',NULL,'2017-05-12 13:41:34'),(17090,161,'(14497, 14709)',NULL,'2017-05-12 13:41:34'),(17091,161,'(14711, 14835)',NULL,'2017-05-12 13:41:34'),(17092,161,'(14837, 14978)',NULL,'2017-05-12 13:41:34'),(17093,161,'(14980, 15082)',NULL,'2017-05-12 13:41:34'),(17094,161,'(15084, 15186)',NULL,'2017-05-12 13:41:34'),(17095,161,'(15188, 15373)',NULL,'2017-05-12 13:41:34'),(17096,161,'(15375, 15455)',NULL,'2017-05-12 13:41:34'),(17097,161,'(15457, 15623)',NULL,'2017-05-12 13:41:34'),(17098,161,'(15625, 15769)',NULL,'2017-05-12 13:41:34'),(17099,161,'(15771, 16010)',NULL,'2017-05-12 13:41:34'),(17100,161,'(16012, 16207)',NULL,'2017-05-12 13:41:34'),(17101,161,'(16209, 16290)',NULL,'2017-05-12 13:41:34'),(17102,161,'(16292, 16530)',NULL,'2017-05-12 13:41:34'),(17103,161,'(16532, 16732)',NULL,'2017-05-12 13:41:34'),(17104,161,'(16734, 16853)',NULL,'2017-05-12 13:41:34'),(17105,161,'(16855, 17027)',NULL,'2017-05-12 13:41:34'),(17106,161,'(17029, 17112)',NULL,'2017-05-12 13:41:34'),(17107,161,'(17114, 17292)',NULL,'2017-05-12 13:41:34'),(17108,161,'(17294, 17365)',NULL,'2017-05-12 13:41:34'),(17109,161,'(17367, 17481)',NULL,'2017-05-12 13:41:34'),(17110,161,'(17483, 17622)',NULL,'2017-05-12 13:41:34'),(17111,161,'(17624, 17831)',NULL,'2017-05-12 13:41:34'),(17112,161,'(17833, 17946)',NULL,'2017-05-12 13:41:34'),(17113,161,'(17948, 18155)',NULL,'2017-05-12 13:41:34'),(17114,161,'(18157, 18275)',NULL,'2017-05-12 13:41:34'),(17115,161,'(18277, 18512)',NULL,'2017-05-12 13:41:34'),(17116,161,'(18514, 18609)',NULL,'2017-05-12 13:41:34'),(17117,161,'(18611, 18710)',NULL,'2017-05-12 13:41:34'),(17118,161,'(18712, 18777)',NULL,'2017-05-12 13:41:34'),(17119,161,'(18779, 18882)',NULL,'2017-05-12 13:41:34'),(17120,161,'(18884, 19005)',NULL,'2017-05-12 13:41:34'),(17121,161,'(19007, 19086)',NULL,'2017-05-12 13:41:34'),(17122,161,'(19088, 19222)',NULL,'2017-05-12 13:41:34'),(17123,161,'(19224, 19273)',NULL,'2017-05-12 13:41:34'),(17124,161,'(19275, 19342)',NULL,'2017-05-12 13:41:34'),(17125,161,'(19343, 19525)',NULL,'2017-05-12 13:41:34'),(17126,161,'(19527, 19736)',NULL,'2017-05-12 13:41:34'),(17127,161,'(19738, 19857)',NULL,'2017-05-12 13:41:34'),(17128,161,'(19859, 20151)',NULL,'2017-05-12 13:41:34'),(17129,161,'(20153, 20423)',NULL,'2017-05-12 13:41:34'),(17130,161,'(20425, 20619)',NULL,'2017-05-12 13:41:34'),(17131,161,'(20621, 20858)',NULL,'2017-05-12 13:41:34'),(17132,161,'(20859, 20967)',NULL,'2017-05-12 13:41:34'),(17133,161,'(20969, 21046)',NULL,'2017-05-12 13:41:34'),(17134,161,'(21048, 21209)',NULL,'2017-05-12 13:41:34'),(17135,161,'(21211, 21485)',NULL,'2017-05-12 13:41:34'),(17136,161,'(21487, 21766)',NULL,'2017-05-12 13:41:34'),(17137,161,'(21768, 22087)',NULL,'2017-05-12 13:41:34'),(17138,161,'(22089, 22435)',NULL,'2017-05-12 13:41:34'),(17139,161,'(22437, 22538)',NULL,'2017-05-12 13:41:34'),(17140,161,'(22539, 22735)',NULL,'2017-05-12 13:41:34'),(17141,161,'(22737, 22951)',NULL,'2017-05-12 13:41:34'),(17142,161,'(22953, 23098)',NULL,'2017-05-12 13:41:34'),(17143,161,'(23100, 23461)',NULL,'2017-05-12 13:41:34'),(17144,161,'(23463, 23531)',NULL,'2017-05-12 13:41:34'),(17145,161,'(23533, 24035)',NULL,'2017-05-12 13:41:34'),(17146,161,'(24037, 24554)',NULL,'2017-05-12 13:41:34'),(17147,161,'(24556, 24998)',NULL,'2017-05-12 13:41:34'),(17148,161,'(25000, 25149)',NULL,'2017-05-12 13:41:34'),(17149,161,'(25151, 25486)',NULL,'2017-05-12 13:41:34'),(17150,161,'(25488, 25959)',NULL,'2017-05-12 13:41:34'),(17151,161,'(25961, 26115)',NULL,'2017-05-12 13:41:34'),(17152,161,'(26117, 26363)',NULL,'2017-05-12 13:41:34'),(17153,161,'(26364, 26423)',NULL,'2017-05-12 13:41:34'),(17154,161,'(26425, 26579)',NULL,'2017-05-12 13:41:34'),(17155,161,'(26581, 26757)',NULL,'2017-05-12 13:41:34'),(17156,161,'(26759, 26903)',NULL,'2017-05-12 13:41:34'),(17157,161,'(26905, 27384)',NULL,'2017-05-12 13:41:34'),(17158,161,'(27386, 27520)',NULL,'2017-05-12 13:41:34'),(17159,161,'(27522, 27871)',NULL,'2017-05-12 13:41:34'),(17160,161,'(27873, 28017)',NULL,'2017-05-12 13:41:34'),(17161,161,'(28019, 28193)',NULL,'2017-05-12 13:41:34'),(17162,161,'(28195, 28344)',NULL,'2017-05-12 13:41:34'),(17163,161,'(28346, 28621)',NULL,'2017-05-12 13:41:34'),(17164,161,'(28623, 28758)',NULL,'2017-05-12 13:41:34'),(17165,161,'(28760, 29158)',NULL,'2017-05-12 13:41:34'),(17166,161,'(29160, 29394)',NULL,'2017-05-12 13:41:34'),(17167,161,'(29396, 29961)',NULL,'2017-05-12 13:41:34'),(17168,161,'(29963, 30278)',NULL,'2017-05-12 13:41:34'),(17169,161,'(30280, 30493)',NULL,'2017-05-12 13:41:34'),(17170,161,'(30495, 30780)',NULL,'2017-05-12 13:41:34'),(17171,161,'(30782, 30908)',NULL,'2017-05-12 13:41:34'),(17172,161,'(30910, 31119)',NULL,'2017-05-12 13:41:34'),(17173,161,'(31121, 31640)',NULL,'2017-05-12 13:41:34'),(17174,161,'(31642, 31770)',NULL,'2017-05-12 13:41:34'),(17175,161,'(31772, 32372)',NULL,'2017-05-12 13:41:34'),(17176,161,'(32374, 32550)',NULL,'2017-05-12 13:41:34'),(17177,161,'(32552, 32716)',NULL,'2017-05-12 13:41:34'),(17178,161,'(32718, 32965)',NULL,'2017-05-12 13:41:34'),(17179,161,'(32967, 33135)',NULL,'2017-05-12 13:41:34'),(17180,161,'(33137, 33568)',NULL,'2017-05-12 13:41:34'),(17181,161,'(33570, 33737)',NULL,'2017-05-12 13:41:34'),(17182,161,'(33739, 33979)',NULL,'2017-05-12 13:41:34'),(17183,161,'(33981, 34350)',NULL,'2017-05-12 13:41:34'),(17184,161,'(34352, 34734)',NULL,'2017-05-12 13:41:34'),(17185,161,'(34736, 34930)',NULL,'2017-05-12 13:41:34'),(17186,161,'(34932, 35216)',NULL,'2017-05-12 13:41:34'),(17187,161,'(35218, 35579)',NULL,'2017-05-12 13:41:34'),(17188,161,'(35581, 35816)',NULL,'2017-05-12 13:41:34'),(17189,161,'(35818, 35931)',NULL,'2017-05-12 13:41:34'),(17190,161,'(35933, 36035)',NULL,'2017-05-12 13:41:34'),(17191,161,'(36037, 36283)',NULL,'2017-05-12 13:41:34'),(17192,161,'(36285, 36408)',NULL,'2017-05-12 13:41:34'),(17193,161,'(36410, 36666)',NULL,'2017-05-12 13:41:34'),(17194,161,'(36668, 37088)',NULL,'2017-05-12 13:41:34'),(17195,161,'(37090, 37296)',NULL,'2017-05-12 13:41:34'),(17196,161,'(37298, 37472)',NULL,'2017-05-12 13:41:34'),(17197,161,'(37474, 37945)',NULL,'2017-05-12 13:41:34'),(17198,161,'(37947, 38095)',NULL,'2017-05-12 13:41:34'),(17199,161,'(38097, 38200)',NULL,'2017-05-12 13:41:34'),(17200,161,'(38202, 38473)',NULL,'2017-05-12 13:41:34'),(17201,161,'(38475, 38815)',NULL,'2017-05-12 13:41:34'),(17202,161,'(38817, 39035)',NULL,'2017-05-12 13:41:34'),(17203,161,'(39037, 39388)',NULL,'2017-05-12 13:41:34'),(17204,161,'(39390, 39540)',NULL,'2017-05-12 13:41:34'),(17205,161,'(39542, 39921)',NULL,'2017-05-12 13:41:34'),(17206,161,'(39923, 40087)',NULL,'2017-05-12 13:41:34'),(17207,161,'(40088, 40515)',NULL,'2017-05-12 13:41:34'),(17208,161,'(40517, 40674)',NULL,'2017-05-12 13:41:34'),(17209,161,'(40676, 40843)',NULL,'2017-05-12 13:41:34'),(17210,161,'(40845, 41005)',NULL,'2017-05-12 13:41:34'),(17211,161,'(41007, 41110)',NULL,'2017-05-12 13:41:34'),(17212,161,'(41112, 41289)',NULL,'2017-05-12 13:41:34'),(17213,161,'(41291, 41479)',NULL,'2017-05-12 13:41:34'),(17214,161,'(41481, 41628)',NULL,'2017-05-12 13:41:34'),(17215,161,'(41630, 41775)',NULL,'2017-05-12 13:41:34'),(17216,161,'(41777, 41919)',NULL,'2017-05-12 13:41:34'),(17217,161,'(41921, 42052)',NULL,'2017-05-12 13:41:34'),(17218,161,'(42054, 42242)',NULL,'2017-05-12 13:41:34'),(17219,161,'(42244, 42406)',NULL,'2017-05-12 13:41:34'),(17220,161,'(42408, 42721)',NULL,'2017-05-12 13:41:34'),(17221,161,'(42723, 42835)',NULL,'2017-05-12 13:41:34'),(17222,161,'(42837, 43211)',NULL,'2017-05-12 13:41:34'),(17223,161,'(43213, 43418)',NULL,'2017-05-12 13:41:34'),(17224,161,'(43420, 43864)',NULL,'2017-05-12 13:41:34'),(17225,161,'(43866, 44115)',NULL,'2017-05-12 13:41:34'),(17226,161,'(44117, 44460)',NULL,'2017-05-12 13:41:34'),(17306,167,'(0, 79)',NULL,'2017-05-13 23:44:12'),(17307,167,'(82, 164)',NULL,'2017-05-13 23:44:12'),(17308,168,'(0, 214)',NULL,'2017-05-13 23:44:53'),(17309,168,'(216, 459)',NULL,'2017-05-13 23:44:53'),(17310,168,'(461, 553)',NULL,'2017-05-13 23:44:53'),(17311,168,'(555, 667)',NULL,'2017-05-13 23:44:53'),(17312,168,'(669, 867)',NULL,'2017-05-13 23:44:53'),(17313,168,'(869, 1031)',NULL,'2017-05-13 23:44:53'),(17314,168,'(1033, 1254)',NULL,'2017-05-13 23:44:53'),(17315,168,'(1256, 1393)',NULL,'2017-05-13 23:44:53'),(17316,168,'(1395, 1524)',NULL,'2017-05-13 23:44:53'),(17317,168,'(1526, 1603)',NULL,'2017-05-13 23:44:53'),(17318,168,'(1605, 1853)',NULL,'2017-05-13 23:44:53'),(17319,168,'(1855, 2030)',NULL,'2017-05-13 23:44:53'),(17320,168,'(2032, 2172)',NULL,'2017-05-13 23:44:53'),(17321,168,'(2174, 2329)',NULL,'2017-05-13 23:44:53'),(17322,168,'(2331, 2478)',NULL,'2017-05-13 23:44:53'),(17323,168,'(2480, 2687)',NULL,'2017-05-13 23:44:53'),(17324,168,'(2689, 2769)',NULL,'2017-05-13 23:44:53'),(17325,168,'(2771, 3047)',NULL,'2017-05-13 23:44:53'),(17326,168,'(3049, 3281)',NULL,'2017-05-13 23:44:53'),(17327,168,'(3283, 3506)',NULL,'2017-05-13 23:44:53'),(17328,168,'(3508, 3658)',NULL,'2017-05-13 23:44:53'),(17329,168,'(3660, 3908)',NULL,'2017-05-13 23:44:53'),(17330,168,'(3910, 4233)',NULL,'2017-05-13 23:44:53'),(17331,168,'(4235, 4521)',NULL,'2017-05-13 23:44:53'),(17332,168,'(4523, 4692)',NULL,'2017-05-13 23:44:53'),(17333,168,'(4694, 4993)',NULL,'2017-05-13 23:44:53'),(17334,168,'(4995, 5259)',NULL,'2017-05-13 23:44:53'),(17335,168,'(5261, 5469)',NULL,'2017-05-13 23:44:53'),(17336,168,'(5471, 5700)',NULL,'2017-05-13 23:44:53'),(17337,168,'(5702, 5855)',NULL,'2017-05-13 23:44:53'),(17338,168,'(5857, 6183)',NULL,'2017-05-13 23:44:53'),(17339,168,'(6185, 6423)',NULL,'2017-05-13 23:44:53'),(17340,168,'(6425, 6884)',NULL,'2017-05-13 23:44:53'),(17341,168,'(6886, 6976)',NULL,'2017-05-13 23:44:53'),(17342,168,'(6978, 7292)',NULL,'2017-05-13 23:44:53'),(17343,168,'(7294, 7441)',NULL,'2017-05-13 23:44:53'),(17344,168,'(7443, 7530)',NULL,'2017-05-13 23:44:53'),(17345,168,'(7532, 7878)',NULL,'2017-05-13 23:44:53'),(17346,168,'(7880, 7928)',NULL,'2017-05-13 23:44:53'),(17347,168,'(7930, 8356)',NULL,'2017-05-13 23:44:53'),(17348,168,'(8358, 8537)',NULL,'2017-05-13 23:44:53'),(17349,168,'(8539, 8698)',NULL,'2017-05-13 23:44:53'),(17350,168,'(8700, 8803)',NULL,'2017-05-13 23:44:53'),(17351,168,'(8805, 8980)',NULL,'2017-05-13 23:44:53'),(17352,168,'(8982, 9044)',NULL,'2017-05-13 23:44:53'),(17353,168,'(9046, 9486)',NULL,'2017-05-13 23:44:53'),(17354,168,'(9488, 9846)',NULL,'2017-05-13 23:44:53'),(17355,168,'(9848, 9958)',NULL,'2017-05-13 23:44:53'),(17356,168,'(9960, 10227)',NULL,'2017-05-13 23:44:53'),(17357,168,'(10229, 10355)',NULL,'2017-05-13 23:44:53'),(17358,168,'(10357, 10566)',NULL,'2017-05-13 23:44:53'),(17359,168,'(10568, 10664)',NULL,'2017-05-13 23:44:53'),(17360,168,'(10666, 10947)',NULL,'2017-05-13 23:44:53'),(17361,168,'(10949, 11043)',NULL,'2017-05-13 23:44:53'),(17362,168,'(11045, 11221)',NULL,'2017-05-13 23:44:53'),(17363,168,'(11223, 11389)',NULL,'2017-05-13 23:44:53'),(17364,168,'(11391, 11504)',NULL,'2017-05-13 23:44:53'),(17365,168,'(11506, 11762)',NULL,'2017-05-13 23:44:53'),(17366,168,'(11764, 11837)',NULL,'2017-05-13 23:44:53'),(17367,168,'(11839, 12004)',NULL,'2017-05-13 23:44:53'),(17368,168,'(12006, 12136)',NULL,'2017-05-13 23:44:53'),(17369,168,'(12138, 12217)',NULL,'2017-05-13 23:44:53'),(17370,168,'(12219, 12403)',NULL,'2017-05-13 23:44:53'),(17371,168,'(12405, 12536)',NULL,'2017-05-13 23:44:53'),(17372,168,'(12538, 12694)',NULL,'2017-05-13 23:44:53'),(17373,168,'(12696, 12754)',NULL,'2017-05-13 23:44:53'),(17374,168,'(12756, 12943)',NULL,'2017-05-13 23:44:53'),(17375,168,'(12945, 13025)',NULL,'2017-05-13 23:44:53'),(17376,168,'(13027, 13265)',NULL,'2017-05-13 23:44:53'),(17377,168,'(13267, 13412)',NULL,'2017-05-13 23:44:53'),(17378,168,'(13414, 13570)',NULL,'2017-05-13 23:44:53'),(17379,168,'(13572, 13689)',NULL,'2017-05-13 23:44:53'),(17380,168,'(13691, 13806)',NULL,'2017-05-13 23:44:53'),(17381,168,'(13808, 14006)',NULL,'2017-05-13 23:44:53'),(17382,168,'(14008, 14344)',NULL,'2017-05-13 23:44:53'),(17383,168,'(14346, 14495)',NULL,'2017-05-13 23:44:53'),(17384,168,'(14497, 14709)',NULL,'2017-05-13 23:44:53'),(17385,168,'(14711, 14835)',NULL,'2017-05-13 23:44:53'),(17386,168,'(14837, 14978)',NULL,'2017-05-13 23:44:53'),(17387,168,'(14980, 15082)',NULL,'2017-05-13 23:44:53'),(17388,168,'(15084, 15186)',NULL,'2017-05-13 23:44:53'),(17389,168,'(15188, 15373)',NULL,'2017-05-13 23:44:53'),(17390,168,'(15375, 15455)',NULL,'2017-05-13 23:44:53'),(17391,168,'(15457, 15623)',NULL,'2017-05-13 23:44:53'),(17392,168,'(15625, 15769)',NULL,'2017-05-13 23:44:53'),(17393,168,'(15771, 16010)',NULL,'2017-05-13 23:44:53'),(17394,168,'(16012, 16207)',NULL,'2017-05-13 23:44:53'),(17395,168,'(16209, 16290)',NULL,'2017-05-13 23:44:53'),(17396,168,'(16292, 16530)',NULL,'2017-05-13 23:44:53'),(17397,168,'(16532, 16732)',NULL,'2017-05-13 23:44:53'),(17398,168,'(16734, 16853)',NULL,'2017-05-13 23:44:53'),(17399,168,'(16855, 17027)',NULL,'2017-05-13 23:44:53'),(17400,168,'(17029, 17112)',NULL,'2017-05-13 23:44:53'),(17401,168,'(17114, 17292)',NULL,'2017-05-13 23:44:53'),(17402,168,'(17294, 17365)',NULL,'2017-05-13 23:44:53'),(17403,168,'(17367, 17481)',NULL,'2017-05-13 23:44:53'),(17404,168,'(17483, 17622)',NULL,'2017-05-13 23:44:53'),(17405,168,'(17624, 17831)',NULL,'2017-05-13 23:44:53'),(17406,168,'(17833, 17946)',NULL,'2017-05-13 23:44:53'),(17407,168,'(17948, 18155)',NULL,'2017-05-13 23:44:53'),(17408,168,'(18157, 18275)',NULL,'2017-05-13 23:44:53'),(17409,168,'(18277, 18512)',NULL,'2017-05-13 23:44:53'),(17410,168,'(18514, 18609)',NULL,'2017-05-13 23:44:53'),(17411,168,'(18611, 18710)',NULL,'2017-05-13 23:44:53'),(17412,168,'(18712, 18777)',NULL,'2017-05-13 23:44:53'),(17413,168,'(18779, 18882)',NULL,'2017-05-13 23:44:53'),(17414,168,'(18884, 19005)',NULL,'2017-05-13 23:44:53'),(17415,168,'(19007, 19086)',NULL,'2017-05-13 23:44:53'),(17416,168,'(19088, 19222)',NULL,'2017-05-13 23:44:53'),(17417,168,'(19224, 19273)',NULL,'2017-05-13 23:44:53'),(17418,168,'(19275, 19342)',NULL,'2017-05-13 23:44:53'),(17419,168,'(19343, 19525)',NULL,'2017-05-13 23:44:53'),(17420,168,'(19527, 19736)',NULL,'2017-05-13 23:44:53'),(17421,168,'(19738, 19857)',NULL,'2017-05-13 23:44:53'),(17422,168,'(19859, 20151)',NULL,'2017-05-13 23:44:53'),(17423,168,'(20153, 20423)',NULL,'2017-05-13 23:44:53'),(17424,168,'(20425, 20619)',NULL,'2017-05-13 23:44:53'),(17425,168,'(20621, 20858)',NULL,'2017-05-13 23:44:53'),(17426,168,'(20859, 20967)',NULL,'2017-05-13 23:44:53'),(17427,168,'(20969, 21046)',NULL,'2017-05-13 23:44:53'),(17428,168,'(21048, 21209)',NULL,'2017-05-13 23:44:53'),(17429,168,'(21211, 21485)',NULL,'2017-05-13 23:44:53'),(17430,168,'(21487, 21766)',NULL,'2017-05-13 23:44:53'),(17431,168,'(21768, 22087)',NULL,'2017-05-13 23:44:53'),(17432,168,'(22089, 22435)',NULL,'2017-05-13 23:44:53'),(17433,168,'(22437, 22538)',NULL,'2017-05-13 23:44:53'),(17434,168,'(22539, 22735)',NULL,'2017-05-13 23:44:53'),(17435,168,'(22737, 22951)',NULL,'2017-05-13 23:44:53'),(17436,168,'(22953, 23098)',NULL,'2017-05-13 23:44:53'),(17437,168,'(23100, 23461)',NULL,'2017-05-13 23:44:53'),(17438,168,'(23463, 23531)',NULL,'2017-05-13 23:44:53'),(17439,168,'(23533, 24035)',NULL,'2017-05-13 23:44:53'),(17440,168,'(24037, 24554)',NULL,'2017-05-13 23:44:53'),(17441,168,'(24556, 24998)',NULL,'2017-05-13 23:44:53'),(17442,168,'(25000, 25149)',NULL,'2017-05-13 23:44:53'),(17443,168,'(25151, 25486)',NULL,'2017-05-13 23:44:53'),(17444,168,'(25488, 25959)',NULL,'2017-05-13 23:44:53'),(17445,168,'(25961, 26115)',NULL,'2017-05-13 23:44:53'),(17446,168,'(26117, 26363)',NULL,'2017-05-13 23:44:53'),(17447,168,'(26364, 26423)',NULL,'2017-05-13 23:44:53'),(17448,168,'(26425, 26579)',NULL,'2017-05-13 23:44:53'),(17449,168,'(26581, 26757)',NULL,'2017-05-13 23:44:53'),(17450,168,'(26759, 26903)',NULL,'2017-05-13 23:44:53'),(17451,168,'(26905, 27384)',NULL,'2017-05-13 23:44:53'),(17452,168,'(27386, 27520)',NULL,'2017-05-13 23:44:53'),(17453,168,'(27522, 27871)',NULL,'2017-05-13 23:44:53'),(17454,168,'(27873, 28017)',NULL,'2017-05-13 23:44:53'),(17455,168,'(28019, 28193)',NULL,'2017-05-13 23:44:53'),(17456,168,'(28195, 28344)',NULL,'2017-05-13 23:44:53'),(17457,168,'(28346, 28621)',NULL,'2017-05-13 23:44:53'),(17458,168,'(28623, 28758)',NULL,'2017-05-13 23:44:53'),(17459,168,'(28760, 29158)',NULL,'2017-05-13 23:44:53'),(17460,168,'(29160, 29394)',NULL,'2017-05-13 23:44:53'),(17461,168,'(29396, 29961)',NULL,'2017-05-13 23:44:53'),(17462,168,'(29963, 30278)',NULL,'2017-05-13 23:44:53'),(17463,168,'(30280, 30493)',NULL,'2017-05-13 23:44:53'),(17464,168,'(30495, 30780)',NULL,'2017-05-13 23:44:53'),(17465,168,'(30782, 30908)',NULL,'2017-05-13 23:44:53'),(17466,168,'(30910, 31119)',NULL,'2017-05-13 23:44:53'),(17467,168,'(31121, 31640)',NULL,'2017-05-13 23:44:53'),(17468,168,'(31642, 31770)',NULL,'2017-05-13 23:44:53'),(17469,168,'(31772, 32372)',NULL,'2017-05-13 23:44:53'),(17470,168,'(32374, 32550)',NULL,'2017-05-13 23:44:53'),(17471,168,'(32552, 32716)',NULL,'2017-05-13 23:44:53'),(17472,168,'(32718, 32965)',NULL,'2017-05-13 23:44:53'),(17473,168,'(32967, 33135)',NULL,'2017-05-13 23:44:53'),(17474,168,'(33137, 33568)',NULL,'2017-05-13 23:44:53'),(17475,168,'(33570, 33737)',NULL,'2017-05-13 23:44:53'),(17476,168,'(33739, 33979)',NULL,'2017-05-13 23:44:53'),(17477,168,'(33981, 34350)',NULL,'2017-05-13 23:44:53'),(17478,168,'(34352, 34734)',NULL,'2017-05-13 23:44:53'),(17479,168,'(34736, 34930)',NULL,'2017-05-13 23:44:53'),(17480,168,'(34932, 35216)',NULL,'2017-05-13 23:44:53'),(17481,168,'(35218, 35579)',NULL,'2017-05-13 23:44:53'),(17482,168,'(35581, 35816)',NULL,'2017-05-13 23:44:53'),(17483,168,'(35818, 35931)',NULL,'2017-05-13 23:44:53'),(17484,168,'(35933, 36035)',NULL,'2017-05-13 23:44:53'),(17485,168,'(36037, 36283)',NULL,'2017-05-13 23:44:53'),(17486,168,'(36285, 36408)',NULL,'2017-05-13 23:44:53'),(17487,168,'(36410, 36666)',NULL,'2017-05-13 23:44:53'),(17488,168,'(36668, 37088)',NULL,'2017-05-13 23:44:53'),(17489,168,'(37090, 37296)',NULL,'2017-05-13 23:44:53'),(17490,168,'(37298, 37472)',NULL,'2017-05-13 23:44:53'),(17491,168,'(37474, 37945)',NULL,'2017-05-13 23:44:53'),(17492,168,'(37947, 38095)',NULL,'2017-05-13 23:44:53'),(17493,168,'(38097, 38200)',NULL,'2017-05-13 23:44:53'),(17494,168,'(38202, 38473)',NULL,'2017-05-13 23:44:53'),(17495,168,'(38475, 38815)',NULL,'2017-05-13 23:44:53'),(17496,168,'(38817, 39035)',NULL,'2017-05-13 23:44:53'),(17497,168,'(39037, 39388)',NULL,'2017-05-13 23:44:53'),(17498,168,'(39390, 39540)',NULL,'2017-05-13 23:44:53'),(17499,168,'(39542, 39921)',NULL,'2017-05-13 23:44:53'),(17500,168,'(39923, 40087)',NULL,'2017-05-13 23:44:53'),(17501,168,'(40088, 40515)',NULL,'2017-05-13 23:44:53'),(17502,168,'(40517, 40674)',NULL,'2017-05-13 23:44:53'),(17503,168,'(40676, 40843)',NULL,'2017-05-13 23:44:53'),(17504,168,'(40845, 41005)',NULL,'2017-05-13 23:44:53'),(17505,168,'(41007, 41110)',NULL,'2017-05-13 23:44:53'),(17506,168,'(41112, 41289)',NULL,'2017-05-13 23:44:53'),(17507,168,'(41291, 41479)',NULL,'2017-05-13 23:44:53'),(17508,168,'(41481, 41628)',NULL,'2017-05-13 23:44:53'),(17509,168,'(41630, 41775)',NULL,'2017-05-13 23:44:53'),(17510,168,'(41777, 41919)',NULL,'2017-05-13 23:44:53'),(17511,168,'(41921, 42052)',NULL,'2017-05-13 23:44:53'),(17512,168,'(42054, 42242)',NULL,'2017-05-13 23:44:53'),(17513,168,'(42244, 42406)',NULL,'2017-05-13 23:44:53'),(17514,168,'(42408, 42721)',NULL,'2017-05-13 23:44:53'),(17515,168,'(42723, 42835)',NULL,'2017-05-13 23:44:53'),(17516,168,'(42837, 43211)',NULL,'2017-05-13 23:44:53'),(17517,168,'(43213, 43418)',NULL,'2017-05-13 23:44:53'),(17518,168,'(43420, 43864)',NULL,'2017-05-13 23:44:53'),(17519,168,'(43866, 44115)',NULL,'2017-05-13 23:44:53'),(17520,168,'(44117, 44460)',NULL,'2017-05-13 23:44:53'),(19616,181,'(0, 334)',NULL,'2017-05-15 17:43:30'),(19617,181,'(335, 1289)',NULL,'2017-05-15 17:43:30'),(19618,181,'(1290, 1559)',NULL,'2017-05-15 17:43:30'),(19619,181,'(1560, 1629)',NULL,'2017-05-15 17:43:30'),(19620,181,'(1630, 2145)',NULL,'2017-05-15 17:43:30'),(19621,181,'(2146, 2445)',NULL,'2017-05-15 17:43:30'),(19622,181,'(2446, 2507)',NULL,'2017-05-15 17:43:30'),(19623,181,'(2508, 2564)',NULL,'2017-05-15 17:43:30'),(19624,181,'(2565, 2624)',NULL,'2017-05-15 17:43:30'),(19625,181,'(2625, 2692)',NULL,'2017-05-15 17:43:30'),(19626,181,'(2693, 2761)',NULL,'2017-05-15 17:43:30'),(19627,181,'(2762, 2833)',NULL,'2017-05-15 17:43:30'),(19628,181,'(2834, 2895)',NULL,'2017-05-15 17:43:30'),(19629,181,'(2896, 2963)',NULL,'2017-05-15 17:43:30'),(19630,181,'(2964, 3031)',NULL,'2017-05-15 17:43:30'),(19631,181,'(3032, 3094)',NULL,'2017-05-15 17:43:30'),(19632,181,'(3095, 3154)',NULL,'2017-05-15 17:43:30'),(19633,181,'(3155, 3224)',NULL,'2017-05-15 17:43:30'),(19634,181,'(3225, 3295)',NULL,'2017-05-15 17:43:30'),(19635,181,'(3296, 3365)',NULL,'2017-05-15 17:43:30'),(19636,181,'(3366, 3436)',NULL,'2017-05-15 17:43:30'),(19637,181,'(3437, 3505)',NULL,'2017-05-15 17:43:30'),(19638,181,'(3506, 3576)',NULL,'2017-05-15 17:43:30'),(19639,181,'(3577, 3615)',NULL,'2017-05-15 17:43:30'),(19640,181,'(3616, 3761)',NULL,'2017-05-15 17:43:30'),(19641,181,'(3762, 3821)',NULL,'2017-05-15 17:43:30'),(19642,181,'(3822, 3884)',NULL,'2017-05-15 17:43:30'),(19643,181,'(3885, 3947)',NULL,'2017-05-15 17:43:30'),(19644,181,'(3948, 4003)',NULL,'2017-05-15 17:43:30'),(19645,181,'(4004, 4045)',NULL,'2017-05-15 17:43:30'),(19646,181,'(4046, 4055)',NULL,'2017-05-15 17:43:30'),(19647,181,'(4056, 4643)',NULL,'2017-05-15 17:43:30'),(19648,181,'(3999, 4003)',NULL,'2017-05-15 17:43:30'),(19649,181,'(4649, 4654)',NULL,'2017-05-15 17:43:30'),(19650,181,'(4655, 4953)',NULL,'2017-05-15 17:43:30'),(19651,181,'(4954, 5239)',NULL,'2017-05-15 17:43:30'),(19652,181,'(5240, 5244)',NULL,'2017-05-15 17:43:30'),(19653,181,'(5245, 5253)',NULL,'2017-05-15 17:43:30'),(19654,181,'(5254, 5465)',NULL,'2017-05-15 17:43:30'),(19655,181,'(5466, 5729)',NULL,'2017-05-15 17:43:30'),(19656,181,'(5730, 5830)',NULL,'2017-05-15 17:43:30'),(19657,181,'(5831, 6120)',NULL,'2017-05-15 17:43:30'),(19658,181,'(6121, 6309)',NULL,'2017-05-15 17:43:30'),(19659,181,'(6310, 6332)',NULL,'2017-05-15 17:43:30'),(19660,181,'(6333, 6348)',NULL,'2017-05-15 17:43:30'),(19661,181,'(6349, 6846)',NULL,'2017-05-15 17:43:30'),(19662,181,'(6847, 6973)',NULL,'2017-05-15 17:43:30'),(19663,181,'(6974, 6987)',NULL,'2017-05-15 17:43:30'),(19664,181,'(6988, 7055)',NULL,'2017-05-15 17:43:30'),(19665,181,'(7056, 7074)',NULL,'2017-05-15 17:43:30'),(19666,181,'(7075, 7579)',NULL,'2017-05-15 17:43:30'),(19667,181,'(7580, 7749)',NULL,'2017-05-15 17:43:30'),(19668,181,'(7750, 7873)',NULL,'2017-05-15 17:43:30'),(19669,181,'(7874, 7889)',NULL,'2017-05-15 17:43:30'),(19670,181,'(7890, 8397)',NULL,'2017-05-15 17:43:30'),(19671,181,'(8398, 8490)',NULL,'2017-05-15 17:43:30'),(19672,181,'(8491, 8525)',NULL,'2017-05-15 17:43:30'),(19673,181,'(8526, 8949)',NULL,'2017-05-15 17:43:30'),(19674,181,'(8950, 9416)',NULL,'2017-05-15 17:43:30'),(19675,181,'(9417, 9438)',NULL,'2017-05-15 17:43:30'),(19676,181,'(9439, 9837)',NULL,'2017-05-15 17:43:30'),(19677,181,'(9838, 9862)',NULL,'2017-05-15 17:43:30'),(19678,181,'(9863, 9873)',NULL,'2017-05-15 17:43:30'),(19679,181,'(9874, 10052)',NULL,'2017-05-15 17:43:30'),(19680,181,'(10053, 10273)',NULL,'2017-05-15 17:43:30'),(19681,181,'(10274, 10316)',NULL,'2017-05-15 17:43:30'),(19682,181,'(10317, 10335)',NULL,'2017-05-15 17:43:30'),(19683,181,'(10336, 10471)',NULL,'2017-05-15 17:43:30'),(19684,181,'(10472, 10476)',NULL,'2017-05-15 17:43:30'),(19685,181,'(10477, 10484)',NULL,'2017-05-15 17:43:30'),(19686,181,'(10485, 10746)',NULL,'2017-05-15 17:43:30'),(19687,181,'(10747, 10751)',NULL,'2017-05-15 17:43:30'),(19688,181,'(10752, 10759)',NULL,'2017-05-15 17:43:30'),(19689,181,'(10760, 11006)',NULL,'2017-05-15 17:43:30'),(19690,181,'(11007, 11202)',NULL,'2017-05-15 17:43:30'),(19691,181,'(11203, 11207)',NULL,'2017-05-15 17:43:30'),(19692,181,'(11208, 11226)',NULL,'2017-05-15 17:43:30'),(19693,181,'(11227, 11674)',NULL,'2017-05-15 17:43:30'),(19694,181,'(11675, 11735)',NULL,'2017-05-15 17:43:30'),(19695,181,'(11736, 11753)',NULL,'2017-05-15 17:43:30'),(19696,181,'(11754, 12113)',NULL,'2017-05-15 17:43:30'),(19697,181,'(12114, 12145)',NULL,'2017-05-15 17:43:30'),(19698,181,'(12146, 12523)',NULL,'2017-05-15 17:43:30'),(19699,181,'(12524, 12937)',NULL,'2017-05-15 17:43:30'),(19700,181,'(12938, 13170)',NULL,'2017-05-15 17:43:30'),(19701,181,'(13171, 13388)',NULL,'2017-05-15 17:43:30'),(19702,181,'(13389, 13415)',NULL,'2017-05-15 17:43:30'),(19703,181,'(13416, 13433)',NULL,'2017-05-15 17:43:30'),(19704,181,'(13434, 15446)',NULL,'2017-05-15 17:43:30'),(19705,181,'(15447, 15560)',NULL,'2017-05-15 17:43:30'),(19706,181,'(15561, 15611)',NULL,'2017-05-15 17:43:30'),(19707,181,'(15612, 16054)',NULL,'2017-05-15 17:43:30'),(19708,181,'(16055, 16427)',NULL,'2017-05-15 17:43:30'),(19709,181,'(16428, 16691)',NULL,'2017-05-15 17:43:30'),(19710,181,'(16692, 16804)',NULL,'2017-05-15 17:43:30'),(19711,181,'(16805, 16957)',NULL,'2017-05-15 17:43:30'),(19712,181,'(16958, 16962)',NULL,'2017-05-15 17:43:30'),(19713,181,'(16963, 16986)',NULL,'2017-05-15 17:43:30'),(19714,181,'(16987, 17423)',NULL,'2017-05-15 17:43:30'),(19715,181,'(17424, 17428)',NULL,'2017-05-15 17:43:30'),(19716,181,'(17429, 17450)',NULL,'2017-05-15 17:43:30'),(19717,181,'(17451, 17673)',NULL,'2017-05-15 17:43:30'),(19718,181,'(17674, 17712)',NULL,'2017-05-15 17:43:30'),(19719,181,'(17713, 17737)',NULL,'2017-05-15 17:43:30'),(19720,181,'(17738, 18188)',NULL,'2017-05-15 17:43:30'),(19721,181,'(18189, 18470)',NULL,'2017-05-15 17:43:30'),(19722,181,'(18471, 18516)',NULL,'2017-05-15 17:43:30'),(19723,181,'(18517, 18556)',NULL,'2017-05-15 17:43:30'),(19724,181,'(18557, 18781)',NULL,'2017-05-15 17:43:30'),(19725,181,'(18782, 19037)',NULL,'2017-05-15 17:43:30'),(19726,181,'(19038, 19220)',NULL,'2017-05-15 17:43:30'),(19727,181,'(19221, 19601)',NULL,'2017-05-15 17:43:30'),(19728,181,'(19602, 19799)',NULL,'2017-05-15 17:43:30'),(19729,181,'(19800, 20197)',NULL,'2017-05-15 17:43:30'),(19730,181,'(20198, 20368)',NULL,'2017-05-15 17:43:30'),(19731,181,'(20369, 20373)',NULL,'2017-05-15 17:43:30'),(19732,181,'(20374, 20416)',NULL,'2017-05-15 17:43:30'),(19733,181,'(20417, 20656)',NULL,'2017-05-15 17:43:30'),(19734,181,'(20657, 20914)',NULL,'2017-05-15 17:43:30'),(19735,181,'(20915, 21100)',NULL,'2017-05-15 17:43:30'),(19736,181,'(19221, 19601)',NULL,'2017-05-15 17:43:30'),(19737,181,'(21482, 21684)',NULL,'2017-05-15 17:43:31'),(19738,181,'(21685, 22091)',NULL,'2017-05-15 17:43:31'),(19739,181,'(22092, 22265)',NULL,'2017-05-15 17:43:31'),(19740,181,'(22266, 22294)',NULL,'2017-05-15 17:43:31'),(19741,181,'(22295, 22307)',NULL,'2017-05-15 17:43:31'),(19742,181,'(22308, 22726)',NULL,'2017-05-15 17:43:31'),(19743,181,'(22727, 22800)',NULL,'2017-05-15 17:43:31'),(19744,181,'(22801, 23026)',NULL,'2017-05-15 17:43:31'),(19745,181,'(23027, 23126)',NULL,'2017-05-15 17:43:31'),(19746,181,'(23127, 23176)',NULL,'2017-05-15 17:43:31'),(19747,181,'(23177, 23209)',NULL,'2017-05-15 17:43:31'),(19748,181,'(23210, 23226)',NULL,'2017-05-15 17:43:31'),(19749,181,'(23227, 23841)',NULL,'2017-05-15 17:43:31'),(19750,181,'(3219, 3224)',NULL,'2017-05-15 17:43:31'),(19751,181,'(23848, 23870)',NULL,'2017-05-15 17:43:31'),(19752,181,'(23871, 24288)',NULL,'2017-05-15 17:43:31'),(19753,181,'(24289, 25826)',NULL,'2017-05-15 17:43:31'),(19754,181,'(25827, 25851)',NULL,'2017-05-15 17:43:31'),(19755,181,'(25852, 25860)',NULL,'2017-05-15 17:43:31'),(19756,181,'(25861, 26776)',NULL,'2017-05-15 17:43:31'),(19757,181,'(26777, 27363)',NULL,'2017-05-15 17:43:31'),(19758,181,'(27364, 27371)',NULL,'2017-05-15 17:43:31'),(19759,181,'(27372, 27626)',NULL,'2017-05-15 17:43:31'),(19760,181,'(27627, 27657)',NULL,'2017-05-15 17:43:31'),(19761,181,'(27658, 27683)',NULL,'2017-05-15 17:43:31'),(19762,181,'(27684, 27904)',NULL,'2017-05-15 17:43:31'),(19763,181,'(27905, 28211)',NULL,'2017-05-15 17:43:31'),(19764,181,'(28212, 28217)',NULL,'2017-05-15 17:43:31'),(19765,181,'(28218, 28248)',NULL,'2017-05-15 17:43:31'),(19766,181,'(28249, 28626)',NULL,'2017-05-15 17:43:31'),(19767,181,'(28627, 28687)',NULL,'2017-05-15 17:43:31'),(19768,181,'(28688, 28693)',NULL,'2017-05-15 17:43:31'),(19769,181,'(28694, 28716)',NULL,'2017-05-15 17:43:31'),(19770,181,'(28717, 29068)',NULL,'2017-05-15 17:43:31'),(19771,181,'(29069, 29074)',NULL,'2017-05-15 17:43:31'),(19772,181,'(29075, 29084)',NULL,'2017-05-15 17:43:31'),(19773,181,'(29085, 29261)',NULL,'2017-05-15 17:43:31'),(19774,181,'(29262, 29270)',NULL,'2017-05-15 17:43:31'),(19775,181,'(29271, 29288)',NULL,'2017-05-15 17:43:31'),(19776,181,'(29289, 29673)',NULL,'2017-05-15 17:43:31'),(19777,181,'(29674, 29679)',NULL,'2017-05-15 17:43:31'),(19778,181,'(29680, 29709)',NULL,'2017-05-15 17:43:31'),(19779,181,'(29710, 29879)',NULL,'2017-05-15 17:43:31'),(19780,181,'(29880, 29885)',NULL,'2017-05-15 17:43:31'),(19781,181,'(29886, 29895)',NULL,'2017-05-15 17:43:31'),(19782,181,'(29896, 30074)',NULL,'2017-05-15 17:43:31'),(19783,181,'(30075, 30080)',NULL,'2017-05-15 17:43:31'),(19784,181,'(30081, 30096)',NULL,'2017-05-15 17:43:31'),(19785,181,'(30097, 30312)',NULL,'2017-05-15 17:43:31'),(19786,181,'(30313, 30318)',NULL,'2017-05-15 17:43:31'),(19787,181,'(30319, 30332)',NULL,'2017-05-15 17:43:31'),(19788,181,'(30333, 30485)',NULL,'2017-05-15 17:43:31'),(19789,181,'(30486, 30492)',NULL,'2017-05-15 17:43:31'),(19790,181,'(30493, 30504)',NULL,'2017-05-15 17:43:31'),(19791,181,'(30505, 30621)',NULL,'2017-05-15 17:43:31'),(19792,181,'(30622, 30733)',NULL,'2017-05-15 17:43:31'),(19793,181,'(30734, 31101)',NULL,'2017-05-15 17:43:31'),(19794,181,'(31102, 31697)',NULL,'2017-05-15 17:43:31'),(19795,181,'(2622, 2624)',NULL,'2017-05-15 17:43:31'),(19796,181,'(31701, 31715)',NULL,'2017-05-15 17:43:31'),(19797,181,'(31716, 31974)',NULL,'2017-05-15 17:43:31'),(19798,181,'(1622, 1624)',NULL,'2017-05-15 17:43:31'),(19799,181,'(31978, 32003)',NULL,'2017-05-15 17:43:31'),(19800,181,'(32004, 32255)',NULL,'2017-05-15 17:43:31'),(19801,181,'(5242, 5244)',NULL,'2017-05-15 17:43:31'),(19802,181,'(32259, 32272)',NULL,'2017-05-15 17:43:31'),(19803,181,'(32273, 32410)',NULL,'2017-05-15 17:43:31'),(19804,181,'(32411, 32663)',NULL,'2017-05-15 17:43:31'),(19805,181,'(32664, 33021)',NULL,'2017-05-15 17:43:31'),(19806,181,'(7747, 7749)',NULL,'2017-05-15 17:43:31'),(19807,181,'(33025, 33041)',NULL,'2017-05-15 17:43:31'),(19808,181,'(33042, 33255)',NULL,'2017-05-15 17:43:31'),(19809,181,'(33256, 33367)',NULL,'2017-05-15 17:43:31'),(19810,181,'(10312, 10314)',NULL,'2017-05-15 17:43:31'),(19811,181,'(33371, 33891)',NULL,'2017-05-15 17:43:31'),(19812,181,'(33892, 33976)',NULL,'2017-05-15 17:43:31'),(19813,181,'(33977, 34138)',NULL,'2017-05-15 17:43:31'),(19814,181,'(34139, 34332)',NULL,'2017-05-15 17:43:31'),(19815,181,'(34333, 34403)',NULL,'2017-05-15 17:43:31'),(19816,181,'(2685, 2687)',NULL,'2017-05-15 17:43:31'),(19817,181,'(34407, 34424)',NULL,'2017-05-15 17:43:31'),(19818,181,'(34425, 34638)',NULL,'2017-05-15 17:43:31'),(19819,181,'(34639, 34909)',NULL,'2017-05-15 17:43:31'),(19820,181,'(2829, 2831)',NULL,'2017-05-15 17:43:31'),(19821,181,'(34913, 34952)',NULL,'2017-05-15 17:43:31'),(19822,181,'(34953, 35082)',NULL,'2017-05-15 17:43:31'),(19823,181,'(35083, 35326)',NULL,'2017-05-15 17:43:31'),(19824,181,'(35327, 35488)',NULL,'2017-05-15 17:43:31'),(19825,181,'(35489, 35781)',NULL,'2017-05-15 17:43:31'),(19826,181,'(35782, 35786)',NULL,'2017-05-15 17:43:31'),(19827,181,'(35787, 35796)',NULL,'2017-05-15 17:43:31'),(19828,181,'(35797, 35891)',NULL,'2017-05-15 17:43:31'),(19829,181,'(35892, 36051)',NULL,'2017-05-15 17:43:31'),(19830,181,'(36052, 36313)',NULL,'2017-05-15 17:43:31'),(19831,181,'(36314, 36431)',NULL,'2017-05-15 17:43:31'),(19832,181,'(36432, 36541)',NULL,'2017-05-15 17:43:31'),(19833,181,'(36542, 36612)',NULL,'2017-05-15 17:43:31'),(19834,181,'(36613, 36856)',NULL,'2017-05-15 17:43:31'),(19835,181,'(36857, 37146)',NULL,'2017-05-15 17:43:31'),(19836,181,'(18512, 18514)',NULL,'2017-05-15 17:43:31'),(19837,181,'(37150, 37188)',NULL,'2017-05-15 17:43:31'),(19838,181,'(12521, 12523)',NULL,'2017-05-15 17:43:31'),(19839,181,'(37192, 38189)',NULL,'2017-05-15 17:43:31'),(19840,181,'(38190, 38351)',NULL,'2017-05-15 17:43:31'),(19841,181,'(38352, 38454)',NULL,'2017-05-15 17:43:31'),(19842,181,'(38455, 38549)',NULL,'2017-05-15 17:43:31'),(19843,181,'(38550, 38723)',NULL,'2017-05-15 17:43:31'),(19844,181,'(38724, 38900)',NULL,'2017-05-15 17:43:31'),(19845,181,'(38901, 39074)',NULL,'2017-05-15 17:43:31'),(19846,181,'(39075, 39278)',NULL,'2017-05-15 17:43:31'),(19847,181,'(39279, 39560)',NULL,'2017-05-15 17:43:31'),(19848,181,'(39561, 39797)',NULL,'2017-05-15 17:43:31'),(19849,181,'(39798, 40121)',NULL,'2017-05-15 17:43:31'),(19850,181,'(40122, 40381)',NULL,'2017-05-15 17:43:31'),(19851,181,'(40382, 40566)',NULL,'2017-05-15 17:43:31'),(19852,181,'(40567, 41284)',NULL,'2017-05-15 17:43:31'),(19853,181,'(41285, 41484)',NULL,'2017-05-15 17:43:31'),(19854,181,'(3879, 3882)',NULL,'2017-05-15 17:43:31'),(19855,181,'(41489, 41528)',NULL,'2017-05-15 17:43:31'),(19856,181,'(41529, 41744)',NULL,'2017-05-15 17:43:31'),(19857,181,'(41745, 42137)',NULL,'2017-05-15 17:43:31'),(19858,181,'(42138, 43168)',NULL,'2017-05-15 17:43:31'),(19859,181,'(43169, 43283)',NULL,'2017-05-15 17:43:31'),(19860,181,'(43284, 43494)',NULL,'2017-05-15 17:43:31'),(19861,181,'(3219, 3222)',NULL,'2017-05-15 17:43:31'),(19862,181,'(43499, 43520)',NULL,'2017-05-15 17:43:31'),(19863,181,'(12521, 12523)',NULL,'2017-05-15 17:43:31'),(19864,181,'(43524, 45713)',NULL,'2017-05-15 17:43:31'),(19865,181,'(39279, 39281)',NULL,'2017-05-15 17:43:31'),(19866,181,'(45717, 46809)',NULL,'2017-05-15 17:43:31'),(19867,181,'(46810, 46962)',NULL,'2017-05-15 17:43:31'),(19868,181,'(46963, 47147)',NULL,'2017-05-15 17:43:31'),(19869,181,'(47148, 47409)',NULL,'2017-05-15 17:43:31'),(19870,181,'(25846, 25849)',NULL,'2017-05-15 17:43:31'),(19871,181,'(47414, 47422)',NULL,'2017-05-15 17:43:31'),(19872,181,'(12521, 12523)',NULL,'2017-05-15 17:43:31'),(19873,181,'(47426, 47444)',NULL,'2017-05-15 17:43:31'),(19874,181,'(47445, 47640)',NULL,'2017-05-15 17:43:31'),(19875,181,'(47641, 47802)',NULL,'2017-05-15 17:43:31'),(19876,181,'(47803, 47962)',NULL,'2017-05-15 17:43:31'),(19877,181,'(47963, 48695)',NULL,'2017-05-15 17:43:31'),(19878,181,'(48696, 48700)',NULL,'2017-05-15 17:43:31'),(19879,181,'(48701, 48713)',NULL,'2017-05-15 17:43:31'),(19880,181,'(48714, 48834)',NULL,'2017-05-15 17:43:31'),(19881,181,'(48835, 49090)',NULL,'2017-05-15 17:43:31'),(19882,181,'(49091, 49128)',NULL,'2017-05-15 17:43:31'),(19883,181,'(49129, 49672)',NULL,'2017-05-15 17:43:31'),(19884,181,'(49673, 49684)',NULL,'2017-05-15 17:43:31'),(19885,181,'(49685, 50060)',NULL,'2017-05-15 17:43:31'),(19886,181,'(50061, 50106)',NULL,'2017-05-15 17:43:31'),(19887,181,'(50107, 50470)',NULL,'2017-05-15 17:43:31'),(19888,181,'(50471, 50681)',NULL,'2017-05-15 17:43:31'),(19889,181,'(50682, 50694)',NULL,'2017-05-15 17:43:31'),(19890,181,'(50695, 50928)',NULL,'2017-05-15 17:43:31'),(19891,181,'(50929, 50956)',NULL,'2017-05-15 17:43:31'),(19892,181,'(50957, 51158)',NULL,'2017-05-15 17:43:31'),(19893,181,'(51159, 51175)',NULL,'2017-05-15 17:43:31'),(19894,181,'(51176, 51469)',NULL,'2017-05-15 17:43:31'),(19895,181,'(51470, 51472)',NULL,'2017-05-15 17:43:31'),(19896,181,'(51473, 51493)',NULL,'2017-05-15 17:43:31'),(19897,181,'(51494, 51853)',NULL,'2017-05-15 17:43:31'),(19898,181,'(51854, 51856)',NULL,'2017-05-15 17:43:31'),(19899,181,'(22295, 22307)',NULL,'2017-05-15 17:43:31'),(19900,181,'(51870, 51999)',NULL,'2017-05-15 17:43:31'),(19901,181,'(52000, 52291)',NULL,'2017-05-15 17:43:31'),(19902,181,'(52292, 52354)',NULL,'2017-05-15 17:43:31'),(19903,181,'(52355, 52414)',NULL,'2017-05-15 17:43:31'),(19904,181,'(52415, 52432)',NULL,'2017-05-15 17:43:31'),(19905,181,'(52433, 52531)',NULL,'2017-05-15 17:43:31'),(19906,181,'(52532, 52552)',NULL,'2017-05-15 17:43:31'),(19907,181,'(52553, 52728)',NULL,'2017-05-15 17:43:31'),(19908,181,'(52729, 52828)',NULL,'2017-05-15 17:43:31'),(19909,181,'(52829, 53055)',NULL,'2017-05-15 17:43:31'),(19910,181,'(53056, 53302)',NULL,'2017-05-15 17:43:31'),(19911,181,'(53303, 53370)',NULL,'2017-05-15 17:43:31'),(19912,181,'(30761, 30783)',NULL,'2017-05-15 17:43:31'),(19913,181,'(53394, 53720)',NULL,'2017-05-15 17:43:31'),(19914,181,'(53721, 53781)',NULL,'2017-05-15 17:43:31'),(19915,181,'(53782, 54108)',NULL,'2017-05-15 17:43:31'),(19916,181,'(54109, 54283)',NULL,'2017-05-15 17:43:31'),(19917,181,'(54284, 55144)',NULL,'2017-05-15 17:43:31'),(19918,181,'(55145, 55506)',NULL,'2017-05-15 17:43:31'),(19919,181,'(55507, 56085)',NULL,'2017-05-15 17:43:31'),(19920,181,'(56086, 56097)',NULL,'2017-05-15 17:43:31'),(19921,181,'(56098, 56364)',NULL,'2017-05-15 17:43:31'),(19922,181,'(56365, 56557)',NULL,'2017-05-15 17:43:31'),(19923,181,'(56558, 56786)',NULL,'2017-05-15 17:43:31'),(19924,181,'(56787, 56973)',NULL,'2017-05-15 17:43:31'),(19925,181,'(56974, 57152)',NULL,'2017-05-15 17:43:31'),(19926,181,'(57153, 57445)',NULL,'2017-05-15 17:43:31'),(19927,181,'(57446, 57526)',NULL,'2017-05-15 17:43:31'),(19928,181,'(57527, 57539)',NULL,'2017-05-15 17:43:31'),(19929,181,'(57540, 57919)',NULL,'2017-05-15 17:43:31'),(19930,181,'(57920, 58274)',NULL,'2017-05-15 17:43:31'),(19931,181,'(58275, 58513)',NULL,'2017-05-15 17:43:31'),(19932,181,'(58514, 58909)',NULL,'2017-05-15 17:43:31'),(19933,181,'(58910, 58923)',NULL,'2017-05-15 17:43:31'),(19934,181,'(58924, 59052)',NULL,'2017-05-15 17:43:31'),(19935,181,'(59053, 59314)',NULL,'2017-05-15 17:43:31'),(19936,181,'(59315, 59438)',NULL,'2017-05-15 17:43:31'),(19937,181,'(59439, 59738)',NULL,'2017-05-15 17:43:31'),(19938,181,'(59739, 60344)',NULL,'2017-05-15 17:43:31'),(19939,181,'(60345, 60798)',NULL,'2017-05-15 17:43:31'),(19940,181,'(60799, 61197)',NULL,'2017-05-15 17:43:31'),(19941,181,'(61198, 61376)',NULL,'2017-05-15 17:43:31'),(19942,181,'(61377, 61513)',NULL,'2017-05-15 17:43:31'),(19943,181,'(61514, 61759)',NULL,'2017-05-15 17:43:31'),(19944,181,'(61760, 62046)',NULL,'2017-05-15 17:43:31'),(19945,181,'(62047, 62226)',NULL,'2017-05-15 17:43:31'),(19946,181,'(62227, 62373)',NULL,'2017-05-15 17:43:31'),(19947,181,'(52000, 52291)',NULL,'2017-05-15 17:43:31'),(19948,181,'(52292, 52354)',NULL,'2017-05-15 17:43:31'),(19949,181,'(52355, 52414)',NULL,'2017-05-15 17:43:31'),(19950,181,'(62789, 62989)',NULL,'2017-05-15 17:43:31'),(19951,181,'(62990, 63430)',NULL,'2017-05-15 17:43:31'),(19952,181,'(63431, 63442)',NULL,'2017-05-15 17:43:31'),(19953,181,'(63443, 63899)',NULL,'2017-05-15 17:43:31'),(19954,181,'(63900, 64215)',NULL,'2017-05-15 17:43:31'),(19955,181,'(64216, 64389)',NULL,'2017-05-15 17:43:31'),(19956,181,'(53319, 53370)',NULL,'2017-05-15 17:43:31'),(19957,181,'(64442, 64786)',NULL,'2017-05-15 17:43:31'),(19958,181,'(64787, 64968)',NULL,'2017-05-15 17:43:31'),(19959,182,'(0, 408)',NULL,'2017-05-16 20:26:37'),(19960,182,'(409, 791)',NULL,'2017-05-16 20:26:37'),(19961,182,'(792, 842)',NULL,'2017-05-16 20:26:37'),(19962,182,'(843, 897)',NULL,'2017-05-16 20:26:37'),(19963,182,'(898, 985)',NULL,'2017-05-16 20:26:37'),(19964,182,'(986, 1261)',NULL,'2017-05-16 20:26:37'),(19965,182,'(1262, 1321)',NULL,'2017-05-16 20:26:37'),(19966,182,'(1322, 1376)',NULL,'2017-05-16 20:26:37'),(19967,182,'(1377, 1438)',NULL,'2017-05-16 20:26:37'),(19968,182,'(1439, 1628)',NULL,'2017-05-16 20:26:37'),(19969,182,'(1629, 1687)',NULL,'2017-05-16 20:26:37'),(19970,182,'(1688, 1771)',NULL,'2017-05-16 20:26:37'),(19971,182,'(1772, 2025)',NULL,'2017-05-16 20:26:37'),(19972,182,'(2026, 2087)',NULL,'2017-05-16 20:26:37'),(19973,182,'(2088, 2249)',NULL,'2017-05-16 20:26:37'),(19974,182,'(2250, 2414)',NULL,'2017-05-16 20:26:37'),(19975,182,'(2415, 2604)',NULL,'2017-05-16 20:26:37'),(19976,182,'(2605, 2772)',NULL,'2017-05-16 20:26:37'),(19977,182,'(2773, 2904)',NULL,'2017-05-16 20:26:37'),(19978,182,'(2905, 2991)',NULL,'2017-05-16 20:26:37'),(19979,182,'(2992, 3091)',NULL,'2017-05-16 20:26:37'),(19980,182,'(3092, 3232)',NULL,'2017-05-16 20:26:37'),(19981,182,'(3233, 3287)',NULL,'2017-05-16 20:26:37'),(19982,182,'(3288, 3597)',NULL,'2017-05-16 20:26:37'),(19983,182,'(3598, 3716)',NULL,'2017-05-16 20:26:37'),(19984,182,'(3717, 3808)',NULL,'2017-05-16 20:26:37'),(19985,182,'(3809, 3943)',NULL,'2017-05-16 20:26:37'),(19986,182,'(3944, 4347)',NULL,'2017-05-16 20:26:38'),(19987,182,'(4348, 4854)',NULL,'2017-05-16 20:26:38'),(19988,182,'(4855, 4948)',NULL,'2017-05-16 20:26:38'),(19989,182,'(4949, 5028)',NULL,'2017-05-16 20:26:38'),(19990,182,'(5029, 5152)',NULL,'2017-05-16 20:26:38'),(19991,182,'(5153, 5334)',NULL,'2017-05-16 20:26:38'),(19992,182,'(5335, 5359)',NULL,'2017-05-16 20:26:38'),(19993,182,'(5360, 5565)',NULL,'2017-05-16 20:26:38'),(19994,182,'(5566, 5651)',NULL,'2017-05-16 20:26:38'),(19995,182,'(5652, 5869)',NULL,'2017-05-16 20:26:38'),(19996,182,'(5870, 6047)',NULL,'2017-05-16 20:26:38'),(19997,182,'(6048, 6333)',NULL,'2017-05-16 20:26:38'),(19998,182,'(6334, 7888)',NULL,'2017-05-16 20:26:38'),(19999,182,'(4949, 5028)',NULL,'2017-05-16 20:26:38'),(20000,182,'(7969, 8474)',NULL,'2017-05-16 20:26:38'),(20001,182,'(8475, 8615)',NULL,'2017-05-16 20:26:38'),(20002,182,'(8616, 8916)',NULL,'2017-05-16 20:26:38'),(20003,182,'(8917, 9221)',NULL,'2017-05-16 20:26:38'),(20004,182,'(9222, 9365)',NULL,'2017-05-16 20:26:38'),(20005,182,'(9366, 9636)',NULL,'2017-05-16 20:26:38'),(20006,182,'(9637, 9841)',NULL,'2017-05-16 20:26:38'),(20007,182,'(9842, 10004)',NULL,'2017-05-16 20:26:38'),(20008,182,'(10005, 10169)',NULL,'2017-05-16 20:26:38'),(20009,182,'(10170, 10522)',NULL,'2017-05-16 20:26:38'),(20010,182,'(10523, 10658)',NULL,'2017-05-16 20:26:38'),(20011,182,'(10659, 10926)',NULL,'2017-05-16 20:26:38'),(20012,182,'(10927, 11098)',NULL,'2017-05-16 20:26:38'),(20013,182,'(11099, 11240)',NULL,'2017-05-16 20:26:38'),(20014,182,'(11241, 11296)',NULL,'2017-05-16 20:26:38'),(20015,182,'(11297, 11424)',NULL,'2017-05-16 20:26:38'),(20016,182,'(11425, 11483)',NULL,'2017-05-16 20:26:38'),(20017,182,'(11484, 11620)',NULL,'2017-05-16 20:26:38'),(20018,182,'(11621, 11724)',NULL,'2017-05-16 20:26:38'),(20019,182,'(11725, 11828)',NULL,'2017-05-16 20:26:38'),(20020,182,'(11829, 11971)',NULL,'2017-05-16 20:26:38'),(20021,182,'(11972, 12075)',NULL,'2017-05-16 20:26:38'),(20022,182,'(12076, 12516)',NULL,'2017-05-16 20:26:38'),(20023,182,'(12517, 12758)',NULL,'2017-05-16 20:26:38'),(20024,182,'(12759, 13505)',NULL,'2017-05-16 20:26:38'),(20025,182,'(13506, 13771)',NULL,'2017-05-16 20:26:38'),(20026,182,'(13772, 13880)',NULL,'2017-05-16 20:26:38'),(20027,182,'(4855, 4948)',NULL,'2017-05-16 20:26:38'),(20028,182,'(4949, 5028)',NULL,'2017-05-16 20:26:38'),(20029,182,'(14055, 14453)',NULL,'2017-05-16 20:26:38'),(20030,182,'(14454, 14589)',NULL,'2017-05-16 20:26:38'),(20031,182,'(14590, 14927)',NULL,'2017-05-16 20:26:38'),(20032,182,'(14928, 15280)',NULL,'2017-05-16 20:26:38'),(20033,182,'(15281, 15536)',NULL,'2017-05-16 20:26:38'),(20034,182,'(15537, 15930)',NULL,'2017-05-16 20:26:38'),(20035,182,'(15931, 16250)',NULL,'2017-05-16 20:26:38'),(20036,182,'(16251, 16772)',NULL,'2017-05-16 20:26:38'),(20037,182,'(16773, 17127)',NULL,'2017-05-16 20:26:38'),(20038,182,'(17128, 17269)',NULL,'2017-05-16 20:26:38'),(20039,182,'(17270, 17687)',NULL,'2017-05-16 20:26:38'),(20040,182,'(17688, 18120)',NULL,'2017-05-16 20:26:38'),(20041,182,'(18121, 18314)',NULL,'2017-05-16 20:26:38'),(20042,182,'(18315, 18383)',NULL,'2017-05-16 20:26:38'),(20043,182,'(18384, 18964)',NULL,'2017-05-16 20:26:38'),(20044,182,'(18965, 19397)',NULL,'2017-05-16 20:26:38'),(20045,182,'(19398, 19583)',NULL,'2017-05-16 20:26:38'),(20046,182,'(19584, 19761)',NULL,'2017-05-16 20:26:38'),(20047,182,'(19762, 19977)',NULL,'2017-05-16 20:26:38'),(20048,182,'(19978, 20217)',NULL,'2017-05-16 20:26:38'),(20049,182,'(4949, 5028)',NULL,'2017-05-16 20:26:38'),(20050,182,'(20298, 20352)',NULL,'2017-05-16 20:26:38'),(20051,182,'(20353, 20615)',NULL,'2017-05-16 20:26:38'),(20052,182,'(20616, 20794)',NULL,'2017-05-16 20:26:38'),(20053,182,'(20795, 21072)',NULL,'2017-05-16 20:26:38'),(20054,182,'(21073, 21175)',NULL,'2017-05-16 20:26:38'),(20055,182,'(21176, 21361)',NULL,'2017-05-16 20:26:38'),(20056,182,'(21362, 21746)',NULL,'2017-05-16 20:26:38'),(20057,182,'(21747, 21801)',NULL,'2017-05-16 20:26:38'),(20058,182,'(21802, 22234)',NULL,'2017-05-16 20:26:38'),(20059,182,'(22235, 22334)',NULL,'2017-05-16 20:26:38'),(20060,182,'(22335, 22582)',NULL,'2017-05-16 20:26:38'),(20061,182,'(22583, 22707)',NULL,'2017-05-16 20:26:38'),(20062,182,'(22708, 22881)',NULL,'2017-05-16 20:26:38'),(20063,182,'(22882, 22989)',NULL,'2017-05-16 20:26:38'),(20064,182,'(22990, 23216)',NULL,'2017-05-16 20:26:38'),(20065,182,'(23217, 23293)',NULL,'2017-05-16 20:26:38'),(20066,182,'(23294, 23434)',NULL,'2017-05-16 20:26:38'),(20067,182,'(23435, 23698)',NULL,'2017-05-16 20:26:38'),(20068,182,'(23699, 23940)',NULL,'2017-05-16 20:26:38'),(20069,182,'(23941, 24038)',NULL,'2017-05-16 20:26:38'),(20070,182,'(24039, 24196)',NULL,'2017-05-16 20:26:38'),(20071,182,'(24197, 24410)',NULL,'2017-05-16 20:26:38'),(20072,182,'(24411, 24662)',NULL,'2017-05-16 20:26:38'),(20073,182,'(24663, 24863)',NULL,'2017-05-16 20:26:38'),(20074,182,'(24864, 25142)',NULL,'2017-05-16 20:26:38'),(20075,182,'(25143, 25382)',NULL,'2017-05-16 20:26:38'),(20076,182,'(25383, 25682)',NULL,'2017-05-16 20:26:38'),(20077,182,'(25683, 26352)',NULL,'2017-05-16 20:26:38'),(20078,182,'(26353, 26465)',NULL,'2017-05-16 20:26:38'),(20079,182,'(26466, 26653)',NULL,'2017-05-16 20:26:38'),(20080,182,'(26654, 26831)',NULL,'2017-05-16 20:26:38'),(20081,182,'(26832, 27529)',NULL,'2017-05-16 20:26:38'),(20082,182,'(27530, 27592)',NULL,'2017-05-16 20:26:38'),(20083,182,'(27593, 27753)',NULL,'2017-05-16 20:26:38'),(20084,182,'(27755, 27889)',NULL,'2017-05-16 20:26:38'),(20085,182,'(27890, 28037)',NULL,'2017-05-16 20:26:38'),(20086,182,'(28038, 28169)',NULL,'2017-05-16 20:26:38'),(20087,182,'(28170, 28297)',NULL,'2017-05-16 20:26:38'),(20088,183,'(0, 444)',NULL,'2017-05-16 20:46:12'),(20089,183,'(445, 554)',NULL,'2017-05-16 20:46:12'),(20090,183,'(555, 670)',NULL,'2017-05-16 20:46:12'),(20091,183,'(671, 857)',NULL,'2017-05-16 20:46:12'),(20092,183,'(858, 1214)',NULL,'2017-05-16 20:46:12'),(20093,183,'(1215, 1457)',NULL,'2017-05-16 20:46:12'),(20094,183,'(1458, 1605)',NULL,'2017-05-16 20:46:12'),(20095,183,'(1606, 1666)',NULL,'2017-05-16 20:46:12'),(20096,183,'(1667, 1820)',NULL,'2017-05-16 20:46:12'),(20097,183,'(1821, 1999)',NULL,'2017-05-16 20:46:12'),(20098,183,'(2000, 2772)',NULL,'2017-05-16 20:46:12'),(20099,183,'(2773, 2787)',NULL,'2017-05-16 20:46:12'),(20100,183,'(2788, 3014)',NULL,'2017-05-16 20:46:12'),(20101,183,'(3015, 3196)',NULL,'2017-05-16 20:46:12'),(20102,183,'(3197, 3364)',NULL,'2017-05-16 20:46:12'),(20103,183,'(3365, 3452)',NULL,'2017-05-16 20:46:12'),(20104,183,'(3453, 3464)',NULL,'2017-05-16 20:46:12'),(20105,183,'(3465, 3592)',NULL,'2017-05-16 20:46:12'),(20106,183,'(3593, 3674)',NULL,'2017-05-16 20:46:12'),(20107,183,'(3675, 3736)',NULL,'2017-05-16 20:46:12'),(20108,183,'(3737, 4004)',NULL,'2017-05-16 20:46:12'),(20109,183,'(4005, 4037)',NULL,'2017-05-16 20:46:12'),(20110,183,'(4038, 4203)',NULL,'2017-05-16 20:46:12'),(20111,183,'(4204, 4523)',NULL,'2017-05-16 20:46:12'),(20112,183,'(4524, 4551)',NULL,'2017-05-16 20:46:12'),(20113,183,'(4552, 4656)',NULL,'2017-05-16 20:46:12'),(20114,183,'(4657, 4679)',NULL,'2017-05-16 20:46:12'),(20115,183,'(4680, 4839)',NULL,'2017-05-16 20:46:12'),(20116,183,'(4840, 4943)',NULL,'2017-05-16 20:46:12'),(20117,183,'(4944, 5189)',NULL,'2017-05-16 20:46:12'),(20118,183,'(5190, 5213)',NULL,'2017-05-16 20:46:12'),(20119,183,'(5214, 5408)',NULL,'2017-05-16 20:46:12'),(20120,183,'(5409, 6082)',NULL,'2017-05-16 20:46:12'),(20121,183,'(6083, 6208)',NULL,'2017-05-16 20:46:12'),(20122,183,'(6209, 6223)',NULL,'2017-05-16 20:46:12'),(20123,183,'(6224, 6333)',NULL,'2017-05-16 20:46:12'),(20124,183,'(6334, 6427)',NULL,'2017-05-16 20:46:12'),(20125,183,'(6428, 6481)',NULL,'2017-05-16 20:46:12'),(20126,183,'(6482, 6550)',NULL,'2017-05-16 20:46:12'),(20127,183,'(6551, 6627)',NULL,'2017-05-16 20:46:12'),(20128,183,'(6628, 6716)',NULL,'2017-05-16 20:46:12'),(20129,183,'(6717, 6830)',NULL,'2017-05-16 20:46:12'),(20130,183,'(6831, 7029)',NULL,'2017-05-16 20:46:12'),(20131,183,'(7030, 7152)',NULL,'2017-05-16 20:46:12'),(20132,183,'(7153, 7308)',NULL,'2017-05-16 20:46:12'),(20133,183,'(7309, 7343)',NULL,'2017-05-16 20:46:12'),(20134,183,'(7344, 7488)',NULL,'2017-05-16 20:46:12'),(20135,183,'(7489, 7505)',NULL,'2017-05-16 20:46:12'),(20136,183,'(7506, 7899)',NULL,'2017-05-16 20:46:12'),(20137,183,'(7900, 7947)',NULL,'2017-05-16 20:46:12'),(20138,183,'(7948, 8092)',NULL,'2017-05-16 20:46:12'),(20139,183,'(8093, 8115)',NULL,'2017-05-16 20:46:12'),(20140,183,'(8116, 8406)',NULL,'2017-05-16 20:46:12'),(20141,183,'(8407, 8419)',NULL,'2017-05-16 20:46:12'),(20142,183,'(8420, 8636)',NULL,'2017-05-16 20:46:12'),(20143,183,'(8637, 8648)',NULL,'2017-05-16 20:46:12'),(20144,183,'(8649, 8743)',NULL,'2017-05-16 20:46:12'),(20145,183,'(8744, 8877)',NULL,'2017-05-16 20:46:12'),(20146,183,'(8878, 8938)',NULL,'2017-05-16 20:46:12'),(20147,183,'(8939, 9067)',NULL,'2017-05-16 20:46:12'),(20148,183,'(9068, 9206)',NULL,'2017-05-16 20:46:12'),(20149,183,'(9207, 9236)',NULL,'2017-05-16 20:46:12'),(20150,183,'(9237, 9588)',NULL,'2017-05-16 20:46:12'),(20151,183,'(9589, 10330)',NULL,'2017-05-16 20:46:12'),(20152,183,'(10331, 10678)',NULL,'2017-05-16 20:46:12'),(20153,183,'(10679, 10861)',NULL,'2017-05-16 20:46:12'),(20154,183,'(10862, 11206)',NULL,'2017-05-16 20:46:12'),(20155,183,'(11207, 11282)',NULL,'2017-05-16 20:46:12'),(20156,183,'(11283, 11888)',NULL,'2017-05-16 20:46:12'),(20157,183,'(11889, 11924)',NULL,'2017-05-16 20:46:12'),(20158,183,'(11925, 12050)',NULL,'2017-05-16 20:46:12'),(20159,183,'(12051, 12074)',NULL,'2017-05-16 20:46:12'),(20160,183,'(12075, 12318)',NULL,'2017-05-16 20:46:12'),(20161,183,'(12319, 12983)',NULL,'2017-05-16 20:46:12'),(20162,183,'(12984, 13333)',NULL,'2017-05-16 20:46:12'),(20163,183,'(13334, 13373)',NULL,'2017-05-16 20:46:12'),(20164,183,'(13374, 13529)',NULL,'2017-05-16 20:46:12'),(20165,183,'(13530, 14001)',NULL,'2017-05-16 20:46:12'),(20166,183,'(14002, 14125)',NULL,'2017-05-16 20:46:12'),(20167,183,'(14126, 14156)',NULL,'2017-05-16 20:46:12'),(20168,183,'(14157, 14520)',NULL,'2017-05-16 20:46:12'),(20169,183,'(14521, 14558)',NULL,'2017-05-16 20:46:12'),(20170,183,'(14559, 14943)',NULL,'2017-05-16 20:46:12'),(20171,183,'(14944, 14959)',NULL,'2017-05-16 20:46:12'),(20172,183,'(14960, 15291)',NULL,'2017-05-16 20:46:12'),(20173,183,'(15292, 15327)',NULL,'2017-05-16 20:46:12'),(20174,183,'(15328, 15621)',NULL,'2017-05-16 20:46:12'),(20175,183,'(15622, 15860)',NULL,'2017-05-16 20:46:12'),(20176,183,'(15861, 16037)',NULL,'2017-05-16 20:46:12'),(20177,183,'(16038, 16237)',NULL,'2017-05-16 20:46:12'),(20178,183,'(16238, 16332)',NULL,'2017-05-16 20:46:12'),(20179,183,'(16333, 16456)',NULL,'2017-05-16 20:46:12'),(20180,183,'(16457, 16546)',NULL,'2017-05-16 20:46:12'),(20181,183,'(16547, 17005)',NULL,'2017-05-16 20:46:12'),(20182,183,'(17006, 17418)',NULL,'2017-05-16 20:46:12'),(20183,183,'(17419, 17548)',NULL,'2017-05-16 20:46:12'),(20184,183,'(17549, 17708)',NULL,'2017-05-16 20:46:12'),(20185,183,'(17709, 17746)',NULL,'2017-05-16 20:46:12'),(20186,183,'(17747, 18267)',NULL,'2017-05-16 20:46:12'),(20187,183,'(18268, 18301)',NULL,'2017-05-16 20:46:12'),(20188,183,'(18302, 18529)',NULL,'2017-05-16 20:46:12'),(20189,183,'(18530, 18695)',NULL,'2017-05-16 20:46:12'),(20190,183,'(18696, 18791)',NULL,'2017-05-16 20:46:12'),(20191,183,'(18792, 18804)',NULL,'2017-05-16 20:46:12'),(20192,183,'(18805, 18995)',NULL,'2017-05-16 20:46:12'),(20193,183,'(18996, 19012)',NULL,'2017-05-16 20:46:12'),(20194,183,'(19013, 19239)',NULL,'2017-05-16 20:46:12'),(20195,183,'(19240, 19259)',NULL,'2017-05-16 20:46:12'),(20196,183,'(19260, 19376)',NULL,'2017-05-16 20:46:12'),(20197,183,'(19377, 19655)',NULL,'2017-05-16 20:46:12'),(20198,183,'(19656, 19685)',NULL,'2017-05-16 20:46:12'),(20199,183,'(19686, 19783)',NULL,'2017-05-16 20:46:12'),(20200,183,'(19784, 19910)',NULL,'2017-05-16 20:46:12'),(20201,183,'(19911, 20272)',NULL,'2017-05-16 20:46:12'),(20202,183,'(20273, 20566)',NULL,'2017-05-16 20:46:12'),(20203,183,'(20567, 20633)',NULL,'2017-05-16 20:46:12'),(20204,183,'(20634, 20902)',NULL,'2017-05-16 20:46:12'),(20205,183,'(20903, 20929)',NULL,'2017-05-16 20:46:12'),(20206,183,'(20930, 21244)',NULL,'2017-05-16 20:46:12'),(20207,183,'(21245, 21512)',NULL,'2017-05-16 20:46:12'),(20208,183,'(21513, 21556)',NULL,'2017-05-16 20:46:12'),(20209,183,'(21557, 21652)',NULL,'2017-05-16 20:46:12'),(20210,183,'(21653, 21799)',NULL,'2017-05-16 20:46:12'),(20211,183,'(1639, 1641)',NULL,'2017-05-16 20:46:12'),(20212,183,'(21803, 21963)',NULL,'2017-05-16 20:46:12'),(20213,183,'(21964, 22056)',NULL,'2017-05-16 20:46:12'),(20214,183,'(22057, 22119)',NULL,'2017-05-16 20:46:12'),(20215,183,'(22120, 22456)',NULL,'2017-05-16 20:46:12'),(20216,183,'(22457, 22568)',NULL,'2017-05-16 20:46:12'),(20217,183,'(22569, 22811)',NULL,'2017-05-16 20:46:12'),(20218,183,'(7334, 7336)',NULL,'2017-05-16 20:46:12'),(20219,183,'(22815, 23265)',NULL,'2017-05-16 20:46:12'),(20220,183,'(7917, 7919)',NULL,'2017-05-16 20:46:12'),(20221,183,'(23269, 23414)',NULL,'2017-05-16 20:46:12'),(20222,183,'(8926, 8928)',NULL,'2017-05-16 20:46:12'),(20223,183,'(23418, 23614)',NULL,'2017-05-16 20:46:12'),(20224,183,'(23615, 23617)',NULL,'2017-05-16 20:46:12'),(20225,183,'(23618, 23851)',NULL,'2017-05-16 20:46:12'),(20226,183,'(23852, 24074)',NULL,'2017-05-16 20:46:12'),(20227,183,'(11222, 11224)',NULL,'2017-05-16 20:46:12'),(20228,183,'(24078, 24201)',NULL,'2017-05-16 20:46:12'),(20229,183,'(24202, 24327)',NULL,'2017-05-16 20:46:12'),(20230,183,'(24328, 24674)',NULL,'2017-05-16 20:46:12'),(20231,183,'(24675, 24803)',NULL,'2017-05-16 20:46:12'),(20232,183,'(24804, 25004)',NULL,'2017-05-16 20:46:12'),(20233,183,'(25005, 25118)',NULL,'2017-05-16 20:46:12'),(20234,183,'(25119, 25305)',NULL,'2017-05-16 20:46:12'),(20235,183,'(25306, 25463)',NULL,'2017-05-16 20:46:12'),(20236,183,'(25464, 25538)',NULL,'2017-05-16 20:46:12'),(20237,183,'(25539, 25706)',NULL,'2017-05-16 20:46:12'),(20238,183,'(25707, 25824)',NULL,'2017-05-16 20:46:12'),(20239,183,'(25825, 25946)',NULL,'2017-05-16 20:46:12'),(20240,183,'(25947, 26076)',NULL,'2017-05-16 20:46:12'),(20241,183,'(26077, 26143)',NULL,'2017-05-16 20:46:12'),(20242,183,'(26144, 26253)',NULL,'2017-05-16 20:46:12'),(20243,183,'(26254, 26362)',NULL,'2017-05-16 20:46:12'),(20244,184,'(0, 129)',NULL,'2017-05-16 21:11:50'),(20245,184,'(130, 258)',NULL,'2017-05-16 21:11:50'),(20246,184,'(259, 459)',NULL,'2017-05-16 21:11:50'),(20247,184,'(460, 573)',NULL,'2017-05-16 21:11:50'),(20248,184,'(574, 760)',NULL,'2017-05-16 21:11:50'),(20249,184,'(761, 918)',NULL,'2017-05-16 21:11:50'),(20250,184,'(919, 993)',NULL,'2017-05-16 21:11:50'),(20251,184,'(994, 1161)',NULL,'2017-05-16 21:11:50'),(20252,184,'(1162, 1279)',NULL,'2017-05-16 21:11:50'),(20253,184,'(1280, 1401)',NULL,'2017-05-16 21:11:50'),(20254,184,'(1402, 1531)',NULL,'2017-05-16 21:11:50'),(20255,184,'(1532, 1598)',NULL,'2017-05-16 21:11:50'),(20256,184,'(1599, 1708)',NULL,'2017-05-16 21:11:50'),(20257,184,'(1709, 1817)',NULL,'2017-05-16 21:11:50');
/*!40000 ALTER TABLE `clauses` ENABLE KEYS */;
UNLOCK TABLES;

--
-- Table structure for table `conflicts`
--

DROP TABLE IF EXISTS `conflicts`;
/*!40101 SET @saved_cs_client     = @@character_set_client */;
/*!40101 SET character_set_client = utf8 */;
CREATE TABLE `conflicts` (
  `conf_id` int(6) NOT NULL AUTO_INCREMENT,
  `con_id` int(6) NOT NULL,
  `clause_id_1` int(6) NOT NULL,
  `clause_id_2` int(6) NOT NULL,
  `generated` tinyint(1) DEFAULT '0',
  `added_by` int(6) NOT NULL,
  `reg_date` timestamp NOT NULL DEFAULT CURRENT_TIMESTAMP,
  PRIMARY KEY (`conf_id`),
  KEY `clause_id_1` (`clause_id_1`),
  KEY `clause_id_2` (`clause_id_2`),
  KEY `con_id` (`con_id`),
  KEY `added_by` (`added_by`),
  CONSTRAINT `conflicts_ibfk_1` FOREIGN KEY (`clause_id_1`) REFERENCES `clauses` (`clause_id`),
  CONSTRAINT `conflicts_ibfk_2` FOREIGN KEY (`clause_id_2`) REFERENCES `clauses` (`clause_id`),
  CONSTRAINT `conflicts_ibfk_3` FOREIGN KEY (`con_id`) REFERENCES `contracts` (`con_id`),
  CONSTRAINT `conflicts_ibfk_4` FOREIGN KEY (`added_by`) REFERENCES `auth_user` (`id`)
) ENGINE=InnoDB DEFAULT CHARSET=utf8;
/*!40101 SET character_set_client = @saved_cs_client */;

--
-- Dumping data for table `conflicts`
--

LOCK TABLES `conflicts` WRITE;
/*!40000 ALTER TABLE `conflicts` DISABLE KEYS */;
/*!40000 ALTER TABLE `conflicts` ENABLE KEYS */;
UNLOCK TABLES;

--
-- Table structure for table `contracts`
--

DROP TABLE IF EXISTS `contracts`;
/*!40101 SET @saved_cs_client     = @@character_set_client */;
/*!40101 SET character_set_client = utf8 */;
CREATE TABLE `contracts` (
  `con_id` int(6) NOT NULL AUTO_INCREMENT,
  `con_name` varchar(40) NOT NULL,
  `path_to_file` varchar(200) DEFAULT NULL,
  `added_by` int(11) NOT NULL,
  `test_only` tinyint(1) DEFAULT '0',
  `reg_date` timestamp NOT NULL DEFAULT CURRENT_TIMESTAMP,
  PRIMARY KEY (`con_id`),
  KEY `added_by` (`added_by`),
  CONSTRAINT `contracts_ibfk_1` FOREIGN KEY (`added_by`) REFERENCES `auth_user` (`id`)
) ENGINE=InnoDB AUTO_INCREMENT=185 DEFAULT CHARSET=utf8;
/*!40101 SET character_set_client = @saved_cs_client */;

--
-- Dumping data for table `contracts`
--

LOCK TABLES `contracts` WRITE;
/*!40000 ALTER TABLE `contracts` DISABLE KEYS */;
INSERT INTO `contracts` VALUES (59,'pripak.mfg.2003.10.16_tqOiiiP','/home/lsa/conconexp/media/pripak.mfg.2003.10.16_tqOiiiP.shtml',3,0,'2017-04-29 06:54:30'),(73,'hershey.mfg.1998.03.13','/home/lsa/conconexp/media/hershey.mfg.1998.03.13.shtml',3,0,'2017-04-30 18:09:56'),(75,'hershey.conflicts_aWiwlto','/home/lsa/conconexp/media/hershey.conflicts_aWiwlto.txt',3,0,'2017-04-30 18:22:08'),(86,'hershey.conflicts_rv4Tvxl','/home/lsa/conconexp/media/hershey.conflicts_rv4Tvxl.txt',3,0,'2017-05-01 02:24:25'),(110,'256','/home/lsa/conconexp/media/256.txt',12,0,'2017-05-04 00:55:05'),(111,'6','/home/lsa/conconexp/media/6.txt',12,0,'2017-05-04 00:55:42'),(140,'test_UiUlava','/home/lsa/conconexp/media/test_UiUlava.txt',14,0,'2017-05-05 17:48:55'),(141,'conflicted','/home/lsa/conconexp/media/conflicted.txt',14,0,'2017-05-05 17:51:43'),(145,'conflicted_BRx7TId','/home/lsa/conconexp/media/conflicted_BRx7TId.txt',14,0,'2017-05-09 18:13:31'),(146,'conflicted_8FID7xl','/home/lsa/conconexp/media/conflicted_8FID7xl.txt',14,0,'2017-05-09 18:13:56'),(147,'ibm.mfg.1999.04.15_17IDBUq','/home/lsa/conconexp/media/ibm.mfg.1999.04.15_17IDBUq.shtml',3,0,'2017-05-09 18:14:57'),(148,'ibm.mfg.1999.04.15_1nLg3lS','/home/lsa/conconexp/media/ibm.mfg.1999.04.15_1nLg3lS.shtml',3,0,'2017-05-09 18:15:11'),(149,'ibm.mfg.1999.04.15_pLYjnW7','/home/lsa/conconexp/media/ibm.mfg.1999.04.15_pLYjnW7.shtml',3,0,'2017-05-09 18:22:46'),(150,'ibm.mfg.1999.04.15_FFF28r7','/home/lsa/conconexp/media/ibm.mfg.1999.04.15_FFF28r7.shtml',3,0,'2017-05-09 18:22:57'),(156,'ibm.mfg.1999.04.15_aAwSCqd','/home/lsa/conconexp/media/ibm.mfg.1999.04.15_aAwSCqd.shtml',3,0,'2017-05-09 18:47:34'),(157,'conflicted_Cm6Zf5x','/home/lsa/conconexp/media/conflicted_Cm6Zf5x.txt',14,0,'2017-05-09 19:07:10'),(158,'conflicted_yRnvVyy','/home/lsa/conconexp/media/conflicted_yRnvVyy.txt',14,0,'2017-05-09 19:07:35'),(160,'sample-data','/home/lsa/conconexp/media/sample-data.txt',17,0,'2017-05-12 13:38:28'),(161,'sample-contractdata','/home/lsa/conconexp/media/sample-contractdata.txt',17,0,'2017-05-12 13:41:24'),(167,'sample-data','/home/lsa/conconexp/media/17/sample-data.txt',17,0,'2017-05-13 23:44:12'),(168,'sample-contractdata','/home/lsa/conconexp/media/17/sample-contractdata.txt',17,0,'2017-05-13 23:44:53'),(181,'foamtec.mfg.1998.01.30','/home/lsa/conconexp/media/1/foamtec.mfg.1998.01.30.txt',1,0,'2017-05-15 17:43:30'),(182,'ibm.mfg.1999.04.15','/home/lsa/conconexp/media/1/ibm.mfg.1999.04.15.txt',1,0,'2017-05-16 20:26:37'),(183,'roth-mfg-2006-11-26','/home/lsa/conconexp/media/1/roth-mfg-2006-11-26.txt',1,0,'2017-05-16 20:46:12'),(184,'new_norms_roth-mfg-2006-11-26','/home/lsa/conconexp/media/1/new_norms_roth-mfg-2006-11-26.txt',1,0,'2017-05-16 21:11:50');
/*!40000 ALTER TABLE `contracts` ENABLE KEYS */;
UNLOCK TABLES;

--
-- Table structure for table `django_admin_log`
--

DROP TABLE IF EXISTS `django_admin_log`;
/*!40101 SET @saved_cs_client     = @@character_set_client */;
/*!40101 SET character_set_client = utf8 */;
CREATE TABLE `django_admin_log` (
  `id` int(11) NOT NULL AUTO_INCREMENT,
  `action_time` datetime NOT NULL,
  `object_id` longtext,
  `object_repr` varchar(200) NOT NULL,
  `action_flag` smallint(5) unsigned NOT NULL,
  `change_message` longtext NOT NULL,
  `content_type_id` int(11) DEFAULT NULL,
  `user_id` int(11) NOT NULL,
  PRIMARY KEY (`id`),
  KEY `django_admin_log_content_type_id_c4bce8eb_fk_django_co` (`content_type_id`),
  KEY `django_admin_log_user_id_c564eba6_fk_auth_user_id` (`user_id`),
  CONSTRAINT `django_admin_log_content_type_id_c4bce8eb_fk_django_co` FOREIGN KEY (`content_type_id`) REFERENCES `django_content_type` (`id`),
  CONSTRAINT `django_admin_log_user_id_c564eba6_fk_auth_user_id` FOREIGN KEY (`user_id`) REFERENCES `auth_user` (`id`)
) ENGINE=InnoDB DEFAULT CHARSET=latin1;
/*!40101 SET character_set_client = @saved_cs_client */;

--
-- Dumping data for table `django_admin_log`
--

LOCK TABLES `django_admin_log` WRITE;
/*!40000 ALTER TABLE `django_admin_log` DISABLE KEYS */;
/*!40000 ALTER TABLE `django_admin_log` ENABLE KEYS */;
UNLOCK TABLES;

--
-- Table structure for table `django_content_type`
--

DROP TABLE IF EXISTS `django_content_type`;
/*!40101 SET @saved_cs_client     = @@character_set_client */;
/*!40101 SET character_set_client = utf8 */;
CREATE TABLE `django_content_type` (
  `id` int(11) NOT NULL AUTO_INCREMENT,
  `app_label` varchar(100) NOT NULL,
  `model` varchar(100) NOT NULL,
  PRIMARY KEY (`id`),
  UNIQUE KEY `django_content_type_app_label_model_76bd3d3b_uniq` (`app_label`,`model`)
) ENGINE=InnoDB AUTO_INCREMENT=23 DEFAULT CHARSET=latin1;
/*!40101 SET character_set_client = @saved_cs_client */;

--
-- Dumping data for table `django_content_type`
--

LOCK TABLES `django_content_type` WRITE;
/*!40000 ALTER TABLE `django_content_type` DISABLE KEYS */;
INSERT INTO `django_content_type` VALUES (1,'admin','logentry'),(2,'auth','group'),(3,'auth','permission'),(4,'auth','user'),(5,'contenttypes','contenttype'),(7,'home','authgroup'),(8,'home','authgrouppermissions'),(9,'home','authpermission'),(10,'home','authuser'),(11,'home','authusergroups'),(12,'home','authuseruserpermissions'),(13,'home','clauses'),(14,'home','conflicts'),(15,'home','contracts'),(16,'home','djangoadminlog'),(17,'home','djangocontenttype'),(18,'home','djangomigrations'),(19,'home','djangosession'),(20,'home','modalcorrections'),(21,'home','modality'),(6,'sessions','session'),(22,'sites','site');
/*!40000 ALTER TABLE `django_content_type` ENABLE KEYS */;
UNLOCK TABLES;

--
-- Table structure for table `django_migrations`
--

DROP TABLE IF EXISTS `django_migrations`;
/*!40101 SET @saved_cs_client     = @@character_set_client */;
/*!40101 SET character_set_client = utf8 */;
CREATE TABLE `django_migrations` (
  `id` int(11) NOT NULL AUTO_INCREMENT,
  `app` varchar(255) NOT NULL,
  `name` varchar(255) NOT NULL,
  `applied` datetime NOT NULL,
  PRIMARY KEY (`id`)
) ENGINE=InnoDB AUTO_INCREMENT=17 DEFAULT CHARSET=latin1;
/*!40101 SET character_set_client = @saved_cs_client */;

--
-- Dumping data for table `django_migrations`
--

LOCK TABLES `django_migrations` WRITE;
/*!40000 ALTER TABLE `django_migrations` DISABLE KEYS */;
INSERT INTO `django_migrations` VALUES (1,'contenttypes','0001_initial','2017-04-20 19:28:14'),(2,'auth','0001_initial','2017-04-20 19:28:16'),(3,'admin','0001_initial','2017-04-20 19:28:16'),(4,'admin','0002_logentry_remove_auto_add','2017-04-20 19:28:16'),(5,'contenttypes','0002_remove_content_type_name','2017-04-20 19:28:17'),(6,'auth','0002_alter_permission_name_max_length','2017-04-20 19:28:17'),(7,'auth','0003_alter_user_email_max_length','2017-04-20 19:28:17'),(8,'auth','0004_alter_user_username_opts','2017-04-20 19:28:17'),(9,'auth','0005_alter_user_last_login_null','2017-04-20 19:28:17'),(10,'auth','0006_require_contenttypes_0002','2017-04-20 19:28:17'),(11,'auth','0007_alter_validators_add_error_messages','2017-04-20 19:28:17'),(12,'auth','0008_alter_user_username_max_length','2017-04-20 19:28:18'),(13,'sessions','0001_initial','2017-04-20 19:28:18'),(14,'home','0001_initial','2017-04-24 12:00:20'),(15,'sites','0001_initial','2017-04-24 13:10:57'),(16,'sites','0002_alter_domain_unique','2017-04-24 13:10:58');
/*!40000 ALTER TABLE `django_migrations` ENABLE KEYS */;
UNLOCK TABLES;

--
-- Table structure for table `django_session`
--

DROP TABLE IF EXISTS `django_session`;
/*!40101 SET @saved_cs_client     = @@character_set_client */;
/*!40101 SET character_set_client = utf8 */;
CREATE TABLE `django_session` (
  `session_key` varchar(40) NOT NULL,
  `session_data` longtext NOT NULL,
  `expire_date` datetime NOT NULL,
  PRIMARY KEY (`session_key`),
  KEY `django_session_expire_date_a5c62663` (`expire_date`)
) ENGINE=InnoDB DEFAULT CHARSET=latin1;
/*!40101 SET character_set_client = @saved_cs_client */;

--
-- Dumping data for table `django_session`
--

LOCK TABLES `django_session` WRITE;
/*!40000 ALTER TABLE `django_session` DISABLE KEYS */;
INSERT INTO `django_session` VALUES ('0o2y7ybcll6lwgkwsds167ggdhzd8wdk','ODIxMzZjNjNhMThlMGIxOGVmZGI0OWZjMjlkMzQyN2ExM2VlZDY1MDp7Il9hdXRoX3VzZXJfaGFzaCI6Ijg1ZDZlN2QzYmExNDA5YTYwZTUyMTNiZDAzM2FiOWVmOTJkODFmNWYiLCJfYXV0aF91c2VyX2JhY2tlbmQiOiJkamFuZ28uY29udHJpYi5hdXRoLmJhY2tlbmRzLk1vZGVsQmFja2VuZCIsIl9hdXRoX3VzZXJfaWQiOiIxNCJ9','2017-05-19 17:48:40'),('0ww8t6xo0y8vnwrwzo0o75vi1ol4l1zq','MWNlMTZkMTFiMjU2YzkxZGZhYTUxYzk2MjNjMThjOWYxOThjMTYzZjp7Il9hdXRoX3VzZXJfaGFzaCI6IjhhMDk5ZGVlYjJlYzQ0YTYyNTQxN2VlYzY0ZDJmN2MxNjM3ODk5NDQiLCJfYXV0aF91c2VyX2JhY2tlbmQiOiJkamFuZ28uY29udHJpYi5hdXRoLmJhY2tlbmRzLk1vZGVsQmFja2VuZCIsIl9hdXRoX3VzZXJfaWQiOiIxNyJ9','2017-05-26 13:33:24'),('2fro9ybamv0oq1sr9jhpxebcqr196mjj','MGIyM2VkMDU3MTJlNjEzN2RiNDJiOTU4NzhhNWQ3MDM0YTNkZWU1NTp7Il9hdXRoX3VzZXJfaGFzaCI6IjRkZTQ2YTFiZjNmZDY1NWY3OGU3NWU0YmUxMDllNGU3ZjJiZmJmNTQiLCJfYXV0aF91c2VyX2JhY2tlbmQiOiJkamFuZ28uY29udHJpYi5hdXRoLmJhY2tlbmRzLk1vZGVsQmFja2VuZCIsIl9hdXRoX3VzZXJfaWQiOiI5In0=','2017-05-16 13:05:53'),('2n4ibero6kebtannro5wtzlbzs97xsz2','NTBjMjc5MmVlZTA5YWQ4NTY1OWQ1NDJmY2U2NGZhYjE0OWI0NzI0Nzp7Il9hdXRoX3VzZXJfaGFzaCI6IjZmOGE5NTRmMGEyNDM0NGNhNjdlNTljYzQwZmYzMjY0ZThkYzk1NTgiLCJfYXV0aF91c2VyX2JhY2tlbmQiOiJkamFuZ28uY29udHJpYi5hdXRoLmJhY2tlbmRzLk1vZGVsQmFja2VuZCIsIl9hdXRoX3VzZXJfaWQiOiI3In0=','2017-05-16 13:02:56'),('34g3fjtmh2rwgjsnlf10rgd8y9g00mgi','NzJiNmY3YjEyODVjNTI3ODU5Nzg4YmMzNzM4YzI5ODQ0YzhhZGQzMTp7Il9hdXRoX3VzZXJfaGFzaCI6IjVkMWI4Nzc4NmUzYTljMDY4YzRiZDM5NmJjNTk4NjUzYTU3MjgwODAiLCJfYXV0aF91c2VyX2JhY2tlbmQiOiJkamFuZ28uY29udHJpYi5hdXRoLmJhY2tlbmRzLk1vZGVsQmFja2VuZCIsIl9hdXRoX3VzZXJfaWQiOiIzIn0=','2017-05-15 02:21:37'),('4r9rqy3xkedo3cv3k7tvw0aj5z4la9f9','NTFkYzQxMzQwNGRkZTA1ZGZmYmZjYzM1YTZkNWRhNmZjOGIyYWQ3ZTp7Il9hdXRoX3VzZXJfaGFzaCI6IjE5N2ZjNWU4YWM5NDM0ZTc4NjU0ZjUxY2M4N2QxNDlhNWE1Nzg2MjMiLCJfYXV0aF91c2VyX2JhY2tlbmQiOiJkamFuZ28uY29udHJpYi5hdXRoLmJhY2tlbmRzLk1vZGVsQmFja2VuZCIsIl9hdXRoX3VzZXJfaWQiOiIxMCJ9','2017-05-16 14:42:30'),('5hftor78ek9ylrm3ge153r1f0y0ibfyt','YzIyYjIzMmVkYzQ4YmUzZjlkMWJjM2JiOTY1N2M3NDdhYTM3ZDgxYzp7Il9hdXRoX3VzZXJfaGFzaCI6IjJhNmYxZDdlNzlhNWJjZjBjMjQ1ZWUwOTQ0ZDFkNzZkZWE5MjNlNTYiLCJfYXV0aF91c2VyX2JhY2tlbmQiOiJkamFuZ28uY29udHJpYi5hdXRoLmJhY2tlbmRzLk1vZGVsQmFja2VuZCIsIl9hdXRoX3VzZXJfaWQiOiIxMiJ9','2017-05-18 00:53:53'),('8lggglaiuctnmkceh12jbo94nl27qqr3','YTE3Yzc0Njk1NjQzNjU3NTk3ZWM3ZTE0MDc2MzljYmFmZDkxZWVlMzp7fQ==','2017-05-08 21:50:08'),('fgvoc2a0xatoqj34itl15x1nmukxy1n4','MzBjZDUwNDkzZjBkZWYwOGJlMGI0YjYwYTA3YjFhZjNmOGMwN2YxYzp7Il9hdXRoX3VzZXJfaGFzaCI6IjljNDA0M2FjZjI1YjQ2Y2NkYzUwMjEyNmE2NjdlMmEyOTRmZGQ3NWIiLCJfYXV0aF91c2VyX2JhY2tlbmQiOiJkamFuZ28uY29udHJpYi5hdXRoLmJhY2tlbmRzLk1vZGVsQmFja2VuZCIsIl9hdXRoX3VzZXJfaWQiOiIxNSJ9','2017-05-22 13:47:07'),('hecmvsd9y5hkatkf8yo18pqqpar8nbil','NDJmMTJiYjhmYzk4ODZlZjY2N2VjY2MxNWEzZjczNDUyYTliZDI2YTp7Il9hdXRoX3VzZXJfaGFzaCI6IjFhYWI1Njg2ZjgxZGNjZWUwMDJjYzUyYjhiZGRiZmZiZWQxOWY1MWEiLCJfYXV0aF91c2VyX2JhY2tlbmQiOiJkamFuZ28uY29udHJpYi5hdXRoLmJhY2tlbmRzLk1vZGVsQmFja2VuZCIsIl9hdXRoX3VzZXJfaWQiOiIxMyJ9','2017-05-19 17:42:03'),('jl6r3houf3smh4rmeow46r7uli2osabx','NzQ2NjQ4NzUwZjY4NTFhY2Y0YjQ1YWZkZjk2YzYzNmYwZTM1NzUwYzp7fQ==','2017-05-13 03:56:47'),('jxfnrqoexhn4bnkmlu5dwb3k62ab0nve','MDNlYTIxYTVhMTUwNWZiYzVhZTkzNTQxNWQ0YmVjNDdkMjc3NjZjZjp7Il9hdXRoX3VzZXJfaGFzaCI6IjYwM2YyMmRlOWJmNjNmY2E4ZTgxNjg2M2MzODcyOTYxYTAyM2ZkMzciLCJfYXV0aF91c2VyX2JhY2tlbmQiOiJkamFuZ28uY29udHJpYi5hdXRoLmJhY2tlbmRzLk1vZGVsQmFja2VuZCIsIl9hdXRoX3VzZXJfaWQiOiI4In0=','2017-05-16 13:04:45'),('nqxtcj4zfbinr2ggobsz556d2bd31c7d','ZDg3YTJmODNlMDdkYTlhNmE2NDQ1OTdlNmViNThjY2Y5YjA1YjgxZjp7Il9hdXRoX3VzZXJfaGFzaCI6ImExNDlmMzkyYjgyNmJhMjg4YzhjMGJhZWY4MmNiNTZmYzI3M2MxNzEiLCJfYXV0aF91c2VyX2JhY2tlbmQiOiJkamFuZ28uY29udHJpYi5hdXRoLmJhY2tlbmRzLk1vZGVsQmFja2VuZCIsIl9hdXRoX3VzZXJfaWQiOiI2In0=','2017-05-13 20:18:41'),('nuf5e6d2y0aiceo6s2rb1y2huuw1cz3w','ZWJkMTNjZDU4M2VlOTY3NjE0YzExMGQ2ZTZkYjk5YmEwY2Y0NDgyNjp7Il9hdXRoX3VzZXJfaGFzaCI6ImE0ZjI3Y2VhZDE0NDkwODc3NWI5OGUzMmE1NzZhNjUzZGRkNjI4YjUiLCJfYXV0aF91c2VyX2JhY2tlbmQiOiJkamFuZ28uY29udHJpYi5hdXRoLmJhY2tlbmRzLk1vZGVsQmFja2VuZCIsIl9hdXRoX3VzZXJfaWQiOiIxIn0=','2017-05-23 18:34:14'),('oygqdlosfroyjzu3gvdbc1mifaxhubbg','MGYwNmY1ZjdlYzJhZjM2NjdiNTAyNjVkN2U2OGMxNGFmZTU3NmRkMzp7Il9hdXRoX3VzZXJfaGFzaCI6Ijg0ZmU2OTlmYjcyNzllYjE2NzQ4YzAzMjA1NDVhYjBkODE2ODg1MzciLCJfYXV0aF91c2VyX2JhY2tlbmQiOiJkamFuZ28uY29udHJpYi5hdXRoLmJhY2tlbmRzLk1vZGVsQmFja2VuZCIsIl9hdXRoX3VzZXJfaWQiOiIyIn0=','2017-05-11 17:48:53'),('p8ieasem51zowoudbn6a5amu0d0torl6','ZWJkMTNjZDU4M2VlOTY3NjE0YzExMGQ2ZTZkYjk5YmEwY2Y0NDgyNjp7Il9hdXRoX3VzZXJfaGFzaCI6ImE0ZjI3Y2VhZDE0NDkwODc3NWI5OGUzMmE1NzZhNjUzZGRkNjI4YjUiLCJfYXV0aF91c2VyX2JhY2tlbmQiOiJkamFuZ28uY29udHJpYi5hdXRoLmJhY2tlbmRzLk1vZGVsQmFja2VuZCIsIl9hdXRoX3VzZXJfaWQiOiIxIn0=','2017-05-25 17:28:09'),('sscaes01avbkb89sgm5h787bzk5aozcl','ZWJkMTNjZDU4M2VlOTY3NjE0YzExMGQ2ZTZkYjk5YmEwY2Y0NDgyNjp7Il9hdXRoX3VzZXJfaGFzaCI6ImE0ZjI3Y2VhZDE0NDkwODc3NWI5OGUzMmE1NzZhNjUzZGRkNjI4YjUiLCJfYXV0aF91c2VyX2JhY2tlbmQiOiJkamFuZ28uY29udHJpYi5hdXRoLmJhY2tlbmRzLk1vZGVsQmFja2VuZCIsIl9hdXRoX3VzZXJfaWQiOiIxIn0=','2017-05-28 23:50:24'),('x88bq9lgfqcp1th78h7hyx7gi4webt2b','MjdjM2JlOTk1MTU0NjMyYmI1OTc3MTEwOTI3ZjVkYjE2N2UwODE5ZDp7Il9hdXRoX3VzZXJfaGFzaCI6Ijg0YTRkZDY0OGM5N2U0MWNmMzhjODgwN2NhMTczZTNhNjM4YTllZWMiLCJfYXV0aF91c2VyX2JhY2tlbmQiOiJkamFuZ28uY29udHJpYi5hdXRoLmJhY2tlbmRzLk1vZGVsQmFja2VuZCIsIl9hdXRoX3VzZXJfaWQiOiIxNiJ9','2017-05-23 18:29:23'),('y8z6ppcmeb4csqrlm97x8oniorfdkjs3','MGYwNmY1ZjdlYzJhZjM2NjdiNTAyNjVkN2U2OGMxNGFmZTU3NmRkMzp7Il9hdXRoX3VzZXJfaGFzaCI6Ijg0ZmU2OTlmYjcyNzllYjE2NzQ4YzAzMjA1NDVhYjBkODE2ODg1MzciLCJfYXV0aF91c2VyX2JhY2tlbmQiOiJkamFuZ28uY29udHJpYi5hdXRoLmJhY2tlbmRzLk1vZGVsQmFja2VuZCIsIl9hdXRoX3VzZXJfaWQiOiIyIn0=','2017-05-10 23:20:31');
/*!40000 ALTER TABLE `django_session` ENABLE KEYS */;
UNLOCK TABLES;

--
-- Table structure for table `django_site`
--

DROP TABLE IF EXISTS `django_site`;
/*!40101 SET @saved_cs_client     = @@character_set_client */;
/*!40101 SET character_set_client = utf8 */;
CREATE TABLE `django_site` (
  `id` int(11) NOT NULL AUTO_INCREMENT,
  `domain` varchar(100) COLLATE utf8mb4_unicode_ci NOT NULL,
  `name` varchar(50) COLLATE utf8mb4_unicode_ci NOT NULL,
  PRIMARY KEY (`id`),
  UNIQUE KEY `django_site_domain_a2e37b91_uniq` (`domain`)
) ENGINE=InnoDB AUTO_INCREMENT=2 DEFAULT CHARSET=utf8mb4 COLLATE=utf8mb4_unicode_ci;
/*!40101 SET character_set_client = @saved_cs_client */;

--
-- Dumping data for table `django_site`
--

LOCK TABLES `django_site` WRITE;
/*!40000 ALTER TABLE `django_site` DISABLE KEYS */;
INSERT INTO `django_site` VALUES (1,'example.com','example.com');
/*!40000 ALTER TABLE `django_site` ENABLE KEYS */;
UNLOCK TABLES;

--
-- Table structure for table `modal_corrections`
--

DROP TABLE IF EXISTS `modal_corrections`;
/*!40101 SET @saved_cs_client     = @@character_set_client */;
/*!40101 SET character_set_client = utf8 */;
CREATE TABLE `modal_corrections` (
  `id_modal` int(6) NOT NULL,
  `id_clause` int(6) NOT NULL,
  `id_user` int(6) NOT NULL,
  `id_modality` smallint(3) NOT NULL,
  `reg_date` timestamp NOT NULL DEFAULT CURRENT_TIMESTAMP,
  PRIMARY KEY (`id_modal`),
  KEY `id_clause` (`id_clause`),
  KEY `id_user` (`id_user`),
  KEY `id_modality` (`id_modality`),
  CONSTRAINT `modal_corrections_ibfk_1` FOREIGN KEY (`id_clause`) REFERENCES `clauses` (`clause_id`),
  CONSTRAINT `modal_corrections_ibfk_2` FOREIGN KEY (`id_user`) REFERENCES `auth_user` (`id`),
  CONSTRAINT `modal_corrections_ibfk_3` FOREIGN KEY (`id_modality`) REFERENCES `modality` (`modal_id`)
) ENGINE=InnoDB DEFAULT CHARSET=utf8;
/*!40101 SET character_set_client = @saved_cs_client */;

--
-- Dumping data for table `modal_corrections`
--

LOCK TABLES `modal_corrections` WRITE;
/*!40000 ALTER TABLE `modal_corrections` DISABLE KEYS */;
/*!40000 ALTER TABLE `modal_corrections` ENABLE KEYS */;
UNLOCK TABLES;

--
-- Table structure for table `modality`
--

DROP TABLE IF EXISTS `modality`;
/*!40101 SET @saved_cs_client     = @@character_set_client */;
/*!40101 SET character_set_client = utf8 */;
CREATE TABLE `modality` (
  `modal_id` smallint(3) NOT NULL AUTO_INCREMENT,
  `modality` varchar(12) NOT NULL,
  PRIMARY KEY (`modal_id`)
) ENGINE=InnoDB AUTO_INCREMENT=4 DEFAULT CHARSET=utf8;
/*!40101 SET character_set_client = @saved_cs_client */;

--
-- Dumping data for table `modality`
--

LOCK TABLES `modality` WRITE;
/*!40000 ALTER TABLE `modality` DISABLE KEYS */;
INSERT INTO `modality` VALUES (1,'permission'),(2,'prohibition'),(3,'obligation');
/*!40000 ALTER TABLE `modality` ENABLE KEYS */;
UNLOCK TABLES;
/*!40103 SET TIME_ZONE=@OLD_TIME_ZONE */;

/*!40101 SET SQL_MODE=@OLD_SQL_MODE */;
/*!40014 SET FOREIGN_KEY_CHECKS=@OLD_FOREIGN_KEY_CHECKS */;
/*!40014 SET UNIQUE_CHECKS=@OLD_UNIQUE_CHECKS */;
/*!40101 SET CHARACTER_SET_CLIENT=@OLD_CHARACTER_SET_CLIENT */;
/*!40101 SET CHARACTER_SET_RESULTS=@OLD_CHARACTER_SET_RESULTS */;
/*!40101 SET COLLATION_CONNECTION=@OLD_COLLATION_CONNECTION */;
/*!40111 SET SQL_NOTES=@OLD_SQL_NOTES */;

-- Dump completed on 2017-05-16 20:34:39
